INSERT INTO providers (id, name, adress, phone, contract_name, status, created_at, updated_at)
VALUES 
('1','Okuneva Inc','1764 Athena Mills\nGiuseppeberg, PA 51087-8600','1-646-298-8518x758','Perferendis architecto dolore quibusdam dolorum molestiae consequatur.','company','2014-03-27 14:41:59','1989-07-11 20:53:43'),
('2','Bergstrom-Stanton','742 Waters Common Apt. 444\nWardview, NC 34544','1-879-894-3341x37026','Sed similique omnis consequatur earum qui.','company','1979-01-19 13:44:04','2000-03-15 08:43:13'),
('3','Russel Group','8826 Paxton Mountain Suite 120\nJettmouth, NE 96479-1476','+97(8)0990671072','Rem doloremque vero distinctio tenetur nostrum unde.','company','1987-07-26 20:53:31','2013-04-26 01:44:53'),
('4','Schneider-Oberbrunner','867 Karianne Run\nAdolphhaven, MO 13890','474.690.4630','Quia sint ipsum nostrum facilis.','company','2019-12-26 17:56:15','1987-07-30 04:30:24'),
('5','Schamberger Inc','96698 Ona Canyon Suite 873\nErnieport, PA 52142-2859','+77(5)1639422415','Et rem doloribus neque amet.','company','1987-02-28 19:50:12','1976-01-07 11:08:05'),
('6','Schmidt, Hartmann and Casper','019 Tiffany Corners Suite 081\nPfannerstillfurt, NC 47980','976.421.2095','Accusamus eaque voluptatem provident.','company','2001-09-29 07:08:49','2010-11-01 13:59:33'),
('7','Cremin-Balistreri','932 Crooks Walk\nWest Haleyhaven, NE 87674-8827','(331)085-1343x14252','Voluptas labore quis omnis sit ea.','company','1987-06-04 15:10:47','1996-12-27 06:04:42'),
('8','Heidenreich-Stoltenberg','5897 Kirk Trace\nGarnettville, ID 25860','02871056499','Magnam minima est a doloremque est.','company', '1971-10-24 01:36:20','1992-03-29 01:26:40'),
('9','Rippin Ltd','75697 Whitney Inlet\nMetztown, ND 05865','+09(2)8976984352','Dignissimos veritatis non qui impedit.','person', '2018-03-28 14:41:17','1996-03-15 09:23:53'),
('10','Ondricka Group','42451 Lisandro Radial Apt. 383\nEast Leopoldland, VA 52664-1566','+38(8)1315902953','Praesentium iusto error aperiam perspiciatis.','person','1977-08-21 03:24:37','1996-04-20 21:15:11');

select * from providers;
update providers SET updated_at = created_at WHERE updated_at < created_at;


INSERT into marks
  (name)
values 
('Audi'),
('Chevrolet'),
('Citroen'),
('Daewoo'),
('Fiat'),
('Ford'),
('Honda'),
('Hyundai'),
('Kia'),
('LADA'),
('Mazda'),
('Mercedes-Benz'),
('Mitsubishi'),
('Nissan'),
('Opel'),
('Peugeot'),
('Renault'),
('Skoda'),
('Toyota'),
('Volkswagen');

select * from marks;

INSERT into models
  (name, mark_id)
values 
('A3', '1'),
('A4', '1'),
('A5', '1'),
('A6', '1'),
('A8', '1'),
('Camaro', '2'),
('Aveo', '2'),
('Captiva', '2'),
('Cruze', '2'),
('Lacetti', '2'),
('C2', '3'),
('C3', '3'),
('C4', '3'),
('C5', '3'),
('C6', '3'),
('Lanos', '4'),
('Nexia', '4'),
('Leganza', '4'),
('Espero', '4'),
('Rezzo', '4'),
('Bravo', '5'),
('Croma', '5'),
('Fiorino', '5'),
('Idea', '5'),
('Linea', '5'),
('Focus', '6'),
('Fusion', '6'),
('Kuga', '6'),
('Mondeo', '6'),
('Taurus', '6'),
('Accord', '7'),
('Civic', '7'),
('Insight', '7'),
('Odyssey', '7'),
('Legend', '7'),
('Creta', '8'),
('Elantra', '8'),
('Santa Fe', '8'),
('Solaris', '8'),
('Sonata', '8'),
('Ceed', '9'),
('Cerato', '9'),
('Picanto', '9'),
('Rio', '9'),
('Sportage', '9'),
('Granta', '10'),
('Largus', '10'),
('Vesta', '10'),
('XRAY', '10'),
('Priora', '10'),
('Mazda5', '11'),
('Mazda6', '11'),
('CX-3', '11'),
('CX-5', '11'),
('CX-7', '11'),
('E-класс', '12'),
('CL-класс', '12'),
('CLA-класс', '12'),
('CLC-класс', '12'),
('CLS-класс', '12'),
('Lancer', '13'),
('Outlander', '13'),
('Pajero', '13'),
('Pajero Sport', '13'),
('Galant', '13'),
('Almera', '14'),
('Murano', '14'),
('Pathfinder', '14'),
('Qashqai', '14'),
('X-Trail', '14'),
('Astra', '15'),
('Insignia', '15'),
('Corsa', '15'),
('Mokka', '15'),
('Vectra', '15'),
('Zafira', '15'),
('207', '16'),
('208', '16'),
('307', '16'),
('308', '16'),
('407', '16'),
('Captur', '17'),
('Duster', '17'),
('Koleos', '17'),
('Arkana', '17'),
('Sandero', '17'),
('Fabia', '18'),
('Rapid', '18'),
('Karoq', '18'),
('Yeti', '18'),
('Roomster', '18'),
('Avensis', '19'),
('Camry', '19'),
('Corolla', '19'),
('Land Cruiser', '19'),
('RAV4', '19'),
('Golf', '20'),
('Passat', '20'),
('Polo', '20'),
('Tiguan', '20'),
('Touareg', '20');



select * from models;

INSERT INTO cars (id, model_id, manager_id, client_id, type_status, price, year_car, volue, color, power_car, mileage, created_at, updated_at)
VALUES ('1','7','3','0','','540.96','1972','8','black','6','75407','1999-07-29 13:52:06','1984-04-30 13:31:41'),
('2','5','8','8','','8.70','1988','8','blue','8','66','1984-08-15 06:38:50','1975-08-12 11:55:24'),
('3','0','4','5','','0.29','1994','5','white','6','1706301','1979-09-15 19:12:30','1985-09-11 18:24:08'),
('4','1','1','3','','27132314.20','1977','3','maroon','8','0','1974-05-02 21:29:43','1994-04-10 10:47:27'),
('5','2','2','0','','81871.56','1979','4','teal','9','16777215','1996-02-27 10:58:31','1984-01-06 13:42:43'),
('6','0','2','1','','2344.64','2013','0','yellow','4','437','1993-05-01 01:24:38','1986-04-02 16:21:48'),
('7','9','0','8','','1.87','1992','3','aqua','8','708','2010-04-07 10:30:03','2002-10-31 09:53:25'),
('8','6','6','9','','680551.64','2002','2','white','1','13373','1992-10-20 11:57:40','1984-07-26 11:12:07'),
('9','9','2','7','','28815705.54','2002','4','silver','2','5026','2008-10-29 05:25:55','2010-04-25 16:44:26'),
('10','5','8','6','','0.00','1974','2','teal','5','582','1971-05-18 11:06:21','1997-03-14 09:52:31'),
('11','3','7','6','','6632266.62','2001','5','maroon','2','16777215','1978-01-05 14:51:35','2018-05-22 13:31:57'),
('12','0','5','4','','526.48','1978','5','lime','2','0','1984-05-12 07:27:23','2013-11-26 07:22:30'),
('13','3','6','4','','11776165.59','2004','3','purple','4','16777215','1998-02-16 10:43:35','2000-09-27 12:56:51'),
('14','5','1','3','','36.00','1981','9','black','7','681','1989-06-26 11:08:12','1987-11-13 08:50:50'),
('15','3','5','5','','1.00','1991','8','purple','7','16777215','2016-04-07 13:07:57','2019-06-01 19:00:17'),
('16','6','5','5','','3.96','1972','3','aqua','1','3708','1995-05-04 11:45:14','2011-04-21 18:30:09'),
('17','0','4','4','','24374.09','2008','1','aqua','7','16777215','1996-12-29 08:22:46','1990-02-19 02:49:46'),
('18','6','8','4','','68035.28','2014','5','purple','1','832','1983-10-07 08:02:51','1992-12-24 03:27:53'),
('19','2','9','3','','99999999.99','2004','4','teal','2','1','2017-09-26 12:17:03','2000-02-25 20:46:46'),
('20','0','1','0','','21088228.83','1985','3','lime','8','16','2010-09-05 10:14:25','1978-04-10 18:41:22'),
('21','7','7','2','','5574563.62','2009','0','gray','3','7964','1997-08-23 07:56:50','2010-05-21 02:35:31'),
('22','7','2','9','','0.80','1991','5','silver','5','1','2010-07-14 06:29:03','1978-09-09 01:45:57'),
('23','9','1','3','','0.91','2007','3','black','4','2','2017-02-04 12:25:05','2001-12-22 23:12:31'),
('24','1','4','1','','436.52','2009','4','gray','9','931','1985-07-26 19:18:15','2013-06-02 16:38:47'),
('25','9','9','6','','17.50','1992','3','olive','5','461328','1998-07-19 12:51:22','2010-05-20 18:03:02'),
('26','6','2','5','','32805568.00','2014','6','gray','3','16777215','1975-03-18 10:43:46','2012-01-18 12:42:25'),
('27','8','8','6','','22.79','1979','6','gray','9','9456176','1970-08-03 19:43:51','2001-03-04 13:12:24'),
('28','3','2','1','','5437545.52','2013','5','yellow','9','0','1990-10-07 17:13:59','1982-05-28 15:18:54'),
('29','0','4','5','','15057150.60','2012','0','navy','6','1','1970-06-20 22:12:14','1978-02-02 03:50:59'),
('30','6','4','2','','14.47','1972','5','yellow','8','434678','2011-08-22 20:25:48','1972-06-04 04:38:26'),
('31','2','6','4','','99999999.99','1999','7','lime','5','85015','1998-11-13 17:17:06','1996-09-23 02:57:09'),
('32','7','4','7','','7.76','1987','9','yellow','1','9130','2013-01-21 17:16:25','1973-06-07 10:46:10'),
('33','6','0','4','','22.87','1991','4','teal','1','0','1994-02-25 16:33:18','1990-09-17 23:27:31'),
('34','2','4','9','','39504940.68','2007','2','silver','4','16777215','1993-02-10 13:32:00','2012-07-20 07:13:17'),
('35','4','4','1','','12.29','2000','2','maroon','9','0','1983-12-13 11:05:29','2001-02-05 23:32:00'),
('36','8','0','5','','0.00','1980','1','silver','4','438','2007-10-03 14:58:06','1993-02-02 21:46:07'),
('37','4','2','9','','229.71','1991','2','aqua','2','16777215','2004-03-13 01:15:43','1973-07-18 04:52:34'),
('38','6','8','7','','6937.00','1991','4','yellow','3','7172472','1983-09-19 11:31:16','1987-01-18 14:22:16'),
('39','4','2','9','','99999999.99','1970','7','white','2','3545','1987-09-01 11:02:03','2006-02-02 15:28:12'),
('40','4','3','6','','99999999.99','2004','2','blue','7','13','1998-03-25 18:19:38','2008-10-07 01:06:11'),
('41','0','3','3','','0.00','2005','7','green','6','7','1997-10-08 23:46:04','2009-03-11 04:28:22'),
('42','2','2','4','','99999999.99','2004','5','olive','9','267513','1982-07-23 15:40:56','1995-07-11 05:40:04'),
('43','2','3','9','','22682.20','1973','7','teal','2','4','1977-01-06 14:09:25','1976-04-17 05:00:45'),
('44','7','7','6','','2.23','2008','9','black','3','447','2010-01-08 09:59:24','2018-08-17 23:55:16'),
('45','1','1','2','','357825.40','2016','2','teal','3','0','1996-12-24 05:58:32','2008-06-18 13:26:37'),
('46','7','9','3','','13826784.13','2014','9','green','9','16777215','1991-12-14 23:47:05','2016-06-21 11:51:35'),
('47','6','4','9','','2.00','2005','4','aqua','9','51502','1994-02-12 13:16:01','2017-10-11 10:12:01'),
('48','9','4','0','','19945.21','2015','9','lime','7','85','2017-08-31 02:25:59','1975-05-31 15:22:30'),
('49','3','5','8','','1.23','1983','4','fuchsia','3','2','1991-10-26 19:06:36','2004-08-28 12:57:55'),
('50','2','4','9','','4331.23','1976','3','gray','2','0','2006-05-12 06:08:26','1994-05-23 23:19:05'),
('51','5','1','0','','0.00','2005','5','silver','6','16777215','2004-01-01 05:15:06','2020-01-14 01:45:20'),
('52','0','6','5','','234866.41','1977','8','blue','9','16777215','1972-12-12 15:20:35','1983-11-05 21:46:09'),
('53','7','4','2','','4853146.60','1981','7','blue','1','16777215','1983-05-14 00:42:24','2006-02-18 11:20:20'),
('54','3','0','1','','425.47','1991','3','blue','2','16777215','1990-08-05 15:04:21','2019-10-22 04:26:11'),
('55','0','2','4','','33685.00','2008','9','maroon','6','16777215','2019-11-18 07:33:07','2008-01-01 04:06:56'),
('56','8','6','9','','49.19','1989','0','white','7','0','2010-08-28 01:20:44','1978-11-10 16:26:44'),
('57','0','3','0','','4.22','1997','7','aqua','2','15','1980-12-09 20:29:04','2012-10-25 03:46:31'),
('58','9','9','9','','88.16','2019','1','aqua','5','44','1981-05-07 10:42:14','2012-11-03 23:02:00'),
('59','0','7','2','','659.80','2001','2','black','9','6','1980-09-19 21:25:07','2018-08-04 22:31:46'),
('60','0','2','6','','0.00','1971','9','gray','8','16777215','1991-12-18 03:46:44','2008-05-21 02:23:34'),
('61','6','6','8','','381290.00','2019','7','lime','8','0','2018-01-13 00:12:33','1999-07-23 03:20:29'),
('62','5','8','6','','11097.68','2000','6','green','2','0','1982-07-21 08:38:06','1997-08-23 06:12:45'),
('63','2','4','7','','0.02','1997','3','white','2','68138','1993-10-17 08:47:43','1983-03-24 16:02:25'),
('64','6','9','6','','137453.19','1997','2','gray','3','2','2017-01-23 14:11:19','1989-06-13 19:21:09'),
('65','4','2','9','','8034985.72','1989','8','teal','9','35','2003-04-12 09:33:43','1979-04-05 04:49:35'),
('66','7','7','6','','21224.51','1988','9','blue','7','16777215','1998-10-05 18:50:06','1997-10-01 17:56:16'),
('67','9','0','9','','1903.20','1998','7','yellow','7','720','1999-05-24 11:13:00','2005-10-24 02:43:48'),
('68','8','4','5','','9345.70','2007','2','lime','2','88310','2016-07-09 00:47:57','1980-11-24 00:40:28'),
('69','2','8','6','','35227.70','2005','0','olive','1','0','1974-04-30 11:00:16','1998-02-18 05:08:08'),
('70','4','5','4','','5760172.71','2008','8','lime','8','1803807','2016-02-09 08:50:05','1989-06-13 12:20:33'),
('71','3','2','4','','99999999.99','1999','0','purple','9','26225','1983-05-30 18:39:37','2002-09-06 18:44:12'),
('72','4','2','3','','9102379.31','2017','8','purple','6','16777215','1980-12-12 10:57:33','2012-11-19 14:39:24'),
('73','6','1','4','','322188.95','1977','6','maroon','5','3534','2008-07-15 05:26:57','2014-12-02 23:17:51'),
('74','0','6','5','','46448235.33','2003','2','silver','4','16777215','1978-05-07 17:51:01','2012-02-17 15:54:44'),
('75','1','5','1','','13157.70','1982','0','black','2','1147245','1971-03-21 19:50:48','1971-01-28 00:12:02'),
('76','9','4','0','','32.53','2000','8','maroon','8','1','2006-03-26 11:54:20','2007-08-21 19:14:15'),
('77','7','6','7','','0.00','1972','1','blue','7','1237291','2007-12-01 17:50:53','1976-03-03 11:09:51'),
('78','7','1','0','','25104.13','1972','5','silver','8','384','1995-03-04 07:43:18','1989-10-21 19:17:45'),
('79','9','2','9','','708.00','2003','8','gray','9','110','2006-10-29 08:13:29','1983-05-09 07:48:16'),
('80','3','7','1','','491.22','1986','4','black','9','843217','1972-06-03 08:05:06','2001-06-06 16:08:23'),
('81','1','2','7','','23683.34','1981','4','yellow','6','2','1993-11-22 17:49:22','1989-10-21 00:53:51'),
('82','8','7','5','','5360035.82','1996','0','white','3','4269737','1980-05-07 17:01:29','1980-03-24 15:59:21'),
('83','6','6','8','','700706.92','2008','9','yellow','7','635','2009-10-25 08:57:51','1990-05-10 01:32:39'),
('84','1','7','6','','22281041.00','1993','4','green','3','16777215','2011-12-29 11:20:17','2010-11-12 01:20:53'),
('85','0','0','6','','226921.90','2015','3','aqua','8','1145','1974-11-12 17:24:29','2007-07-23 07:29:25'),
('86','5','3','0','','5909.28','1975','1','yellow','8','4178','1992-12-29 17:55:22','2006-03-06 06:37:37'),
('87','2','2','6','','104654.20','1986','3','purple','5','0','2000-06-20 01:46:39','1979-11-08 01:04:46'),
('88','5','4','9','','0.00','2019','3','navy','6','165','2015-05-14 09:17:18','2002-01-10 17:11:23'),
('89','6','8','7','','357.75','1999','7','aqua','2','0','2007-09-03 14:53:36','1973-04-30 04:42:18'),
('90','0','2','7','','536798.95','1999','4','gray','3','16777215','1993-12-19 10:01:23','2004-08-02 13:21:18'),
('91','1','1','9','','3.00','2007','4','silver','1','6202945','1993-09-05 01:13:06','1990-03-03 15:51:50'),
('92','6','7','0','','1591644.47','1981','1','yellow','4','0','2003-05-08 18:23:40','1970-01-25 22:30:24'),
('93','2','4','0','','65668.54','2013','7','olive','5','8','2006-05-11 22:24:13','1972-01-23 19:25:17'),
('94','1','2','6','','99999999.99','1997','3','silver','1','8184','1992-08-17 03:34:32','1977-04-21 21:54:08'),
('95','0','3','7','','454.43','2015','7','fuchsia','4','5252277','1983-09-17 14:13:24','2001-12-08 23:57:18'),
('96','0','5','8','','8309.90','2003','7','blue','7','8240333','1990-05-16 18:25:52','2017-07-26 23:40:01'),
('97','6','2','9','','99999999.99','1998','0','gray','2','976','2001-08-18 14:29:33','1976-05-15 19:10:50'),
('98','0','4','6','','1006692.99','1971','2','aqua','8','0','2001-07-21 00:12:17','2017-09-30 01:10:53'),
('99','9','4','5','','42450.43','1994','9','silver','7','6234007','1977-12-12 21:19:59','1971-07-17 08:42:23'),
('100','5','7','5','','8126.00','1989','9','silver','7','16777215','2005-01-27 21:55:42','1992-02-04 06:53:06'),
('101','1','6','9','','335.11','1978','7','lime','6','53729','1996-08-14 20:07:59','1971-04-03 18:10:04'),
('102','1','1','8','','1122.00','2013','8','lime','7','4538917','1990-03-31 01:28:01','1997-07-06 07:34:04'),
('103','0','4','0','','1.35','1990','9','black','5','2113','2006-04-29 10:15:49','2014-12-21 16:01:20'),
('104','5','5','6','','0.30','2006','9','yellow','1','16777215','1988-12-13 10:33:52','2007-12-15 01:00:59'),
('105','9','9','5','','729.31','1995','1','white','4','7965981','1991-12-12 11:43:04','1978-03-03 14:49:16'),
('106','7','4','9','','360.08','2008','2','black','9','0','1996-01-09 17:26:50','2017-06-11 04:11:13'),
('107','7','1','2','','21627443.74','2010','1','white','5','82','2001-03-29 11:11:57','1982-04-25 04:46:11'),
('108','1','4','1','','3940.15','1983','0','yellow','9','3915626','2013-08-16 21:05:39','2002-08-26 09:42:29'),
('109','7','9','2','','64.40','1985','1','silver','6','0','1999-06-10 13:58:20','1995-05-28 20:45:00'),
('110','3','7','8','','1.00','1971','5','black','1','0','1983-10-04 13:14:32','1992-12-28 09:47:48'),
('111','7','4','8','','0.16','1987','4','maroon','6','2665158','2017-01-31 00:17:30','1981-04-05 10:17:47'),
('112','2','9','8','','312.18','2019','8','maroon','7','960','1991-08-21 00:54:22','2009-10-11 10:02:28'),
('113','7','3','6','','509245.20','2005','9','silver','1','69','1997-02-28 06:01:15','1975-09-01 06:19:22'),
('114','1','4','0','','4619180.83','2003','0','lime','9','379242','2014-08-23 20:17:34','1995-05-07 18:41:47'),
('115','5','5','5','','25937.13','2006','5','white','9','95227','1999-04-26 23:15:53','2008-11-16 00:51:14'),
('116','0','1','2','','93363.65','1980','8','fuchsia','1','7','1997-10-05 01:05:41','1981-05-04 00:26:25'),
('117','7','0','2','','0.00','1984','5','purple','1','0','2018-04-19 11:49:05','1986-04-13 21:59:54'),
('118','3','9','3','','10222544.30','1977','6','blue','8','16777215','2011-02-08 14:16:16','1993-11-29 15:40:20'),
('119','6','9','8','','196873.68','2014','4','maroon','6','792','1986-01-16 05:25:41','1976-02-23 23:20:30'),
('120','1','6','5','','6432.11','1986','3','black','3','6632','2018-04-23 14:54:44','2012-09-13 03:37:15'),
('121','8','3','9','','99999999.99','1974','0','gray','9','28378','2010-10-15 04:36:02','2012-09-22 08:14:19'),
('122','9','5','3','','2.18','2003','2','gray','5','0','1989-07-08 10:19:24','2002-11-27 04:36:02'),
('123','4','8','7','','3748762.08','1982','0','green','1','16777215','1983-08-17 00:17:39','2005-12-29 05:06:11'),
('124','0','7','6','','271996.20','2018','1','black','4','792730','2017-12-06 19:19:26','1985-12-10 20:21:45'),
('125','3','9','8','','1.85','2006','2','teal','8','625787','1971-01-31 13:21:36','1989-10-09 17:43:28'),
('126','1','5','5','','6958033.96','1974','8','blue','5','99280','1970-07-08 09:51:31','1996-02-27 16:57:38'),
('127','9','6','6','','0.00','2010','2','green','7','16777215','1977-04-28 03:14:09','1988-09-21 20:43:10'),
('128','1','4','2','','34856.05','1976','2','aqua','2','16777215','2006-10-20 08:23:24','1989-12-02 19:02:53'),
('129','1','8','1','','4986067.61','2013','1','olive','4','17','2011-01-04 07:32:59','1990-01-19 17:35:52'),
('130','1','6','1','','426274.12','1973','4','fuchsia','9','7','1979-04-06 20:51:33','1983-01-16 06:04:10'),
('131','9','4','2','','0.73','1998','1','fuchsia','9','57','2011-08-15 14:23:50','2020-02-05 10:11:45'),
('132','2','2','5','','53.16','1994','1','blue','7','15610','2003-02-05 06:21:39','1995-05-25 01:55:36'),
('133','2','4','2','','1088299.59','1997','0','white','4','18307','1994-02-16 16:43:18','2018-04-07 05:27:52'),
('134','7','5','5','','0.00','1970','1','teal','6','47','1999-10-06 20:15:34','1971-04-07 17:26:15'),
('135','8','3','6','','3450032.01','1978','4','teal','7','5501','2016-02-10 01:23:19','2001-03-03 18:42:34'),
('136','6','4','6','','57050.23','1995','5','yellow','6','478','1971-05-25 07:57:12','1994-02-07 10:16:59'),
('137','5','2','9','','1500457.74','2018','5','olive','5','5880','1999-06-24 16:02:28','1992-07-06 04:16:49'),
('138','0','9','7','','25311.77','1995','5','white','4','1539','1985-12-23 02:22:41','1981-05-16 00:58:47'),
('139','9','7','8','','1852532.73','1998','6','gray','1','16777215','2000-07-08 16:52:32','2009-06-22 04:27:24'),
('140','2','7','0','','3108.93','1993','3','silver','5','96','1992-11-12 22:44:57','1992-11-27 04:11:03'),
('141','7','1','6','','37915.13','1978','0','olive','4','2673841','2018-02-22 01:29:48','1986-12-16 23:20:05'),
('142','3','6','7','','3895.00','1991','5','teal','5','92','2008-04-24 15:02:23','1981-03-04 17:35:08'),
('143','6','7','3','','780.85','1987','0','maroon','1','125948','2002-12-14 15:03:16','1997-02-03 14:23:42'),
('144','1','8','8','','33792042.08','1982','1','navy','7','905','1985-06-16 18:08:58','2010-04-06 02:55:08'),
('145','6','8','3','','0.00','2002','2','gray','4','0','2002-10-25 19:17:35','2012-03-15 14:46:34'),
('146','8','8','8','','0.00','1985','7','white','7','4','2009-02-22 18:52:23','2008-06-21 20:41:48'),
('147','4','3','2','','88364.65','1992','1','yellow','4','2858991','2013-02-11 08:19:55','1994-12-28 18:09:23'),
('148','6','9','2','','153611.41','1995','1','blue','7','0','1979-06-16 19:58:44','1998-09-29 13:22:31'),
('149','9','0','6','','222.75','1976','0','purple','3','311','2005-08-29 13:55:08','2009-04-07 01:22:32'),
('150','8','5','5','','1084.40','1988','6','green','2','291','2019-03-26 12:26:13','2004-01-19 16:16:04'),
('151','2','7','6','','2586.81','1984','3','lime','3','826891','2007-01-10 23:13:00','1992-03-24 01:57:32'),
('152','9','8','8','','46.51','1988','8','black','4','5','2005-04-28 12:25:34','2013-12-03 09:04:58'),
('153','4','6','6','','3507676.60','1985','7','yellow','3','35860','1982-06-02 22:02:42','1995-12-31 04:16:55'),
('154','7','9','1','','4401.76','1971','9','aqua','5','0','1996-11-10 10:34:54','1975-06-08 21:16:19'),
('155','5','1','7','','6.48','1987','3','green','2','3378','1998-03-15 07:42:58','1972-10-19 19:37:16'),
('156','0','5','9','','99999999.99','1992','1','green','5','760547','1977-01-07 14:49:09','1993-11-12 03:21:25'),
('157','2','4','1','','62.38','1985','0','blue','3','9867','1976-06-17 10:25:05','1993-08-31 12:10:26'),
('158','9','4','6','','39.97','1992','6','yellow','7','157278','2012-02-03 04:42:47','2006-12-07 09:11:51'),
('159','7','9','6','','6404.86','1998','3','gray','5','91231','2005-05-21 11:33:47','1982-10-04 22:58:37'),
('160','0','8','8','','5135.53','1989','1','green','2','16777215','1981-10-06 22:17:07','2004-02-01 23:03:51'),
('161','9','2','7','','234957.61','1996','7','fuchsia','4','303','2019-12-06 06:46:01','1989-01-20 05:33:09'),
('162','2','7','5','','1.83','2014','6','lime','7','16777215','1972-02-19 20:05:19','1978-04-09 20:18:50'),
('163','4','6','1','','0.00','2002','5','aqua','3','16777215','1991-07-19 00:03:03','1999-03-31 18:13:00'),
('164','0','6','4','','20683002.00','2015','3','maroon','2','1','1986-04-24 00:11:23','2013-08-28 00:57:10'),
('165','2','1','2','','215.50','2009','5','blue','1','615','1974-09-23 12:07:45','1986-05-18 22:34:50'),
('166','8','1','6','','87892118.98','2018','6','yellow','8','9793','2019-09-18 19:36:19','1987-09-05 20:58:33'),
('167','7','7','5','','396892.19','2014','5','blue','9','22606','1996-10-15 21:27:05','1993-09-11 04:43:15'),
('168','8','6','3','','99999999.99','2014','5','blue','9','5','1986-02-28 08:22:51','1979-10-20 13:36:21'),
('169','0','2','9','','1785.52','1975','9','lime','5','807671','2004-02-26 04:09:42','1994-09-23 19:57:38'),
('170','1','7','1','','10.30','2000','5','maroon','9','5592','1977-05-27 19:17:09','2014-11-18 15:47:11'),
('171','2','4','3','','49.13','2011','1','yellow','3','678003','1983-08-25 03:21:50','1977-05-06 10:27:30'),
('172','7','4','5','','58.63','1989','2','yellow','5','623568','1999-07-06 10:33:31','1983-04-24 10:20:16'),
('173','7','3','5','','4560597.60','2011','6','maroon','6','9','1993-12-13 04:31:11','2018-12-20 00:36:10'),
('174','4','2','0','','84831961.63','2011','3','lime','3','54','1995-08-13 23:45:43','1997-09-08 07:28:45'),
('175','5','0','8','','0.11','2008','2','navy','8','0','2011-08-06 10:22:53','1981-11-25 11:00:44'),
('176','1','8','9','','99999999.99','1973','4','silver','4','35613','1980-04-17 14:50:23','1978-02-17 10:02:11'),
('177','8','2','8','','648390.30','2018','1','blue','3','54153','1994-06-26 18:46:36','2016-04-27 14:44:49'),
('178','1','6','3','','99999999.99','2019','4','navy','3','0','2011-10-10 06:00:05','1993-04-14 02:18:33'),
('179','4','1','9','','66043123.18','1999','5','fuchsia','7','36343','2007-06-20 15:35:54','1989-05-01 07:37:11'),
('180','9','4','5','','0.00','1979','8','navy','2','16777215','2015-03-04 04:27:46','2016-01-31 04:27:01'),
('181','2','3','5','','0.00','1989','1','teal','4','6','1983-08-19 23:13:32','2011-07-15 11:18:09'),
('182','8','3','2','','81875.19','1982','6','teal','8','16777215','1983-05-28 07:41:06','2009-08-15 13:50:24'),
('183','2','2','1','','0.00','1981','0','purple','9','8','2010-02-05 01:02:57','1989-02-08 10:45:14'),
('184','4','9','8','','23362.20','2017','8','white','7','0','2019-04-03 02:47:59','1985-07-19 22:31:24'),
('185','9','1','6','','102021.01','1972','0','maroon','3','834326','1991-11-19 21:42:31','1970-07-19 23:11:30'),
('186','7','0','6','','9666.86','2008','5','olive','8','9553','1996-11-05 21:05:41','2000-11-30 15:14:18'),
('187','3','8','6','','1.85','1986','4','blue','5','7','2009-12-12 19:37:28','2000-08-07 05:36:16'),
('188','6','8','9','','55849.31','2003','6','aqua','4','799669','2006-08-31 17:21:06','1973-12-25 00:35:24'),
('189','2','6','2','','0.00','1984','8','fuchsia','6','7050','1970-11-07 05:01:59','1974-08-06 18:01:53'),
('190','5','7','7','','6218330.00','2011','8','lime','6','1611','2009-10-29 06:59:10','1982-01-31 16:37:57'),
('191','2','8','2','','2372229.35','2007','5','fuchsia','7','0','1997-08-07 08:14:25','1985-09-27 08:07:10'),
('192','4','1','8','','421671.02','1999','2','blue','5','21967','1976-03-17 07:32:03','2007-03-04 10:10:33'),
('193','0','3','3','','2969768.37','1978','6','black','7','16777215','2008-04-16 21:20:50','2018-09-17 01:07:22'),
('194','4','8','9','','21050.13','1981','0','black','2','1670043','1993-06-17 19:05:32','2004-04-17 01:43:36'),
('195','1','3','4','','69270.76','2017','8','teal','1','0','1996-02-19 13:51:29','1971-03-23 13:27:49'),
('196','4','2','8','','12030517.19','1981','7','purple','9','489','1988-09-18 01:30:54','2015-06-25 22:47:30'),
('197','7','2','6','','633.79','2008','8','teal','7','0','2000-10-29 11:04:57','2008-07-24 10:04:38'),
('198','6','7','7','','117.44','2000','3','green','8','194','1983-07-12 11:28:55','2010-10-21 16:54:09'),
('199','4','8','4','','62563.32','1993','9','teal','1','8364','1988-06-07 16:23:17','1986-03-08 05:23:19'),
('200','8','8','1','','1913299.68','1979','9','lime','2','16777215','1996-03-01 14:40:59','1972-05-31 13:28:36'); 

select * from cars;

update cars SET updated_at = created_at WHERE updated_at < created_at;
update cars set year_car = year_car + 30 where year_car like '197%';
update cars set year_car = year_car + 20 where year_car like '198%';
update cars set year_car = year_car + 10 where year_car like '199%';
update cars set manager_id = FLOOR(1 + (RAND() * 7));
update cars set client_id = FLOOR(1 + (RAND() * 200));
update cars set volue = 1;
update cars set model_id  = FLOOR(1 + (RAND() * 100));
update cars set type_status =
 case ceiling(rand()*2)
 when 1 then 'SALE'
 when 2 then 'SOLD'
 end;
UPDATE cars set mileage = (SELECT RIGHT (mileage, 4) where length(mileage) > 4);
UPDATE cars set mileage = 0 where mileage is null;
update cars set power_car =
 case ceiling(rand()*6)
 when 1 then '1.2'
 when 2 then '1.4'
 when 3 then '1.6'
 when 4 then '1.8'
 when 5 then '2.0'
 when 6 then '2.2'
 end;
-- Для большей схожести с реальными данными изменила столбец power_car
ALTER TABLE cars MODIFY COLUMN power_car enum ('1.2', '1.4', '1.6', '1.8', '2.0', '2.2'); 

update cars set price = price + 1000000 where price < 1000000;
update cars set price = FLOOR(1002000 + (RAND() * 875649)) where price > 2000000;
update cars set type_status = 'SOLD' 
       where id in (select car_id from payments where payments.car_id = cars.id and payments.type_payment = 'SALE');
update cars set sale_price = price/100*25 + price;


INSERT INTO provider_cars (car_id, provider_id, created_at, updated_at)
VALUES ('171','560','2014-06-19 19:04:36','1999-06-17 00:55:08'),
('400','731','2014-03-29 18:32:47','1970-10-11 17:05:34'),
('843','381','2005-11-08 04:49:20','1993-08-29 20:47:10'),
('719','910','2011-08-14 02:31:09','1977-01-08 03:24:01'),
('420','210','1991-05-17 18:49:00','2001-08-13 04:55:17'),
('161','921','1982-09-18 04:32:11','2000-06-14 20:34:14'),
('986','622','1982-01-19 04:50:02','1974-04-10 22:51:12'),
('546','858','2011-10-20 04:58:30','2019-07-10 08:03:59'),
('261','616','1996-11-10 13:09:03','1984-01-21 08:16:52'),
('665','752','1977-07-18 01:28:12','1975-10-15 19:04:19'),
('257','125','1982-06-11 22:13:28','1992-11-23 02:20:05'),
('8','210','2006-02-12 02:02:59','2016-12-15 03:42:30'),
('953','83','1995-11-08 17:39:06','1989-05-14 19:57:01'),
('17','507','1970-02-08 11:36:14','2003-06-15 08:41:37'),
('117','712','1994-12-29 14:54:50','1992-07-11 21:19:27'),
('316','747','1984-07-29 04:01:21','1999-10-07 00:25:12'),
('393','316','1977-09-15 08:11:24','1988-03-05 03:19:53'),
('80','288','1971-12-10 20:42:33','2018-03-01 09:44:50'),
('997','73','2018-04-04 07:42:33','1975-07-13 15:31:01'),
('641','64','2016-08-14 05:07:49','2018-10-08 17:38:46'),
('699','327','1981-08-28 10:20:04','1997-04-02 11:18:50'),
('4','806','1990-07-26 08:22:17','1995-01-08 05:07:26'),
('151','892','1975-03-28 18:32:40','1988-01-28 12:42:20'),
('291','668','2012-01-28 19:59:14','1973-01-12 21:14:43'),
('310','136','2011-10-02 01:05:12','1990-03-06 04:17:21'),
('506','244','1984-04-03 19:31:42','2019-10-10 09:37:26'),
('536','0','1987-03-02 16:15:05','1971-10-26 19:13:16'),
('665','95','2010-04-15 13:02:27','1970-08-26 11:12:44'),
('980','439','2004-07-30 16:55:16','1981-04-11 07:09:27'),
('469','154','2016-05-20 20:26:42','2015-03-18 15:22:08'),
('66','442','1989-02-14 17:14:46','2015-05-25 21:06:25'),
('100','298','1989-08-02 21:37:50','2003-11-06 21:30:54'),
('695','47','1992-06-20 07:31:44','2013-08-29 12:05:25'),
('661','29','2007-01-14 00:35:15','1972-03-12 22:17:17'),
('924','975','1974-04-12 18:25:13','1996-05-18 14:17:04'),
('716','907','1973-12-19 20:11:21','1980-09-01 14:13:42'),
('216','400','2016-01-16 16:24:02','1991-05-06 09:57:45'),
('649','704','2017-09-02 16:25:37','1995-03-03 21:21:30'),
('560','180','1991-12-07 14:45:47','2010-04-22 07:05:37'),
('938','787','1973-01-14 13:12:52','2013-03-04 15:47:16'),
('14','2','1972-09-05 05:09:03','2013-04-13 21:47:57'),
('642','107','1980-02-23 16:55:52','2007-03-08 15:50:30'),
('174','939','2004-03-26 02:07:03','1985-09-23 15:18:43'),
('864','149','1985-08-05 14:32:56','1981-08-31 12:17:59'),
('585','208','2007-06-24 22:05:33','1994-09-13 07:08:47'),
('421','670','1972-06-11 23:27:13','1987-07-04 01:30:42'),
('872','15','1976-11-28 03:48:11','1992-04-19 15:32:27'),
('240','959','2017-12-27 13:57:06','1981-05-03 04:15:36'),
('158','218','1997-12-29 21:06:40','1989-08-14 18:41:04'),
('295','390','1999-04-22 00:45:33','2013-04-01 00:01:31'),
('607','483','2004-05-18 17:11:42','2008-08-22 03:45:51'),
('490','537','2012-09-07 22:42:02','2017-02-05 12:45:50'),
('941','547','1980-09-05 06:44:16','1974-01-28 14:50:19'),
('262','505','1982-08-01 14:57:51','1985-10-11 20:20:35'),
('562','256','1977-10-13 11:54:53','2018-01-31 04:17:24'),
('315','307','1991-04-02 13:22:33','1970-07-10 07:43:01'),
('599','922','2012-03-11 23:06:58','1978-09-06 07:56:38'),
('287','221','2008-04-07 01:54:25','1971-06-26 12:52:58'),
('684','364','2007-01-02 01:31:08','2007-11-02 18:21:00'),
('139','78','2000-06-30 17:54:36','1989-05-25 04:42:33'),
('301','880','1991-10-12 20:41:10','1996-09-24 11:17:56'),
('1','375','1996-04-06 03:42:42','1996-03-15 11:04:31'),
('565','14','1993-04-10 19:29:55','1991-12-22 14:14:38'),
('700','760','1975-04-28 15:37:23','1989-10-22 20:45:40'),
('388','962','2014-08-27 05:54:43','1998-08-06 23:20:47'),
('849','541','1996-02-04 00:40:45','2015-10-17 20:16:14'),
('101','947','1972-08-29 15:13:06','2005-07-06 22:37:36'),
('590','753','1992-07-16 19:11:48','1975-08-30 12:59:03'),
('439','507','2016-10-07 02:45:33','1975-10-11 02:29:14'),
('367','659','1975-12-11 23:38:53','2019-03-06 18:48:52'),
('882','919','1990-06-29 12:56:20','2006-11-11 23:55:48'),
('558','824','1980-03-17 06:21:57','2013-06-04 21:45:22'),
('390','790','1986-07-26 09:57:47','1974-04-26 03:02:12'),
('470','869','2010-06-22 03:50:26','2010-06-19 12:29:16'),
('422','158','2000-03-31 21:08:03','1984-04-30 09:52:36'),
('639','430','1990-12-20 12:39:52','1978-05-12 04:01:29'),
('965','167','1996-01-27 20:05:50','2012-03-13 13:10:30'),
('877','427','2017-01-13 14:37:09','2015-05-10 11:07:17'),
('252','981','1971-10-12 17:15:38','1989-11-13 02:46:24'),
('638','744','2008-08-01 11:17:18','2006-04-04 20:06:32'),
('108','786','2002-05-13 16:12:32','2009-08-13 16:13:18'),
('571','925','2017-01-21 13:05:38','1996-02-11 15:37:22'),
('933','149','1979-02-06 12:33:24','2000-08-22 21:46:12'),
('851','654','1994-01-24 04:24:34','1999-01-25 08:58:22'),
('633','312','2015-05-24 14:35:22','1989-07-28 13:23:30'),
('625','111','1970-02-13 18:08:54','1981-03-21 20:54:31'),
('996','146','1975-11-23 22:19:17','1992-07-28 17:22:46'),
('148','369','2017-02-19 09:35:43','1981-09-08 20:55:35'),
('136','561','2016-02-10 12:25:55','1973-10-27 21:51:43'),
('39','402','1971-01-30 19:05:22','1996-06-13 13:11:45'),
('228','114','1972-10-17 06:10:09','1990-03-23 21:21:14'),
('667','794','1997-10-22 04:00:28','1973-10-05 08:35:21'),
('134','993','2006-05-09 01:14:23','1990-02-17 20:44:06'),
('592','144','1983-05-23 14:11:47','2006-10-09 14:17:51'),
('467','473','2008-04-06 07:03:00','2001-07-04 05:54:36'),
('0','25','2010-05-21 16:00:04','2002-06-19 17:15:31'),
('423','135','1970-09-05 18:41:44','1970-01-12 22:18:33'),
('354','982','2010-12-20 00:24:52','1989-01-18 03:00:21'),
('256','53','1993-12-25 20:05:11','2008-01-29 14:46:12'),
('525','494','1994-05-11 01:18:02','2013-02-03 03:17:05'); 

select * from provider_cars;

UPDATE provider_cars SET
  car_id = FLOOR(1 + (RAND() * 200));
UPDATE provider_cars SET
  provider_id = FLOOR(1 + (RAND() * 10));
update provider_cars SET updated_at = created_at WHERE updated_at < created_at; 

INSERT INTO photos (id, car_id, filename, created_at, updated_at)
VALUES ('1','8','ttl','2012-04-09 21:21:19','2011-02-04 11:35:22'),
('2','4','wdp','1986-11-24 03:20:42','1999-10-14 13:08:12'),
('3','3','dd2','2017-12-14 09:14:14','2006-01-09 21:21:36'),
('4','2','pcap','2012-05-08 20:54:24','1997-10-06 23:59:10'),
('5','3','pls','2009-08-04 09:43:49','2012-07-11 14:45:07'),
('6','0','wma','2019-07-06 08:15:06','2016-09-08 19:37:26'),
('7','5','ivp','2010-06-18 05:49:28','2016-06-07 09:06:04'),
('8','0','cpio','1997-04-18 11:58:30','2011-01-16 03:56:09'),
('9','5','dms','1981-12-03 22:00:03','2001-10-28 15:25:06'),
('10','4','cab','1983-03-11 03:40:40','1984-12-13 10:50:41'),
('11','2','odt','2001-08-10 03:31:20','2003-10-17 01:36:02'),
('12','8','jnlp','1984-06-20 22:27:47','2011-04-03 22:25:33'),
('13','8','ief','1986-01-27 12:34:50','1993-12-28 18:07:16'),
('14','7','jsonml','2003-11-23 15:34:13','1990-11-29 19:16:50'),
('15','8','rtx','1982-12-28 23:26:03','2009-09-16 13:16:09'),
('16','4','docx','1986-10-09 12:37:44','1995-09-30 17:59:09'),
('17','1','eml','1990-12-26 18:17:28','2004-01-13 16:37:23'),
('18','7','mj2','1983-12-26 11:59:26','1993-10-30 23:58:31'),
('19','3','tpt','2015-09-05 08:36:53','1994-04-02 05:22:08'),
('20','0','iges','1980-06-07 12:57:36','1985-12-05 16:03:58'),
('21','4','fvt','1994-11-07 18:56:23','2003-02-04 21:39:09'),
('22','4','ra','2016-12-14 17:40:55','2005-10-24 21:06:46'),
('23','2','xspf','2016-11-27 23:27:09','1990-06-21 18:46:53'),
('24','5','pre','2004-06-16 18:35:39','1976-12-11 13:23:13'),
('25','6','pptx','2013-09-04 16:22:13','2000-12-16 11:06:41'),
('26','9','xfdl','2014-09-26 23:21:22','1991-02-20 02:10:11'),
('27','5','hal','1986-07-06 16:37:49','2010-03-05 13:47:11'),
('28','3','pfb','2000-02-17 16:12:42','1980-03-28 05:29:10'),
('29','9','xdp','2016-07-16 21:30:38','2005-07-09 18:57:12'),
('30','9','odft','2004-02-05 19:47:14','2012-05-13 04:05:01'),
('31','4','mseq','1989-03-13 14:54:05','1990-07-05 18:48:29'),
('32','3','sfv','1990-03-28 09:42:23','2003-10-30 23:25:34'),
('33','6','xz','1999-12-10 17:17:33','1996-02-15 12:39:45'),
('34','0','sv4crc','1989-10-07 02:04:24','2012-08-16 06:56:20'),
('35','5','dfac','2003-09-07 09:02:12','2012-01-14 12:39:15'),
('36','3','swf','1971-09-26 02:29:30','1984-11-04 10:12:16'),
('37','1','lasxml','2016-06-07 08:45:30','2000-09-25 09:59:02'),
('38','7','appcache','1999-09-19 14:46:36','1975-01-28 08:47:33'),
('39','3','rar','1991-07-24 09:10:27','1994-03-17 09:25:49'),
('40','9','xenc','1998-04-15 21:24:49','1982-12-22 15:09:46'),
('41','3','xap','2010-04-24 02:05:02','1989-02-20 21:09:24'),
('42','5','opml','1980-09-14 19:25:59','1993-07-05 18:57:52'),
('43','5','urls','1975-11-13 20:32:02','2006-06-14 15:54:16'),
('44','4','mkv','1984-12-15 22:58:05','1993-03-18 03:47:25'),
('45','8','xvm','1996-05-22 19:44:36','2014-07-14 17:53:34'),
('46','0','7z','2017-12-16 16:20:14','1974-05-12 06:58:47'),
('47','2','fig','1987-11-09 19:22:04','2006-01-10 12:44:05'),
('48','9','xar','2006-11-03 02:38:38','1987-11-03 09:46:12'),
('49','2','tar','1980-06-28 19:37:42','1970-04-20 14:31:32'),
('50','6','ras','1988-04-18 00:17:58','2014-10-18 14:03:59'),
('51','3','qam','1988-04-12 00:37:31','1984-09-04 22:03:18'),
('52','9','gtw','1973-07-19 21:33:40','2011-10-30 07:03:43'),
('53','7','sse','1981-03-01 12:57:38','1984-02-03 22:20:23'),
('54','1','msf','1992-06-18 19:54:42','1974-01-28 03:20:11'),
('55','0','sxg','1988-10-16 01:07:08','1972-06-23 10:10:57'),
('56','5','mp4a','1997-02-13 22:14:24','1970-02-28 18:53:38'),
('57','2','oti','1985-01-21 16:33:16','2008-01-04 21:43:52'),
('58','5','cryptonote','1988-07-30 09:15:32','1983-05-29 05:37:52'),
('59','3','dna','1982-12-16 23:23:00','1996-01-27 09:34:46'),
('60','1','flv','1998-12-26 09:20:38','1993-10-14 01:53:06'),
('61','1','nbp','1987-05-12 06:17:24','2004-08-25 20:02:03'),
('62','9','m4u','1984-10-31 07:46:07','2018-03-06 23:25:30'),
('63','3','aifc','2016-06-22 20:27:52','1976-02-16 12:42:30'),
('64','2','tcl','1975-11-03 00:02:58','1985-12-20 05:15:19'),
('65','3','torrent','2007-06-18 19:30:10','2009-10-11 16:21:01'),
('66','8','emma','1983-05-18 07:27:01','1993-05-13 09:06:04'),
('67','1','see','1976-09-01 07:03:51','2016-03-31 16:21:37'),
('68','5','odm','2002-08-03 22:55:53','2009-01-08 07:06:43'),
('69','3','odp','2005-04-26 14:53:12','2004-06-24 08:13:40'),
('70','3','odf','1984-04-19 04:10:28','2000-03-26 20:36:10'),
('71','2','npx','1997-07-23 22:33:16','1976-04-13 16:41:15'),
('72','9','t3','2000-03-30 06:05:49','2010-06-23 06:11:33'),
('73','1','jad','1999-07-29 01:52:52','2003-03-08 06:41:52'),
('74','1','fe_launch','2019-07-01 05:08:10','1985-11-19 00:47:01'),
('75','3','tex','2011-12-11 19:44:29','1974-11-06 15:42:23'),
('76','3','pgp','1998-09-13 10:38:27','2012-02-12 03:43:53'),
('77','0','html','2019-12-28 02:16:30','2005-05-10 00:22:11'),
('78','1','uvx','2012-02-24 22:38:25','1987-07-03 15:09:40'),
('79','7','wmz','1972-06-02 16:56:07','2010-11-30 11:47:42'),
('80','0','docm','2006-02-23 17:22:11','1991-09-28 06:01:42'),
('81','0','f','1973-10-16 04:20:28','2010-08-02 17:36:29'),
('82','3','sql','1976-02-03 22:57:46','2016-05-19 11:04:23'),
('83','6','potm','1991-10-07 05:15:35','1986-04-09 14:07:47'),
('84','7','sti','2018-11-22 12:42:21','1988-03-24 08:53:46'),
('85','9','oxt','1974-12-14 11:30:24','1993-05-27 03:45:50'),
('86','0','xps','1970-01-21 18:28:32','1989-01-14 09:03:20'),
('87','1','bmp','2009-12-20 00:27:00','1979-11-01 22:49:04'),
('88','4','wmlsc','2001-09-10 19:40:27','1990-05-09 05:45:51'),
('89','9','flw','1975-06-16 02:16:12','1984-12-20 01:12:42'),
('90','6','xltm','2009-08-13 20:49:02','1989-05-27 20:04:02'),
('91','3','flac','1993-03-01 02:03:38','2010-04-01 23:21:33'),
('92','7','blb','2000-02-04 20:12:48','1991-10-15 12:59:13'),
('93','8','sisx','1973-01-01 09:47:08','1984-11-04 08:12:09'),
('94','7','m4v','1984-11-06 05:47:48','2015-01-26 22:45:12'),
('95','4','xdf','2013-10-10 18:00:49','1977-12-15 16:43:40'),
('96','8','ott','2017-11-06 12:23:53','1972-11-30 20:27:27'),
('97','8','chm','1983-10-04 20:43:36','1970-09-30 07:01:34'),
('98','1','jpeg','2014-05-20 06:27:24','2010-05-30 08:51:55'),
('99','7','xop','1990-04-12 21:13:20','2007-08-01 05:02:23'),
('100','7','wmv','2014-04-28 14:27:44','2019-12-02 08:37:52'),
('101','9','otc','1982-11-10 22:15:39','1976-05-26 09:59:25'),
('102','9','sv4cpio','1970-12-31 23:14:47','2019-09-04 04:56:16'),
('103','4','pic','1990-06-06 04:16:02','1985-10-17 16:15:11'),
('104','8','adp','1973-10-16 05:48:08','1982-01-29 04:10:04'),
('105','2','rip','1981-03-23 10:14:18','1995-07-04 00:56:42'),
('106','9','xsm','2018-01-16 13:28:32','1989-11-14 21:43:38'),
('107','6','sldm','1982-07-10 23:13:31','2012-09-05 01:45:16'),
('108','5','movie','2004-10-04 12:53:23','2003-11-05 08:04:50'),
('109','3','mp4s','1992-12-10 00:41:43','1973-01-22 12:23:59'),
('110','7','uvvu','1985-08-15 08:21:25','1994-12-30 09:09:12'),
('111','9','wmls','1992-03-03 18:17:44','2013-02-21 16:30:53'),
('112','3','pkipath','2002-05-04 21:56:41','2019-12-30 01:54:34'),
('113','7','svd','2014-01-19 14:37:23','2005-02-21 13:58:51'),
('114','9','snd','1977-10-19 15:00:18','1998-01-07 23:24:28'),
('115','1','seed','2005-04-06 10:18:32','1992-04-02 06:15:48'),
('116','3','jar','1988-12-12 00:55:48','2003-05-15 06:57:48'),
('117','6','nml','2011-11-04 22:07:33','1995-05-28 01:42:05'),
('118','8','asc','2012-09-10 01:22:50','1972-10-12 15:08:03'),
('119','2','xul','2015-11-13 23:57:41','1972-10-21 22:14:30'),
('120','4','gv','1985-09-07 08:14:33','1996-03-07 02:28:55'),
('121','3','com','1975-08-16 01:23:36','1984-03-10 22:32:57'),
('122','6','lbd','2007-03-13 00:15:43','1990-06-19 12:03:57'),
('123','0','ifb','1975-12-31 06:02:30','2004-03-04 06:57:56'),
('124','0','uvz','2001-01-09 10:33:30','1987-06-25 19:32:37'),
('125','7','xif','1993-10-08 15:55:08','2015-02-17 02:01:55'),
('126','7','otp','2016-10-05 05:02:58','1971-07-18 16:44:11'),
('127','8','uvt','2000-11-09 11:54:56','1991-04-24 13:04:48'),
('128','5','wpl','2001-05-17 23:45:59','1990-07-13 04:35:32'),
('129','8','udeb','1986-03-21 15:08:18','2003-01-09 14:33:49'),
('130','3','twds','1998-01-10 04:51:40','1994-11-22 07:37:54'),
('131','5','sxw','1982-07-11 01:24:05','2006-03-03 00:10:50'),
('132','6','tra','1995-06-29 12:50:47','1977-06-02 23:21:03'),
('133','5','uvvg','1995-05-22 00:24:53','1991-11-21 14:36:22'),
('134','0','fh5','1980-03-21 23:06:16','2009-02-20 03:29:08'),
('135','5','kia','1994-01-14 21:16:28','2004-08-28 01:34:55'),
('136','1','mxl','2005-06-24 20:54:26','1983-01-28 19:22:37'),
('137','9','sxc','2010-11-03 15:25:25','1990-03-27 10:25:27'),
('138','8','mus','1972-02-05 11:00:44','1991-04-13 00:30:28'),
('139','2','lrm','2010-02-04 11:36:57','1971-06-10 08:43:01'),
('140','2','css','2019-03-24 23:48:16','1989-03-30 15:48:46'),
('141','8','mng','1985-03-28 15:46:47','1990-12-12 02:17:54'),
('142','5','cod','1989-01-16 18:10:39','2000-02-23 04:46:58'),
('143','5','xhvml','1991-04-09 10:20:06','1998-04-13 11:25:39'),
('144','1','pgm','1995-05-16 00:51:21','1982-01-14 06:15:22'),
('145','9','htke','2013-06-07 17:29:52','2003-11-09 00:43:04'),
('146','9','vcs','1972-05-03 08:05:04','1991-09-20 22:57:06'),
('147','7','std','2010-12-02 07:07:30','1978-07-09 04:14:54'),
('148','5','asf','2006-03-03 11:00:11','1993-02-25 22:48:50'),
('149','4','txt','1989-09-30 23:27:52','1979-03-22 22:04:25'),
('150','2','xpi','1985-08-06 14:07:39','2017-03-14 02:40:48'),
('151','4','uvva','1982-01-27 03:29:35','1976-02-11 13:53:38'),
('152','4','djv','2008-04-29 20:38:26','2000-04-13 12:43:51'),
('153','4','xlam','2001-09-05 16:13:27','1978-03-15 16:30:31'),
('154','3','nsc','1988-12-05 06:01:31','1994-11-20 02:04:49'),
('155','1','xlf','1996-02-09 05:25:16','1977-10-29 16:20:55'),
('156','5','mpe','1984-03-22 21:57:02','1989-02-18 19:08:55'),
('157','0','prc','2019-07-21 18:14:02','1981-04-19 05:25:06'),
('158','4','link66','1971-06-24 01:02:27','2010-07-26 06:51:47'),
('159','2','pptm','1991-02-04 11:01:53','1993-07-14 05:41:37'),
('160','5','bdm','2016-09-25 18:57:47','1995-03-22 07:19:31'),
('161','9','mlp','2000-11-22 13:35:15','1983-07-23 01:15:55'),
('162','7','mmf','1982-01-19 05:47:45','2001-09-09 14:10:23'),
('163','9','csh','1989-06-28 08:01:24','2011-03-14 20:46:53'),
('164','0','dtd','2015-10-22 12:19:40','2014-07-31 04:20:09'),
('165','4','gph','1978-03-31 14:42:34','1993-09-23 06:40:25'),
('166','1','cap','1972-05-02 05:54:20','1973-11-12 10:12:05'),
('167','1','ulx','2008-10-22 07:18:14','2010-12-11 01:10:33'),
('168','3','mp2','1976-01-28 14:27:51','2007-06-22 14:05:41'),
('169','5','lnk','1981-08-24 04:07:54','1982-12-27 21:24:13'),
('170','3','pps','2005-09-09 18:59:24','1990-09-25 04:04:14'),
('171','5','p','1970-08-11 20:31:02','2011-10-05 21:06:12'),
('172','3','wtb','2019-12-04 14:41:31','2003-12-24 16:01:05'),
('173','9','sgml','1974-05-31 04:11:50','1979-10-29 17:15:42'),
('174','3','mathml','1972-08-09 03:49:09','1995-07-15 05:09:21'),
('175','3','xlsx','2008-06-04 10:11:30','2012-09-04 16:57:35'),
('176','1','gtar','1982-03-29 22:43:03','1976-07-08 02:19:04'),
('177','8','dgc','2004-10-20 19:05:29','2013-01-11 01:49:34'),
('178','2','mie','1982-04-03 06:10:41','2010-04-17 20:39:15'),
('179','4','odb','2005-06-12 12:17:47','1971-05-23 13:55:58'),
('180','7','otg','1978-02-13 09:58:52','2017-11-28 18:56:34'),
('181','2','atom','1981-03-02 14:22:04','1970-04-03 10:58:18'),
('182','0','mdb','1980-10-31 07:48:45','1979-10-24 19:01:24'),
('183','7','x3dv','1987-06-28 16:01:54','1985-02-01 17:03:11'),
('184','3','spot','1981-06-27 20:16:56','1972-06-06 08:19:46'),
('185','3','xbap','1987-01-01 22:24:31','1998-11-07 03:11:14'),
('186','0','vis','1971-12-02 02:38:18','2015-08-21 17:12:02'),
('187','3','xpm','2015-12-03 23:03:30','1985-04-14 21:24:36'),
('188','9','mcurl','1985-08-07 20:02:20','2001-06-19 17:47:49'),
('189','6','ppam','2019-07-29 08:15:54','2019-10-28 01:07:26'),
('190','5','vsf','1980-05-10 19:05:11','1986-05-21 12:51:12'),
('191','9','sxm','2016-08-29 21:59:00','2008-06-13 10:15:43'),
('192','1','psd','2015-07-04 14:30:58','1977-10-27 16:35:08'),
('193','1','xlsb','1975-08-12 02:53:24','1981-01-07 08:44:42'),
('194','2','vtu','2002-11-01 16:18:45','1994-12-07 10:03:29'),
('195','0','karbon','1978-11-03 21:37:46','1980-03-27 06:34:21'),
('196','3','uvi','2019-12-09 11:30:52','1991-01-17 16:31:27'),
('197','0','vrml','1984-02-09 05:08:17','2016-06-07 00:13:23'),
('198','3','ait','1973-06-17 08:33:04','1980-06-13 14:57:12'),
('199','0','sema','2006-04-28 03:17:16','1976-02-10 03:52:25'),
('200','2','odc','1970-12-25 23:59:42','1999-01-17 04:42:05');


select * from photos;

UPDATE photos SET
  car_id = FLOOR(1 + (RAND() * 200));
update photos SET updated_at = created_at WHERE updated_at < created_at; 

INSERT into params
  (name)
values 
('седан'),
('хэтчбек'),
('универсал'),
('купе'),
('передний привод'),
('полный привод '),
('механическая коробка передач'),
('автоматическая коробка передач'),
('роботизированная коробка передач'),
('2 места'),
('4-5 мест'),
('бензиновый двигатель'),
('дизельный двигатель');

select * from params;

INSERT INTO cars_params (car_id, param_id, created_at, updated_at)
VALUES ('196','228','1978-09-01 11:13:11','1992-12-30 15:46:27'),
('926','456','2013-12-06 13:17:57','2003-09-07 02:38:57'),
('34','959','2009-11-22 07:26:01','1991-04-27 04:45:12'),
('798','111','2018-07-13 00:39:59','1990-03-18 10:24:23'),
('448','115','2004-11-17 19:11:28','1992-01-29 12:46:08'),
('157','696','1992-07-12 22:49:46','2017-05-02 07:06:15'),
('266','310','2014-04-28 20:04:37','2019-10-07 21:35:40'),
('320','466','1976-11-25 06:45:45','1986-11-08 07:08:52'),
('853','872','2001-08-16 22:59:42','2009-08-09 15:58:19'),
('450','936','1985-02-04 19:07:07','2002-06-30 20:04:39'),
('937','658','1976-02-01 05:42:51','2018-04-10 14:33:18'),
('372','318','2010-03-28 17:56:43','2013-12-10 21:33:59'),
('51','374','1990-03-14 21:37:24','2013-02-07 19:15:40'),
('54','933','1989-11-20 15:15:01','1979-10-31 00:37:06'),
('6','738','1998-11-05 03:03:22','2004-02-14 15:03:31'),
('64','634','1998-10-29 16:33:38','2017-12-10 05:48:42'),
('23','943','1974-10-13 02:37:54','1983-12-23 23:11:14'),
('174','276','2017-07-05 00:23:38','1992-02-14 13:27:50'),
('331','174','2018-12-13 06:44:22','2013-03-08 21:51:25'),
('388','835','1987-10-12 12:48:55','1985-08-12 00:41:03'),
('363','849','2010-02-04 20:24:14','1983-09-10 09:12:02'),
('483','31','1974-02-01 12:48:03','1986-12-04 00:54:35'),
('73','26','1987-12-02 08:46:33','1977-08-10 18:14:34'),
('4','49','1978-08-06 14:44:22','1970-11-30 22:09:05'),
('980','959','1981-04-08 23:15:21','2012-11-27 19:00:56'),
('667','707','2006-04-01 02:49:27','2009-04-30 08:13:18'),
('223','164','1980-11-05 06:08:32','1979-03-18 18:09:37'),
('264','496','1976-08-25 21:02:27','1984-08-09 06:32:55'),
('999','140','1983-07-01 22:08:05','2006-06-16 23:44:06'),
('360','122','1991-08-15 00:32:07','1974-04-21 06:15:02'),
('795','964','1992-10-25 19:16:54','2007-01-12 17:48:27'),
('424','609','2006-04-20 01:09:34','2013-12-24 22:32:10'),
('382','486','1992-04-17 09:37:52','1986-03-04 03:34:54'),
('25','157','2011-10-31 11:54:25','2019-02-14 20:22:15'),
('473','946','2003-09-30 02:15:04','2011-02-18 15:08:41'),
('377','958','2003-11-04 10:02:11','1992-04-11 12:09:56'),
('332','982','2000-01-09 13:29:04','2016-02-17 17:50:42'),
('502','431','2018-08-01 12:48:54','1998-09-18 17:10:08'),
('596','263','2002-01-11 01:33:39','1989-06-30 01:42:42'),
('60','382','2002-09-14 03:52:51','1984-05-25 20:40:44'),
('401','67','1997-09-16 06:34:29','1995-08-17 05:24:34'),
('901','890','2019-10-21 17:07:47','1974-04-12 09:26:27'),
('798','679','1979-07-24 15:43:04','1982-04-19 14:59:46'),
('344','615','2001-02-28 23:03:27','1976-04-06 02:59:27'),
('496','108','1979-03-07 07:03:23','1976-10-13 01:58:41'),
('501','263','1981-06-25 10:58:23','2000-01-22 20:39:54'),
('270','806','2018-08-11 15:45:25','1983-09-02 02:49:46'),
('2','808','2009-05-15 18:52:17','2006-06-13 09:46:42'),
('392','319','2012-07-27 00:57:44','2016-03-13 08:14:38'),
('749','94','2014-10-07 15:05:37','1998-10-31 13:25:38'),
('533','275','2010-03-31 09:34:44','2019-08-12 19:46:33'),
('989','799','1975-11-30 09:29:23','1994-12-28 10:23:32'),
('529','468','2014-03-02 03:14:46','1982-01-09 23:47:59'),
('525','330','2019-09-26 22:48:40','2012-06-23 19:46:07'),
('587','954','1980-02-27 21:10:35','2008-05-28 14:00:13'),
('649','716','2006-10-08 09:26:51','1975-01-04 20:01:13'),
('142','891','1972-01-12 04:41:18','2004-10-06 15:59:03'),
('583','247','1987-03-14 02:52:46','1993-03-27 18:07:43'),
('348','653','1973-05-28 02:34:30','1998-05-07 12:34:58'),
('513','777','2006-02-21 15:16:02','1995-02-23 11:42:04'),
('952','706','1996-05-30 20:09:41','2007-08-17 07:16:34'),
('398','740','2008-03-14 07:31:13','1977-11-23 21:38:21'),
('278','297','1979-10-11 02:21:01','2015-10-23 19:10:02'),
('866','788','1988-08-07 13:26:01','1990-02-24 14:40:47'),
('416','623','1983-04-26 02:22:16','1994-10-30 09:28:58'),
('738','720','1996-12-17 06:36:06','1995-05-09 11:24:55'),
('229','446','1991-04-29 20:45:28','1974-04-24 00:05:02'),
('796','3','1989-10-23 15:07:06','1995-09-02 00:01:55'),
('910','579','1979-04-13 21:32:45','2018-10-09 10:26:54'),
('500','391','1987-09-23 10:50:13','1988-08-11 15:37:16'),
('708','447','2011-11-07 09:41:13','1971-03-25 16:04:07'),
('401','429','2017-07-03 11:43:20','2004-03-31 11:38:43'),
('458','402','1993-04-28 11:38:08','1975-12-01 13:36:23'),
('21','485','1979-12-01 07:59:07','2015-09-23 10:40:59'),
('458','655','2000-08-07 01:36:47','2005-10-13 09:55:28'),
('268','451','1982-10-09 13:07:09','2019-10-15 19:25:11'),
('241','305','2009-10-15 12:11:06','2004-11-26 18:35:49'),
('861','100','2014-08-18 21:51:23','2008-01-16 20:58:48'),
('537','813','1986-06-06 15:15:45','2016-06-24 15:11:01'),
('182','347','1986-04-17 09:11:29','1978-01-11 00:53:24'),
('541','403','1995-05-13 02:33:55','2009-08-31 10:35:48'),
('18','543','1975-01-29 08:09:06','1992-12-01 01:44:01'),
('644','940','2000-04-18 17:57:29','1988-04-10 06:25:43'),
('252','20','1999-07-20 07:34:21','2001-03-28 19:38:06'),
('969','99','1972-05-09 20:21:37','1989-02-05 20:00:50'),
('415','792','1986-07-03 20:17:41','1999-01-02 14:56:28'),
('417','261','1977-04-02 20:23:01','1981-04-03 12:06:26'),
('997','438','2013-10-04 10:11:25','2014-12-17 07:02:21'),
('254','860','1979-03-30 11:21:20','1996-04-15 14:51:54'),
('147','98','1973-08-05 11:32:25','2011-04-23 00:17:20'),
('82','526','1996-05-20 05:02:03','1981-04-16 17:17:52'),
('219','730','2018-02-27 22:16:17','2008-09-21 05:16:09'),
('208','547','1986-03-04 21:24:03','1973-04-17 07:25:21'),
('293','542','1983-01-28 06:02:30','1991-07-15 01:18:14'),
('910','992','1976-01-13 15:23:06','2019-12-30 16:57:47'),
('45','127','2008-11-16 07:21:20','2015-06-22 08:22:44'),
('917','173','1972-11-17 19:45:05','1984-05-16 07:34:48'),
('88','602','1987-10-24 20:00:32','1973-04-20 05:03:28'),
('940','294','1978-10-04 17:10:06','2017-10-12 11:39:55'),
('920','340','1982-01-25 13:14:17','2011-05-19 16:37:14'); 

select * from cars_params;

UPDATE cars_params SET
  car_id = FLOOR(1 + (RAND() * 200));
UPDATE cars_params SET
  param_id = FLOOR(1 + (RAND() * 13)); 
update cars_params SET updated_at = created_at WHERE updated_at < created_at; 

INSERT INTO users (id, first_name, last_name, phone, is_manager, created_at, updated_at)
VALUES ('1','Julien','Reynolds','(667)782-3847','1','1976-04-08 11:51:40','2004-03-15 08:14:19'),
('2','Stanley','Thiel','06625380348','0','1976-03-30 17:39:56','1976-09-04 04:48:08'),
('3','Wallace','Ratke','(628)993-0251','0','1973-06-09 07:01:47','1988-06-25 11:46:42'),
('4','Filiberto','O\'Kon','1-018-253-4509x3820','1','1976-07-01 16:42:54','1977-09-18 07:52:38'),
('5','Jorge','Gutkowski','(091)983-9067x014','1','2014-08-02 20:25:03','1972-06-25 18:21:11'),
('6','Domenick','Brakus','1-582-473-3619x501','0','1995-04-13 17:42:41','1999-10-25 02:08:39'),
('7','Gaylord','VonRueden','(848)137-0408x43875','1','2009-10-31 23:35:59','1985-09-05 08:32:23'),
('8','Eli','Dickinson','976.003.1028x239','0','1993-06-03 10:53:58','2015-12-25 23:14:25'),
('9','Arden','Dibbert','953.484.7061','1','1976-11-08 23:37:00','2019-08-24 04:51:11'),
('10','Matt','Lakin','(216)251-4598x784','0','1978-02-07 15:02:05','2016-07-05 20:39:35'),
('11','Andy','Schoen','1-292-692-6908x76742','1','1978-07-09 16:51:07','2020-01-11 06:54:02'),
('12','Jeffery','Strosin','+60(8)6476500998','1','1986-04-25 23:59:23','1977-06-20 15:08:24'),
('13','Watson','Koelpin','1-920-212-8619x43571','1','1992-12-12 11:34:41','1992-07-10 23:02:31'),
('14','Brandt','Heller','1-632-270-8694x011','0','1987-10-26 10:19:26','1999-08-24 08:50:12'),
('15','Giles','Nienow','1-033-767-7545x06675','0','2011-12-06 08:29:44','1990-09-18 03:27:53'),
('16','Jace','Bashirian','1-196-372-9218x885','1','2010-01-13 16:26:45','2005-06-18 10:54:53'),
('17','Hilton','Legros','754.278.3248x8893','1','2015-08-20 20:59:25','2000-04-22 13:50:57'),
('18','Olen','Wiegand','1-438-770-7425x8176','1','2007-06-25 13:53:49','1978-06-10 19:01:29'),
('19','Gayle','Shields','1-230-667-8892x77120','0','2004-02-10 13:10:33','1992-11-18 09:11:46'),
('20','Arnaldo','Murray','1-624-461-1075x550','1','1975-04-23 08:21:11','2002-02-07 00:34:58'),
('21','Wilbert','Sporer','477-639-7916x936','1','2013-12-28 21:17:17','1984-07-11 23:03:05'),
('22','Andy','Brakus','1-175-596-5051x4165','1','2017-08-24 23:30:59','1973-10-03 07:33:01'),
('23','Doyle','Beier','(940)169-6533','1','2010-12-21 02:20:56','2007-05-21 03:53:34'),
('24','Roosevelt','Schowalter','1-735-339-6166x65991','1','2017-03-12 02:21:09','1982-04-18 23:56:10'),
('25','Grayson','Mayert','251-733-1877x89385','0','1997-03-04 18:42:51','1975-05-08 18:13:58'),
('26','Camron','Haley','1-944-167-8567','0','2018-08-13 12:32:24','1982-04-09 09:25:33'),
('27','Albert','Turcotte','(151)364-1576','0','1987-11-26 13:44:15','2000-11-14 08:06:08'),
('28','Lemuel','Macejkovic','032-052-0230x0909','0','2008-11-11 10:39:54','2017-09-18 21:55:45'),
('29','Wilfredo','Weimann','538.108.2232x141','0','1996-09-18 17:47:09','1994-10-23 02:07:16'),
('30','Carmine','Collins','912.286.0823x854','0','1985-11-21 17:37:07','1992-02-08 07:11:21'),
('31','Jordan','Ebert','558.043.3972','1','1988-08-01 00:54:56','1976-03-08 22:42:12'),
('32','Ralph','Paucek','(909)484-8403','1','1996-09-02 14:29:30','1977-11-12 14:29:36'),
('33','Reyes','Corkery','+90(1)3843275971','1','1990-07-06 22:25:43','2016-06-11 18:50:43'),
('34','Weldon','Tromp','08393369903','0','1972-03-01 14:17:03','1997-05-03 12:18:04'),
('35','Braeden','Schoen','586-839-6891','1','2019-10-13 08:58:46','2010-09-14 15:41:59'),
('36','Everardo','Goyette','(600)621-5239','1','2014-09-10 14:04:51','1973-02-14 14:43:43'),
('37','Marc','Anderson','1-544-673-8104x7062','0','1988-06-29 16:07:24','1971-02-18 23:58:01'),
('38','Nathanael','Schmidt','(518)698-6095','1','1971-08-11 18:27:29','2006-12-14 11:24:15'),
('39','Raymond','Stehr','830-710-9682','1','1990-02-17 12:48:35','1986-07-04 17:07:50'),
('40','Hazel','Nader','(741)995-1465x3740','0','1989-06-24 13:16:54','1976-03-29 15:01:21'),
('41','Alexander','Dare','(087)023-8757x24718','1','2014-08-11 16:29:46','1993-11-28 21:12:27'),
('42','Tristian','Jacobson','497.408.6077','0','2000-03-18 12:48:41','2019-11-14 09:49:15'),
('43','Angus','Dickinson','1-077-681-9748','1','1989-12-24 05:28:39','1994-03-31 02:59:36'),
('44','Abel','Wilkinson','101.414.4374x801','1','1995-05-05 04:26:34','1991-01-03 05:20:24'),
('45','Mathew','Stehr','1-396-769-4089','0','2019-01-23 02:41:46','2011-04-11 11:06:21'),
('46','Bennett','Klocko','1-093-039-4492','0','2010-01-06 11:05:43','1982-05-25 07:22:50'),
('47','Godfrey','Frami','(878)234-2044','0','1991-10-16 11:38:55','1989-01-26 07:34:25'),
('48','Austyn','Harber','(879)477-4081x98376','0','1980-12-03 07:06:07','1973-01-18 06:28:13'),
('49','Tre','Gerlach','(085)050-6763x697','1','1972-07-23 02:52:29','1971-05-24 19:58:06'),
('50','Dewayne','Herzog','(469)583-6446','1','1980-02-05 15:04:52','1983-10-09 04:57:42'),
('51','Lonzo','Wintheiser','1-106-194-8152x3720','0','1971-10-03 00:23:48','1990-03-09 08:34:23'),
('52','Emery','Bergnaum','00800079756','1','2001-10-15 06:12:29','1977-12-15 22:02:10'),
('53','Ambrose','Veum','1-299-232-1749','1','1985-04-01 11:43:27','2001-03-25 07:36:55'),
('54','Adonis','Hansen','367-537-8753x92735','0','1975-03-16 07:05:04','1998-06-10 18:55:45'),
('55','Manuela','Gleason','(456)839-8440','0','2019-08-20 12:40:48','2019-10-01 07:39:00'),
('56','Rupert','Ward','405-455-8215','1','1979-04-28 16:03:36','2010-02-17 13:08:26'),
('57','Hilbert','Jakubowski','1-178-820-2274x49525','1','1985-11-03 04:21:22','2000-06-03 08:28:46'),
('58','Sebastian','Schmeler','762.433.5634','1','1998-02-23 07:51:56','2013-12-02 10:36:58'),
('59','Elwyn','Bartell','524-475-7457','0','2014-10-27 01:31:38','1982-10-13 14:03:37'),
('60','Robb','O\'Connell','+92(0)4560945766','1','1983-03-13 20:41:58','1997-10-14 21:57:22'),
('61','Erich','Kunde','03854369502','1','1982-12-14 14:51:02','1972-10-04 00:50:40'),
('62','Federico','Fritsch','+12(2)1614151462','1','1996-03-18 23:00:45','2004-11-21 06:48:19'),
('63','Waino','Little','095.126.3590x86653','0','1971-09-08 02:17:56','1993-08-02 21:36:56'),
('64','Brannon','Hoppe','252.059.2441x014','0','2005-02-01 11:19:56','1988-07-31 03:10:26'),
('65','Tracey','Gusikowski','(178)968-8702x9949','0','1982-06-23 09:18:32','1975-03-22 03:06:52'),
('66','Mallory','Price','532.607.8201','0','1978-02-18 07:39:14','1989-03-31 06:32:47'),
('67','Camron','Beatty','(647)068-4386x39950','0','1999-06-17 15:26:06','2003-03-02 07:06:57'),
('68','Myrl','Walker','1-115-661-3415','0','2018-06-03 09:26:42','1999-02-03 05:41:34'),
('69','Anthony','Beer','1-850-856-2647x805','0','2003-05-17 12:39:31','1987-07-01 01:49:13'),
('70','Cole','Hermiston','(443)029-5406x734','0','1978-08-07 05:01:37','1976-10-27 05:07:47'),
('71','Raymond','Schroeder','234.332.9381','1','1994-04-06 07:04:00','1984-02-05 09:15:51'),
('72','Casper','Kunde','+66(4)1650979309','1','1993-01-20 11:11:37','1977-06-26 04:10:47'),
('73','Chaz','Conn','1-091-319-5056x3368','0','2005-12-17 12:35:03','1972-12-05 16:57:46'),
('74','Noah','Jacobi','612-579-8905x41337','1','1978-08-12 15:51:13','1987-11-12 13:17:12'),
('75','Colton','Rau','604.161.5073x87454','1','1975-02-22 01:47:00','1975-07-07 06:08:20'),
('76','Orlo','Littel','006-039-1493','0','1988-07-16 20:25:03','1991-06-30 18:33:21'),
('77','Carter','Durgan','785.222.2678x9508','1','1988-05-15 15:08:28','2002-12-23 10:01:17'),
('78','Tommie','Cassin','1-999-013-3971x52330','0','1973-08-27 12:16:21','1981-01-27 18:29:19'),
('79','Sid','Willms','777.322.1658x44337','1','1987-07-12 12:27:57','2012-09-19 04:28:47'),
('80','Dimitri','Yundt','(239)260-1311','1','2019-12-02 13:18:58','1999-07-12 11:32:09'),
('81','Kamren','Hettinger','159.797.8279x3644','1','2000-07-14 03:49:37','2007-10-24 03:30:43'),
('82','Kristian','Mosciski','1-555-880-6278x52513','0','2013-01-17 08:06:05','2014-05-15 06:50:43'),
('83','Bailey','Jerde','265-953-7965x034','0','1972-02-03 18:58:25','1974-10-14 01:49:34'),
('84','Milan','Mohr','168-414-3130x65396','0','2020-02-09 12:39:57','1976-03-23 01:38:34'),
('85','Vincent','Kulas','1-308-554-0423','1','1979-08-03 18:11:32','1990-06-23 07:09:54'),
('86','Ashton','Okuneva','+48(6)5383813470','1','1982-06-03 21:54:46','2009-06-03 21:32:55'),
('87','Gardner','Bernhard','800-840-4234x56610','0','1985-10-10 05:10:23','2018-02-17 11:22:33'),
('88','Maxime','Koss','+81(6)1487054514','0','2004-08-17 08:21:15','2001-08-31 02:29:07'),
('89','Kayden','Lakin','880.898.5564x19758','0','1995-05-14 20:21:54','1993-05-31 03:49:38'),
('90','Joey','Wolf','1-902-553-6268','1','1975-10-16 14:17:35','1970-05-31 00:01:22'),
('91','Carey','Hane','564.436.8793x483','1','1998-10-06 23:17:04','1985-09-06 23:30:12'),
('92','Mason','Botsford','05806384195','1','1991-11-22 04:57:36','1985-11-16 01:14:15'),
('93','Monserrat','Lowe','405-509-3722','1','1970-06-23 21:56:19','2002-06-22 19:45:35'),
('94','Diamond','Gaylord','(491)877-5546x96019','1','1992-06-10 17:21:21','1972-03-11 10:48:28'),
('95','Hilton','Abernathy','241-232-7772x94103','1','2014-03-10 11:57:17','2009-08-07 00:04:16'),
('96','Orville','Pouros','1-377-970-5589x1229','0','1987-05-03 12:12:54','2011-08-20 03:25:59'),
('97','Arnaldo','Farrell','(386)471-2442x528','0','2006-10-26 07:51:37','2005-10-19 21:15:41'),
('98','Jordon','Dicki','885.613.1918x02169','0','1996-01-27 08:37:21','1972-07-04 08:25:48'),
('99','Nickolas','Fisher','1-037-166-4002x3308','0','1986-04-04 15:47:59','1971-06-02 12:25:02'),
('100','Leonel','Huel','04100767004','0','2004-02-12 16:56:00','1996-03-26 21:31:08'),
('101','Cloyd','Haley','733-997-1065x922','1','1982-07-05 10:23:47','2004-07-12 07:02:45'),
('102','Keith','Hartmann','(486)789-2261','0','2018-06-20 06:57:26','1970-05-01 10:13:37'),
('103','Cecil','Rowe','178.813.9871x27986','0','1985-06-02 00:49:07','1985-03-07 09:00:45'),
('104','Amari','Brakus','(920)480-3900','0','2017-06-20 14:26:54','1970-11-04 17:17:38'),
('105','Lorenz','Kub','00994877250','0','1997-11-24 11:21:30','1981-06-08 15:04:59'),
('106','Brock','Terry','(987)384-1593','1','1985-10-04 05:29:19','1972-05-24 17:52:33'),
('107','Lionel','Barton','073-424-8323x17631','1','2011-06-13 18:34:24','2011-01-05 09:33:18'),
('108','General','Stamm','564-206-2599x2435','1','2001-07-06 11:43:37','1981-01-25 00:34:38'),
('109','Lorenzo','Halvorson','(247)445-4737x397','0','1986-03-24 23:25:04','2018-12-27 16:15:38'),
('110','Bo','Bernhard','(016)513-4405','0','2013-06-13 14:50:02','1979-07-28 18:48:01'),
('111','Jett','Jakubowski','965-539-4674x7178','0','1979-03-14 03:33:25','2008-07-16 22:58:29'),
('112','Miles','Becker','1-148-752-3958x56165','1','1994-01-20 19:13:47','1979-05-19 12:30:44'),
('113','Ceasar','Graham','1-468-223-7892x193','0','2005-12-27 11:36:03','1989-09-13 10:25:42'),
('114','Quinn','Koelpin','394.376.0302x80665','0','1995-06-02 21:36:40','1973-07-26 19:40:17'),
('115','Lindsey','Reichel','519-681-9378','1','1984-10-23 04:48:52','2019-06-14 16:10:12'),
('116','Felton','Dickinson','1-609-519-2948x96029','1','1982-10-16 19:19:39','1975-10-02 06:07:35'),
('117','Duncan','Nikolaus','(327)152-9313','0','1996-10-31 20:54:19','2018-06-19 21:33:14'),
('118','John','Hoeger','686.433.0888x271','0','1971-10-08 12:19:21','1971-01-29 20:26:58'),
('119','Jaime','Prosacco','1-441-109-2496','0','2005-05-11 17:57:35','1971-01-20 16:55:15'),
('120','Wilmer','Stiedemann','(711)227-9774','1','2007-01-17 09:23:03','2009-11-14 17:03:43'),
('121','Emory','Schmitt','395.922.1969','0','2008-09-30 07:07:00','1991-12-24 03:21:54'),
('122','Karl','Pfannerstill','(475)076-5205x68983','1','1985-12-02 18:48:21','1980-01-08 22:06:01'),
('123','Royal','Reichert','844-328-1046x71530','1','2004-08-20 23:37:07','1974-02-19 04:52:51'),
('124','Hayley','Lesch','1-992-808-2777x96271','0','1984-09-14 02:26:58','1978-03-31 08:28:09'),
('125','Vito','Casper','1-954-999-0992x601','0','2001-02-01 14:23:11','1974-09-05 03:18:37'),
('126','Reggie','Kuvalis','(318)299-7969x731','1','2018-02-22 23:37:34','1978-10-18 03:41:42'),
('127','Sherwood','Satterfield','124.496.4645x171','0','2002-06-10 17:36:22','1985-10-13 06:30:10'),
('128','Jermain','Mertz','09215357955','1','1987-10-03 03:17:07','1991-07-31 04:35:29'),
('129','German','Wyman','099-341-5900','0','1983-06-27 11:06:19','2016-02-20 21:42:18'),
('130','Stephan','Blick','08736854239','1','2001-09-24 11:44:42','1995-06-11 15:45:29'),
('131','Michael','Murazik','1-561-516-1065','1','1993-03-19 17:14:53','1992-07-14 15:20:59'),
('132','Winfield','Schmidt','(093)820-1616','0','2004-11-20 22:18:34','1976-04-22 11:38:34'),
('133','Jonatan','Bechtelar','(794)226-6748','1','1992-04-17 10:36:58','1991-03-17 15:52:04'),
('134','Alfonso','Kautzer','(849)010-9001x6415','1','1974-01-11 16:48:38','2004-09-26 15:23:10'),
('135','Chauncey','Gulgowski','1-605-609-8815','1','2005-09-27 17:08:08','1978-07-08 03:58:49'),
('136','Domingo','Johns','787.583.0701','1','2006-06-29 23:45:46','1990-07-25 01:54:54'),
('137','Koby','Schaden','03303192229','1','1998-11-02 16:13:04','1979-01-09 16:15:35'),
('138','Clovis','Douglas','(268)835-3728x99953','1','1995-12-19 12:09:56','1986-06-12 21:28:58'),
('139','Foster','Steuber','1-713-945-2376x324','1','1996-01-11 07:29:10','2009-08-30 21:17:35'),
('140','Sidney','Cole','1-235-112-2000x121','1','1976-03-07 05:42:42','1979-01-15 07:29:54'),
('141','Thad','Howell','1-661-495-5869x005','0','1994-08-26 12:19:33','2017-09-23 21:05:31'),
('142','Jedediah','Reynolds','1-512-552-7341x49456','1','2014-11-24 01:18:04','1979-01-06 04:14:37'),
('143','Freddy','Murray','(211)306-7191x4882','1','1999-08-21 22:46:55','1980-03-20 19:50:49'),
('144','Kristoffer','Effertz','980-899-7204','0','1988-05-21 01:28:12','1979-04-02 04:07:50'),
('145','Jacques','Paucek','457.157.5714','1','2000-04-29 07:31:03','2007-03-08 21:26:14'),
('146','Deven','Schumm','(723)642-1095x6339','1','2010-11-21 06:49:55','1978-01-28 06:38:42'),
('147','Kayden','Stroman','1-181-431-2398x500','1','2015-08-18 02:11:44','1988-05-18 14:21:16'),
('148','Rashad','Schneider','(829)251-3362','1','2013-12-29 11:55:09','2019-10-22 05:36:12'),
('149','Darian','Moen','+09(9)1787390068','1','1982-03-09 07:31:35','2018-03-15 21:07:47'),
('150','Triston','Emard','092.530.3465','1','1975-07-25 17:33:02','1984-12-05 07:13:29'),
('151','Paris','Kiehn','380.267.7788x5876','1','1985-04-05 14:17:30','1994-02-15 02:30:38'),
('152','Abdul','Gusikowski','763.740.7570x792','0','1992-09-21 12:35:56','1995-01-22 01:32:18'),
('153','Reymundo','Kunze','123-985-8586x983','0','1985-07-20 12:13:22','1989-03-19 08:11:31'),
('154','Clovis','Kuhn','(825)950-4454x92074','0','1975-05-22 06:06:13','1991-10-19 00:52:12'),
('155','Dan','Bailey','+27(0)2769823266','0','2010-07-24 17:05:47','2009-07-23 04:18:28'),
('156','Myrl','Schuppe','1-333-039-8329x89658','1','2016-06-07 10:17:09','1986-03-29 01:48:01'),
('157','Miller','Rosenbaum','+63(6)3630704898','0','2019-12-20 06:54:46','1970-08-29 19:19:51'),
('158','Issac','McClure','408-070-3104x2552','0','1975-03-11 13:28:43','1980-08-06 00:05:56'),
('159','Hermann','Schuppe','345.490.1128x527','1','1990-11-01 13:07:49','2008-06-18 18:13:53'),
('160','Nelson','Kutch','(639)017-8260x3104','0','1971-04-05 19:44:20','2011-01-10 09:49:41'),
('161','Trever','Bednar','08915579999','0','1976-04-11 01:26:35','2006-05-12 04:57:11'),
('162','Lindsey','Sauer','474.164.6340','1','1971-03-12 11:28:41','1986-10-04 08:59:07'),
('163','Marty','Hansen','1-237-774-4198x4592','1','1995-04-11 19:24:53','1981-12-15 23:04:13'),
('164','Forrest','Kovacek','189.784.1878x36055','1','2002-01-13 02:48:32','2012-01-10 02:58:38'),
('165','Larry','Kshlerin','+98(1)7211479607','1','1988-11-01 14:37:08','2010-07-27 18:16:22'),
('166','Tyrel','Barrows','(101)620-3851','0','1998-09-05 07:38:13','1978-12-29 06:34:45'),
('167','Efren','Crooks','446.851.9034','1','2004-03-21 17:51:23','1981-11-22 12:10:51'),
('168','Brown','Leannon','02243010775','0','1974-09-12 02:27:35','1973-07-27 11:53:20'),
('169','Richie','Ortiz','1-164-899-5864x550','0','1987-12-11 20:00:50','1986-09-05 20:22:11'),
('170','Owen','Kautzer','(293)235-8996x254','1','1977-07-10 08:45:10','2002-02-25 09:40:19'),
('171','Oren','Crist','566-862-9469x440','1','1985-12-16 10:28:38','2017-09-25 21:04:07'),
('172','Lawson','Ferry','344.310.7879','1','1976-07-02 23:12:47','1971-06-12 00:49:10'),
('173','Issac','Lynch','(850)011-7272x1228','1','2011-01-18 13:54:32','2001-09-21 23:38:02'),
('174','Wade','Berge','(156)784-5710','1','2004-11-22 07:41:51','1998-04-01 21:00:25'),
('175','Israel','Hessel','1-715-376-7125','1','2006-12-10 16:48:48','1972-06-29 01:43:26'),
('176','Kayley','Hayes','153.896.5855x6719','1','2014-02-26 19:41:58','1999-03-17 20:48:07'),
('177','Carey','Smitham','(016)949-7164x67404','1','1994-03-31 02:34:30','1974-02-24 09:21:54'),
('178','Ford','Jacobi','874-380-3900','1','2016-01-13 02:25:36','2005-01-11 14:22:54'),
('179','Mac','Spinka','1-040-752-3131','1','2011-05-18 19:47:26','1997-05-06 10:26:56'),
('180','Jocelyn','Greenholt','1-579-226-3197x3395','0','1980-09-04 07:56:09','1996-03-31 08:25:33'),
('181','Dangelo','Bergnaum','09156637460','0','2019-05-18 11:57:21','1992-01-27 20:42:03'),
('182','Dallin','Miller','546.338.8616','0','1996-10-29 02:37:47','1976-03-17 19:06:26'),
('183','Kameron','Emmerich','1-663-268-7817x444','1','2018-07-02 20:24:30','2019-09-08 00:50:36'),
('184','Chandler','Prohaska','1-883-917-8368','0','1997-12-15 16:41:07','1981-03-06 17:21:42'),
('185','Ricky','Koepp','(347)693-5429x257','1','2016-05-04 02:08:30','2013-04-18 00:04:00'),
('186','Michael','Daugherty','+08(7)3717872884','0','2000-01-27 07:48:02','1995-08-05 05:21:08'),
('187','Charlie','Kiehn','(538)840-4975x29367','0','2007-03-19 20:00:20','1973-11-13 13:14:43'),
('188','Bernard','Yundt','+13(4)3478102422','1','2012-01-30 17:46:40','1989-10-02 06:38:47'),
('189','Barry','Sipes','(040)865-2445x5231','1','1986-06-01 10:49:03','1982-06-04 16:37:03'),
('190','Chauncey','Mayert','764-768-5939x4237','0','1971-03-15 17:18:41','1976-11-10 19:34:32'),
('191','Donavon','Dickinson','571.959.2777x078','1','1984-12-26 22:41:12','1978-06-14 01:36:25'),
('192','Jeremy','Graham','688-873-8526x0574','1','1987-01-02 18:17:44','2004-02-12 00:07:55'),
('193','Ralph','Jast','(329)099-2979','1','2017-06-25 10:37:03','1994-07-24 17:12:47'),
('194','Oscar','Homenick','219-648-7122x52737','1','2016-11-15 11:30:10','2015-11-16 11:39:04'),
('195','Lukas','Lynch','(787)082-5901','1','1993-07-30 00:17:28','2013-09-06 20:08:10'),
('196','Ariel','West','(062)711-7760','1','1972-08-27 07:06:24','1985-12-27 20:12:04'),
('197','Eladio','Thiel','1-011-561-4739x3310','0','2004-06-20 02:33:07','2005-03-14 17:53:40'),
('198','Jeffrey','Maggio','547-324-4739','0','2015-09-22 00:24:03','2015-03-12 04:11:59'),
('199','Jerrell','Wehner','+83(5)4193471186','1','2017-03-17 09:37:57','2015-01-11 00:23:03'),
('200','Marcellus','Wehner','1-706-390-0564','1','1989-02-02 08:20:08','1998-06-15 15:38:29'); 


select * from users;

update users SET updated_at = created_at WHERE updated_at < created_at;
update users set is_manager = 1 where id < 8;
update users set is_manager = 0 where id >= 8;


INSERT INTO payments (id, car_id, client_id, amount, type_payment, date_payment, created_at, updated_at)
VALUES ('1','2','7','32791.81','','2008-12-30 19:58:19','1992-06-18 01:07:47','2013-05-06 21:56:53'),
('2','5','8','17.76','','1983-08-02 23:53:28','2014-03-07 23:11:02','1999-06-03 12:24:33'),
('3','6','9','519363.84','','1998-08-24 00:29:32','1992-12-01 21:07:52','2004-01-15 09:48:09'),
('4','4','7','18.76','','1996-03-05 09:14:17','1973-07-28 07:47:46','2008-03-12 20:11:13'),
('5','5','4','99999999.99','','2014-10-04 21:49:39','1988-01-11 22:37:00','2009-05-08 21:17:56'),
('6','2','1','5364256.36','','2005-07-14 13:45:09','1973-07-16 21:06:45','1978-04-01 09:34:39'),
('7','8','2','0.00','','1974-05-22 22:50:26','2003-08-31 08:21:44','1980-04-25 09:08:12'),
('8','1','8','4.41','','1983-01-19 05:59:25','1999-04-30 17:43:12','1987-04-20 03:54:55'),
('9','2','8','667.68','','2013-01-14 11:50:29','1976-05-10 00:51:52','1995-12-30 01:42:27'),
('10','3','7','0.00','','1980-05-15 20:08:05','1994-10-28 05:44:34','2009-03-06 11:57:21'),
('11','5','6','30770872.19','','2014-12-24 09:24:34','2005-01-23 03:33:38','2004-05-22 06:25:59'),
('12','4','8','13698.01','','1980-06-16 00:44:40','2007-08-25 05:54:03','1979-05-27 15:31:06'),
('13','2','2','5132.28','','2006-07-21 12:45:03','1997-08-22 08:52:05','1971-02-15 11:34:06'),
('14','4','4','3.36','','1989-01-29 17:23:01','2016-05-22 05:53:25','1985-11-23 02:18:50'),
('15','3','1','5718.81','','2013-10-31 17:39:34','2002-02-15 20:51:33','2002-07-21 20:38:43'),
('16','4','5','20.65','','1972-10-28 13:33:11','1982-07-25 10:56:14','1978-03-18 15:39:51'),
('17','7','7','26331.58','','2000-07-27 11:49:28','1971-09-02 08:24:45','1980-04-23 05:12:28'),
('18','1','0','99999999.99','','1991-04-10 19:02:26','2010-10-06 16:57:48','1973-08-20 23:15:15'),
('19','6','3','0.00','','1991-05-08 18:40:19','2002-08-09 20:58:24','1974-11-11 08:01:43'),
('20','6','8','3.00','','1992-07-13 15:53:30','1995-09-19 13:46:30','2002-01-22 01:53:15'),
('21','6','2','24.98','','1991-09-15 03:27:38','1985-11-30 23:26:06','1977-07-14 21:36:54'),
('22','7','4','3456997.40','','2003-05-11 06:22:46','2002-09-10 21:51:47','2003-12-25 19:29:53'),
('23','0','0','0.00','','1995-02-10 09:25:26','1974-06-13 23:56:23','1987-03-07 02:13:07'),
('24','1','3','1321530.03','','1977-10-09 06:57:02','1987-03-18 01:38:03','1979-06-07 05:10:27'),
('25','8','7','5164669.97','','2019-01-29 23:50:19','1973-05-05 17:55:23','2013-09-08 21:49:25'),
('26','1','3','3.80','','1982-06-17 01:35:31','2002-10-01 01:11:50','1978-03-08 03:55:18'),
('27','6','2','1778.60','','2000-11-04 20:02:35','1983-12-22 06:57:52','2004-12-17 16:46:32'),
('28','2','7','81739877.00','','1975-11-07 02:25:04','2010-04-13 22:31:54','1980-08-28 15:43:52'),
('29','9','1','1.26','','1988-03-19 08:19:53','2005-04-09 14:25:17','2015-10-11 15:57:12'),
('30','4','1','0.26','','1989-03-17 23:07:01','2008-08-02 17:33:47','2018-10-31 08:17:42'),
('31','7','4','0.00','','1975-03-17 08:12:54','1994-05-01 06:17:01','2007-02-16 07:47:48'),
('32','9','1','17.20','','2015-09-13 03:01:19','1980-05-12 05:59:59','2009-04-13 08:34:03'),
('33','3','3','49.48','','1996-01-11 10:19:30','1973-07-06 23:00:52','1977-04-18 10:05:49'),
('34','4','8','182.89','','1991-04-14 07:16:50','1985-06-14 10:25:41','1990-12-19 00:54:54'),
('35','1','2','2.93','','2015-10-25 03:11:14','2008-01-30 22:04:22','1977-06-22 01:53:33'),
('36','1','5','224.00','','1988-01-14 07:29:51','2005-07-08 15:52:46','1975-06-19 18:54:15'),
('37','0','5','49635.95','','1982-08-26 09:31:57','2014-08-25 04:18:35','2000-09-19 21:09:34'),
('38','9','7','24171360.40','','1991-10-11 12:08:32','1983-10-20 10:15:24','1990-09-16 04:18:22'),
('39','8','9','2977767.97','','1985-10-02 18:03:01','1993-07-23 23:59:52','1972-01-23 12:16:03'),
('40','6','4','183383.00','','2015-05-03 02:13:04','2010-12-30 07:39:30','1976-09-04 15:39:21'),
('41','6','1','0.00','','2006-12-26 09:51:45','1995-02-21 00:58:56','1997-03-30 20:15:47'),
('42','8','5','19824307.57','','1991-11-30 18:34:56','2004-06-03 13:44:37','2007-02-25 10:12:56'),
('43','2','8','0.00','','1984-11-26 21:07:30','1983-05-01 09:57:16','2008-04-12 10:52:15'),
('44','1','6','3.60','','2017-01-10 08:59:02','2016-06-23 03:24:25','1984-11-01 05:32:09'),
('45','4','9','34067.69','','1990-04-23 10:44:28','1997-10-14 08:16:07','1996-07-31 00:14:58'),
('46','6','1','0.00','','1974-02-09 00:08:40','2012-01-17 16:50:53','1993-03-11 15:12:28'),
('47','8','5','2179683.00','','1972-07-31 05:11:54','2014-07-02 21:34:26','2002-09-29 10:26:31'),
('48','6','8','65.61','','2019-05-22 12:34:39','1981-05-05 16:37:16','2006-12-14 20:18:06'),
('49','3','4','4411858.11','','1991-12-12 04:41:56','1974-07-11 17:42:58','1993-04-04 08:30:20'),
('50','4','1','0.00','','1981-10-29 20:44:41','1974-07-10 08:59:39','1997-05-10 23:33:30'),
('51','5','7','67559212.67','','1995-10-12 03:53:01','2019-05-17 17:49:53','1996-12-08 18:53:10'),
('52','4','7','7.00','','2011-11-24 08:17:05','2019-11-03 02:16:06','2011-07-02 17:59:53'),
('53','0','4','3497238.30','','1992-01-24 11:55:28','1979-08-24 03:00:24','2012-05-13 09:44:15'),
('54','4','7','17548.27','','1982-06-06 11:51:59','2017-06-19 12:32:34','2000-08-05 21:42:25'),
('55','7','4','58.48','','1973-08-14 08:26:07','2015-02-14 19:32:23','2008-01-01 04:17:16'),
('56','9','4','99999999.99','','1999-11-28 05:16:55','2012-10-22 14:52:34','1993-09-30 08:32:31'),
('57','1','3','63501573.57','','1994-06-23 07:05:24','2017-07-04 07:48:43','1990-05-17 21:48:15'),
('58','3','1','41.47','','1984-07-22 01:14:05','2002-08-23 21:37:41','1987-03-25 10:51:39'),
('59','8','7','5048.40','','1972-11-25 04:35:23','1988-03-30 07:29:39','1982-06-22 08:04:29'),
('60','9','3','0.00','','1996-08-22 08:36:38','1991-09-18 19:13:34','1984-12-25 11:13:30'),
('61','6','7','3.20','','2009-12-14 06:17:57','1987-07-28 16:52:28','2012-07-03 23:07:29'),
('62','8','5','2268779.16','','2015-11-11 04:59:03','2008-05-25 14:29:48','2009-02-15 20:55:48'),
('63','9','0','51.29','','2012-03-06 19:25:59','2016-03-29 21:07:11','2003-10-29 19:26:40'),
('64','7','7','0.28','','1988-02-12 19:47:35','2009-07-03 01:04:20','1978-05-26 05:08:46'),
('65','4','4','304.42','','1996-01-28 17:28:43','1992-06-24 18:20:37','1971-11-15 14:23:46'),
('66','2','9','2243965.52','','1993-11-08 06:37:38','2006-07-01 17:48:28','2007-01-23 00:15:17'),
('67','5','8','1215422.95','','1984-07-16 11:31:28','1989-03-27 17:46:47','2013-01-18 06:42:15'),
('68','7','7','2759236.27','','2014-05-13 14:08:01','2008-01-10 11:26:19','2007-06-20 22:10:47'),
('69','9','6','14312651.23','','1975-12-03 18:03:20','2005-10-06 03:03:15','1998-04-13 00:34:21'),
('70','9','5','6055.11','','1989-04-19 20:24:15','1991-04-30 06:35:31','2009-03-26 20:53:56'),
('71','1','1','787.33','','1982-08-05 14:59:50','1992-09-16 23:41:10','2009-12-08 03:49:50'),
('72','7','8','1262.84','','2018-04-19 07:30:54','2009-02-24 23:31:52','1998-05-12 10:21:55'),
('73','3','6','1521.04','','1970-10-15 09:09:19','2007-07-19 15:22:51','1983-06-19 00:41:48'),
('74','5','2','35599894.40','','1995-09-28 01:06:11','1980-06-08 12:05:19','2005-10-27 04:54:56'),
('75','5','4','1501.16','','2015-10-09 00:43:39','2011-09-25 01:04:45','2000-11-19 01:40:41'),
('76','6','9','46213.85','','2003-12-24 00:50:45','1985-12-05 09:54:29','1975-07-01 18:48:12'),
('77','1','0','0.00','','1972-11-29 10:20:08','1971-01-18 16:14:22','1994-10-28 00:29:57'),
('78','4','7','3683283.66','','1988-10-30 04:51:22','2017-07-27 14:03:15','2006-09-02 04:59:44'),
('79','0','4','6578477.00','','1994-07-29 17:40:49','1977-10-24 15:44:34','2008-01-23 19:07:39'),
('80','5','7','2801020.38','','1984-09-22 10:24:03','1998-04-21 11:21:11','2007-10-17 16:36:06'),
('81','5','3','1.00','','1979-03-01 14:46:48','2014-10-19 09:58:50','1977-04-26 06:43:08'),
('82','3','7','3325.90','','1979-04-04 19:53:03','1989-07-15 02:18:29','1979-12-27 19:15:30'),
('83','8','5','5229253.47','','2019-09-20 22:49:08','1972-08-07 11:49:15','1997-07-08 18:57:08'),
('84','4','8','6158.13','','1998-11-14 04:22:12','1987-02-07 18:54:40','2018-07-13 18:43:29'),
('85','1','9','34937.63','','2020-01-23 23:06:26','2008-04-09 16:06:09','2016-09-26 05:45:45'),
('86','0','3','3033.60','','2002-07-08 01:48:27','1990-06-10 12:00:12','2012-12-14 10:57:15'),
('87','6','6','99999999.99','','1978-06-11 11:54:44','2012-11-09 12:25:49','1976-01-07 06:09:48'),
('88','2','3','160943.33','','1973-04-27 21:09:31','1988-04-24 18:00:10','1992-06-02 18:24:52'),
('89','9','0','41912056.07','','1993-11-26 12:07:55','2014-12-07 12:54:46','1975-07-02 23:56:27'),
('90','7','1','19454502.02','','2000-09-23 23:31:23','2012-01-20 16:39:43','1996-12-03 08:09:02'),
('91','5','0','494028.10','','1981-08-26 02:44:04','1986-08-31 22:44:09','2004-07-20 14:45:41'),
('92','5','1','35725521.00','','1971-10-04 04:49:12','1988-02-23 09:56:16','2013-12-11 07:07:14'),
('93','3','8','99999999.99','','1988-07-18 12:10:04','1978-03-09 20:43:22','1971-06-04 12:52:01'),
('94','0','0','0.00','','1991-03-09 08:42:45','2003-05-22 13:42:29','1976-07-18 08:14:49'),
('95','2','0','10075627.23','','1972-12-28 06:29:31','1994-01-26 15:33:30','2006-09-03 10:54:17'),
('96','9','1','19974.81','','1970-02-20 20:02:38','1980-01-03 11:59:28','1971-11-09 12:07:42'),
('97','9','0','18118.74','','2018-10-16 07:47:15','2004-05-19 07:36:25','1986-08-13 10:13:31'),
('98','4','3','0.00','','1974-06-22 10:23:35','1994-09-17 20:22:52','2000-05-18 06:23:12'),
('99','2','0','7.26','','1990-11-07 05:36:26','1971-02-06 19:18:48','2008-04-20 18:39:41'),
('100','7','1','99999999.99','','2006-10-13 11:52:19','2018-03-17 03:31:41','2019-10-05 21:51:29'),
('101','0','2','51997631.00','','1998-02-03 13:45:46','1977-10-24 01:42:59','2018-04-11 08:34:22'),
('102','4','1','1125.65','','2002-08-11 01:15:59','1979-01-30 04:43:59','2011-03-19 04:02:49'),
('103','0','8','389616.40','','1999-09-24 22:20:26','2014-07-16 12:04:36','1991-09-25 05:20:14'),
('104','9','8','99999999.99','','1970-05-05 22:17:07','2011-06-26 13:58:19','2011-03-16 16:32:12'),
('105','2','2','24.70','','2003-09-07 17:09:51','1990-11-07 20:39:38','1987-05-08 02:57:04'),
('106','2','0','0.00','','1979-01-06 12:11:02','1981-02-25 07:44:03','1987-11-04 02:15:38'),
('107','3','0','1213.10','','2010-03-29 20:21:15','2000-06-09 13:27:07','1986-11-16 00:13:00'),
('108','6','7','5179.00','','1977-04-29 13:54:34','1997-12-16 00:49:14','1982-05-25 15:03:41'),
('109','7','4','4458.25','','1986-01-31 23:40:44','1984-01-29 02:02:24','2010-08-12 17:40:07'),
('110','1','8','9.00','','1995-03-18 13:43:05','2003-10-24 16:08:29','2011-09-03 20:45:09'),
('111','3','4','445314.00','','2019-10-30 23:37:46','1985-05-18 19:38:09','2019-07-01 21:13:37'),
('112','9','1','5672429.59','','1979-03-30 19:04:23','2014-08-18 20:04:33','1977-07-31 21:10:50'),
('113','7','0','34.78','','1995-12-26 21:46:06','1979-07-25 10:23:46','1995-12-18 01:49:23'),
('114','2','7','2.90','','2005-07-27 17:41:48','1971-08-01 20:24:43','1984-10-10 03:09:13'),
('115','2','5','0.00','','2018-10-19 17:42:53','2015-11-24 13:25:38','2011-04-18 14:57:46'),
('116','3','8','0.43','','2008-05-24 15:34:07','1984-01-13 15:15:29','2004-05-23 04:06:45'),
('117','0','5','278.60','','1988-04-22 07:49:04','2000-04-30 22:47:12','2011-07-25 21:31:59'),
('118','4','1','39448.40','','2012-11-05 01:41:15','1993-09-18 06:20:41','1986-07-03 20:18:48'),
('119','7','3','0.00','','1988-06-20 11:19:14','1992-02-01 18:18:48','1971-03-13 22:18:27'),
('120','5','7','368.39','','2014-11-14 20:41:07','2006-11-06 05:28:34','2017-05-29 03:26:38'),
('121','1','0','44271.80','','2010-07-25 07:31:31','2012-04-20 07:09:13','2000-08-14 13:21:15'),
('122','9','4','257.77','','2001-06-29 03:32:28','1983-05-17 08:22:18','1988-03-05 06:00:24'),
('123','7','1','54.68','','2006-10-17 19:18:26','2018-12-30 04:21:40','1973-06-02 06:20:28'),
('124','0','3','44383988.91','','2014-10-26 00:21:46','2015-04-16 10:23:10','2019-03-17 13:31:32'),
('125','0','3','99999999.99','','1980-12-12 04:39:17','1990-08-27 22:22:10','2018-08-23 17:55:23'),
('126','0','1','3.00','','2018-04-23 04:59:53','1970-09-16 22:15:25','2018-03-06 15:14:47'),
('127','5','8','1230798.00','','1994-08-06 07:49:18','1978-02-13 09:10:32','1991-10-24 03:24:30'),
('128','6','2','1.05','','2001-02-17 06:05:45','1996-09-27 02:21:32','2002-06-15 22:51:36'),
('129','6','4','70663569.62','','2002-06-16 13:24:03','2012-09-14 02:11:27','2010-04-13 08:22:20'),
('130','6','2','246.18','','1970-10-30 00:33:36','2019-07-21 12:47:57','1984-02-21 15:28:15'),
('131','0','5','0.00','','1989-02-10 22:53:28','1998-09-17 00:44:50','2014-04-08 12:18:13'),
('132','6','3','11.82','','2007-04-04 05:24:08','2013-02-27 06:15:39','2006-07-29 13:33:20'),
('133','6','8','165.10','','1985-02-02 04:04:27','1976-09-29 04:00:22','1982-06-11 21:32:24'),
('134','9','6','4956.96','','2017-09-27 04:21:08','1980-04-05 06:14:11','1970-07-13 21:31:54'),
('135','1','4','573.50','','1979-01-20 06:59:14','1985-01-18 03:41:44','2014-10-24 15:35:41'),
('136','5','3','99999999.99','','2010-02-22 23:56:49','2018-04-30 23:52:23','1990-04-11 08:31:55'),
('137','0','1','2383752.94','','2007-10-05 21:30:15','2011-10-12 11:09:51','1985-11-28 13:47:04'),
('138','2','6','11794.12','','2010-10-01 19:43:53','1979-01-09 15:39:44','2015-11-28 09:52:47'),
('139','2','4','99999999.99','','1995-01-18 09:42:48','2008-03-01 20:46:59','1989-03-16 23:51:42'),
('140','6','1','2723841.70','','1989-02-01 08:26:07','2014-08-05 05:49:36','2018-01-07 04:25:25'),
('141','6','5','50918708.25','','1983-07-10 23:26:35','2020-02-06 00:47:13','1985-06-04 22:05:20'),
('142','3','5','2089.31','','1983-04-28 19:17:06','2014-12-03 00:56:34','1981-02-23 04:05:17'),
('143','9','2','8881.00','','1976-09-11 19:06:55','1979-03-23 00:23:54','2012-08-14 23:54:03'),
('144','9','9','1.67','','1998-12-30 05:47:29','1983-07-15 00:50:18','1993-03-12 23:17:03'),
('145','1','9','1.00','','1981-12-28 20:37:15','2018-04-27 06:32:28','2007-10-26 16:12:14'),
('146','7','4','281.90','','2002-10-04 10:01:27','1998-02-17 20:20:23','1995-02-21 11:39:00'),
('147','7','4','16.85','','1986-12-11 07:58:23','2019-11-03 17:52:52','2017-01-25 10:56:28'),
('148','0','2','34.17','','1994-01-12 05:12:34','2001-01-11 01:28:31','1978-03-15 18:28:51'),
('149','0','1','224918.91','','1975-03-09 01:46:19','2003-12-09 14:45:23','1981-09-23 00:49:13'),
('150','5','3','15155.02','','1995-01-17 10:13:09','1995-05-31 17:21:11','1980-10-28 15:50:44'),
('151','2','4','5181.00','','1974-02-14 12:11:27','2012-02-20 14:55:02','2005-07-01 15:13:50'),
('152','6','9','22350.50','','1975-05-09 18:17:22','1971-06-07 06:02:57','1990-07-23 18:49:36'),
('153','3','5','12451.90','','1971-02-26 03:48:28','1985-09-28 12:14:10','2004-01-13 08:31:16'),
('154','7','3','17389.61','','1978-12-29 13:07:10','2003-06-04 14:47:26','2004-08-11 07:17:45'),
('155','6','2','1064.22','','1975-05-22 13:06:42','1981-07-29 18:22:44','1989-05-25 08:50:56'),
('156','4','3','1018.23','','1989-09-17 04:14:24','2003-05-19 02:01:43','1982-01-25 11:57:48'),
('157','7','0','53.00','','1991-11-14 12:50:20','2015-03-15 14:39:08','1974-04-25 21:23:04'),
('158','8','6','84.15','','2011-02-16 22:22:02','2000-09-21 12:17:59','1982-01-13 02:14:43'),
('159','1','8','50.86','','2005-06-20 01:24:50','1981-04-09 05:09:10','1984-07-25 16:06:29'),
('160','7','0','4171358.91','','1995-08-02 17:43:33','1983-12-13 12:49:39','1992-07-17 02:06:31'),
('161','5','7','4886542.35','','2001-01-20 10:36:25','1996-09-11 10:33:25','1970-05-23 07:47:49'),
('162','6','2','30.95','','1970-07-28 01:52:53','1983-11-08 21:25:44','1992-08-21 06:09:21'),
('163','5','1','795948.80','','2005-04-17 21:02:35','1972-11-02 22:24:01','2002-10-03 11:24:41'),
('164','9','6','1.82','','2004-12-25 14:13:42','2008-03-17 20:11:24','1972-08-05 02:01:25'),
('165','0','2','5363.96','','1999-08-09 11:05:44','1999-10-01 01:25:27','1997-08-24 14:27:00'),
('166','1','4','69503.70','','1978-08-03 04:36:43','1983-04-02 07:52:41','1979-03-22 23:16:39'),
('167','5','5','154.75','','1998-01-28 10:59:49','2008-10-04 08:45:25','1970-03-25 08:57:02'),
('168','2','1','793079.45','','2018-12-16 12:19:36','1977-10-04 04:33:06','1972-02-08 11:40:23'),
('169','8','2','16554.71','','2006-06-01 20:29:00','1985-02-05 00:52:03','2009-03-30 16:30:30'),
('170','0','0','503.70','','2017-08-28 11:21:20','1974-06-27 12:18:48','1983-12-08 17:44:59'),
('171','5','4','122.67','','1998-03-09 13:34:17','1991-12-12 21:47:24','1995-09-28 01:45:31'),
('172','5','7','905.69','','1987-03-19 00:41:32','2005-11-13 06:02:19','1970-10-27 09:52:28'),
('173','8','3','71013781.44','','1983-04-24 09:58:15','2001-06-01 11:12:33','1978-11-07 09:56:39'),
('174','9','5','223324.86','','2014-09-29 17:02:54','1970-04-05 08:25:43','1996-12-22 13:09:41'),
('175','4','6','457022.40','','2000-04-16 14:44:48','1973-12-21 11:26:48','2005-07-20 09:06:14'),
('176','3','0','260.04','','1982-09-14 19:15:36','1995-06-05 08:46:29','1977-02-28 17:11:36'),
('177','1','7','112.80','','2001-10-22 13:12:38','2001-01-29 20:17:11','2011-10-14 13:09:47'),
('178','2','7','57659.68','','1998-08-10 01:01:27','1989-11-22 02:20:02','2004-04-11 07:28:49'),
('179','2','5','10.69','','2007-10-25 02:07:22','1982-08-19 19:33:25','1994-08-03 21:09:16'),
('180','9','5','0.00','','2003-07-30 13:44:10','1985-05-15 07:04:43','1981-05-01 20:33:49'),
('181','6','2','3025565.90','','1993-12-08 15:25:06','1989-08-12 08:30:30','2014-03-14 20:29:37'),
('182','9','5','7.33','','1979-01-07 11:51:12','1977-10-17 13:41:15','1987-09-27 23:59:09'),
('183','3','0','55195.53','','1991-08-09 12:04:38','1981-04-09 15:01:18','2007-03-07 11:34:54'),
('184','5','9','3.80','','1982-12-21 19:58:34','1974-12-26 14:55:26','2005-04-07 03:00:42'),
('185','1','7','34921939.09','','1991-11-14 11:59:29','1997-06-29 11:39:05','1990-07-16 01:20:16'),
('186','3','3','428.58','','2005-06-17 08:00:57','2001-06-07 16:01:45','2017-07-12 15:26:19'),
('187','1','8','243.85','','1981-04-13 06:35:20','2004-05-26 09:22:49','2015-12-16 02:48:32'),
('188','5','2','5484.39','','2011-12-04 07:02:30','1992-08-28 08:27:09','2005-10-06 22:14:42'),
('189','4','7','108.33','','2014-09-16 21:39:48','1986-04-21 12:39:47','2016-08-29 20:26:59'),
('190','8','0','26025042.83','','2015-10-20 17:49:53','2007-01-31 00:53:53','2008-03-17 20:29:23'),
('191','6','9','3.00','','2018-08-19 13:56:44','1971-11-23 17:20:48','2018-03-02 03:02:07'),
('192','5','5','8509.82','','1993-09-01 12:17:07','1971-04-23 09:22:51','1999-08-08 21:50:45'),
('193','4','2','0.00','','1999-05-11 00:02:57','2005-06-23 12:06:36','2001-12-20 04:45:32'),
('194','8','0','1806.38','','1995-03-26 20:32:28','1993-07-30 09:13:45','1985-06-17 06:03:02'),
('195','7','1','2.00','','2001-05-30 19:57:01','1996-05-17 20:17:26','2012-08-13 00:26:24'),
('196','0','9','7010.69','','1980-10-05 04:43:59','1977-09-18 20:11:47','1983-10-28 04:09:39'),
('197','2','9','21.50','','1994-05-25 15:20:43','2012-08-02 19:59:09','2011-09-27 20:01:52'),
('198','9','1','84190392.87','','1997-02-13 16:16:02','1987-02-14 15:18:03','2006-09-14 21:03:18'),
('199','9','2','49.79','','1971-07-21 21:43:06','1976-05-07 06:22:29','2001-02-27 19:26:43'),
('200','3','8','9.70','','2011-04-08 01:51:08','1985-09-27 02:54:30','1980-03-25 23:39:41'); 

select * from payments
where type_payment = 'SALE'
order by car_id;


UPDATE payments SET
  car_id = FLOOR(1 + (RAND() * 200));
UPDATE payments SET
  client_id = FLOOR(1 + (RAND() * 200));
UPDATE payments SET
  manager_id = FLOOR(1 + (RAND() * 7)); 
update payments SET updated_at = created_at WHERE updated_at < created_at; 
update payments SET date_payment = created_at;
 case ceiling(rand()*3)
 when 1 then 'PURCHASE'
 when 2 then 'SALE'
 when 3 then 'PREPAYMENT'
 end;

update payments set amount = (select price from cars where cars.id = payments.car_id);
update payments set amount = (select sale_price from cars where cars.id = payments.car_id) where type_payment = 'SALE';
update payments set amount = (select price from cars where cars.id = payments.car_id) where type_payment = 'PURCHASE';
update payments set amount = (select price from cars where cars.id = payments.car_id)/100*30 where type_payment = 'PREPAYMENT';
update payments set date_payment = date_add(date_payment, interval 40 year) where date_payment like '197%';
update payments set date_payment = date_add(date_payment, interval 30 year) where date_payment like '198%';
update payments set date_payment = date_add(date_payment, interval 20 year) where date_payment like '199%';
update payments set date_payment = date_add(date_payment, interval 10 year) where date_payment like '200%';
update payments SET created_at = date_payment;
update payments set type_payment = 'SALE' where id in (10,94,80,115,145,147,133,136,79);
update payments SET type_payment = 'PURCHASE' where id in (71,192,90,110,197,211,18,61,164,49,21);
update payments set date_payment = date_add(date_payment, interval 60 day) where car_id in (3,8,27,35,40,44) and type_payment = 'PURCHASE';
update payments set amount = amount - amount/100*10 where car_id in (4,18,25,30,43,52,76,84,107,117,150,161,178,186,197) and type_payment = 'SALE';


INSERT INTO test_drives(id, car_id, client_id, manager_id, date_test, created_at, updated_at)
VALUES ('1','3','9','5','2013-05-04 04:25:12','2005-11-12 19:16:47','1997-01-31 06:41:28'),
('2','2','3','3','2014-02-21 02:43:56','1974-08-09 19:36:45','1997-08-03 08:15:03'),
('3','5','1','5','1975-12-04 09:34:16','1990-05-16 15:49:09','1994-07-20 00:53:52'),
('4','9','2','6','2013-06-06 01:03:09','1986-05-09 14:27:58','2004-01-21 09:02:06'),
('5','9','2','3','2000-12-26 00:03:05','1980-08-31 05:19:16','1999-04-26 21:54:14'),
('6','2','6','5','2001-10-11 23:37:45','2018-02-16 10:15:39','2001-02-14 21:38:33'),
('7','3','7','5','1984-06-13 11:46:26','2012-05-26 03:28:53','2000-11-17 00:27:44'),
('8','3','0','7','1995-11-11 12:15:15','1973-11-29 08:23:01','2013-02-20 10:18:32'),
('9','5','9','1','1971-12-05 09:43:05','2010-05-05 19:44:59','2012-03-06 16:51:03'),
('10','0','8','5','1993-04-08 02:56:54','1998-11-07 18:12:53','1974-10-09 18:22:25'),
('11','0','7','9','1987-08-29 12:42:43','2017-09-24 10:32:37','2012-06-20 01:19:06'),
('12','8','7','3','1995-02-23 16:15:54','1984-03-14 05:28:20','2016-01-24 11:33:35'),
('13','0','2','6','2017-03-25 08:20:40','2001-12-10 18:27:54','1977-07-18 08:54:32'),
('14','7','6','5','1990-09-23 06:16:09','2019-12-09 22:38:24','1990-08-23 02:20:50'),
('15','2','7','5','1977-09-30 06:53:18','1985-02-12 20:15:17','1997-09-23 07:45:57'),
('16','5','4','0','1985-01-28 15:06:53','2014-02-27 02:42:36','2010-04-14 05:48:20'),
('17','2','1','6','1979-03-18 21:33:27','1987-12-30 07:03:06','1994-01-22 14:12:59'),
('18','9','3','4','1990-07-31 14:06:47','1971-12-02 01:01:32','1983-12-02 02:53:12'),
('19','5','0','3','1990-05-10 15:35:51','1987-06-03 02:19:29','1986-11-14 16:23:13'),
('20','5','9','8','2002-04-29 14:07:35','2001-02-11 16:57:08','2018-05-21 23:19:47'),
('21','7','3','2','2019-05-27 04:33:45','2008-08-12 22:30:45','2018-06-28 15:02:19'),
('22','7','2','9','1987-02-27 15:12:23','1986-04-10 10:44:13','1973-09-26 22:59:13'),
('23','5','8','1','1995-10-27 17:59:43','1979-05-22 07:37:03','1998-02-04 16:46:04'),
('24','3','9','6','1981-04-11 09:34:19','1996-06-09 00:45:56','1981-09-24 12:58:24'),
('25','0','9','4','2006-11-18 10:12:38','2000-09-11 19:09:42','1996-11-17 07:26:58'),
('26','5','5','1','1980-01-10 11:53:54','2011-04-01 22:51:26','1970-11-17 10:54:24'),
('27','9','3','5','1973-08-26 10:17:56','1988-10-16 02:13:15','1982-11-01 03:46:51'),
('28','7','2','1','1976-12-21 09:56:04','2007-12-02 02:19:53','2008-08-27 01:32:34'),
('29','9','2','8','1979-01-01 14:45:57','2013-10-06 21:31:22','2007-01-31 00:51:54'),
('30','3','2','8','2013-08-06 07:30:01','1977-08-30 04:13:30','2008-07-13 05:22:30'),
('31','9','9','9','2007-12-09 08:42:30','1980-02-06 01:28:14','1995-03-06 20:34:44'),
('32','2','9','9','1971-07-09 23:06:54','2019-10-15 05:08:26','1986-02-17 07:26:59'),
('33','5','6','4','2001-12-01 22:23:00','1997-07-28 22:28:09','2018-03-05 12:11:46'),
('34','2','9','6','1982-01-01 17:15:57','1972-06-23 11:52:12','2012-05-08 08:35:46'),
('35','4','3','2','2013-11-30 22:47:45','1999-04-29 02:34:45','2000-09-18 16:43:33'),
('36','1','7','6','1990-12-19 16:18:38','2008-08-13 19:35:36','2014-10-02 14:12:55'),
('37','1','5','1','1985-11-17 21:53:56','1971-02-05 05:59:19','1987-09-15 13:50:32'),
('38','8','5','8','1986-04-17 12:36:39','2016-12-17 14:30:53','1973-03-08 05:00:48'),
('39','6','6','0','1984-08-17 15:14:41','1971-07-16 23:19:18','1976-03-21 11:48:34'),
('40','7','0','3','1974-04-17 22:46:06','1993-03-06 10:14:42','2012-09-29 17:53:01'),
('41','3','9','6','1978-12-19 17:18:26','1981-12-06 08:36:06','1978-07-11 04:30:16'),
('42','5','6','7','2004-10-01 23:14:59','2019-08-30 21:47:20','2003-05-22 05:52:19'),
('43','9','6','4','1990-06-29 05:53:42','2010-07-14 12:00:32','1978-10-07 12:36:37'),
('44','0','2','6','2006-10-01 11:57:03','1992-02-26 14:10:27','1975-02-20 22:03:38'),
('45','2','2','0','1971-08-19 20:50:05','1975-08-07 11:46:41','1977-07-27 10:02:41'),
('46','7','4','3','1992-01-31 01:55:07','1984-04-21 06:41:41','2009-12-29 09:10:01'),
('47','1','2','6','1993-06-21 19:48:30','2009-02-18 02:32:52','1990-03-26 03:10:09'),
('48','9','4','4','1986-09-23 14:07:44','1984-07-30 17:36:29','1995-04-09 22:47:43'),
('49','8','2','1','1972-02-22 15:14:51','1983-06-13 16:27:37','1976-04-23 22:56:54'),
('50','4','9','6','2000-04-04 08:28:10','2002-11-12 21:31:32','1993-04-22 14:21:22'),
('51','6','4','5','2013-10-12 13:04:47','1996-07-23 17:03:32','2012-10-25 02:24:28'),
('52','8','0','0','2001-04-12 23:36:35','1994-03-28 01:08:23','1979-01-12 11:59:23'),
('53','9','4','5','2017-07-20 19:34:16','2020-01-05 19:30:48','1988-08-10 06:22:09'),
('54','3','4','9','1970-08-28 23:05:38','1990-04-02 05:46:39','1983-10-06 23:28:14'),
('55','7','0','2','1991-01-23 20:13:29','2006-09-15 14:16:34','2004-05-26 08:34:51'),
('56','3','4','6','1999-01-18 13:43:32','1998-12-02 22:29:45','1983-04-24 05:51:37'),
('57','5','8','5','1975-11-25 21:19:52','2006-07-11 08:51:54','1982-06-10 05:18:29'),
('58','1','1','8','1982-06-12 19:59:28','2019-12-03 11:36:47','1992-10-29 20:37:32'),
('59','2','0','2','1982-08-25 19:54:52','1986-08-06 23:59:20','1993-02-18 09:07:03'),
('60','1','9','6','1976-08-10 16:32:29','2018-07-28 23:13:02','1971-06-04 12:58:48'),
('61','6','8','8','2002-09-30 12:46:36','1987-10-12 04:35:58','2018-12-12 01:58:30'),
('62','1','0','5','1983-01-03 08:52:14','1996-02-12 06:14:11','1997-05-25 21:37:06'),
('63','3','1','4','2017-03-03 04:01:49','2019-09-10 00:46:21','2017-02-16 21:58:36'),
('64','7','3','7','1988-10-25 15:07:27','1990-09-08 07:20:44','2005-04-19 13:36:00'),
('65','4','7','8','2000-08-05 00:27:44','1989-08-06 21:29:50','1990-07-14 03:09:31'),
('66','8','5','7','2006-08-03 17:36:40','1982-10-06 03:23:30','1999-03-14 16:40:34'),
('67','2','9','1','1974-05-17 12:23:06','2018-08-29 11:39:51','1990-03-08 00:58:43'),
('68','3','1','1','2018-08-31 21:22:46','1987-08-17 00:18:56','2019-07-01 11:43:46'),
('69','3','9','5','2014-04-20 17:04:03','1995-01-03 19:17:41','1985-01-26 00:23:00'),
('70','3','5','0','1980-09-16 10:06:20','1977-06-17 18:05:58','1973-12-12 23:16:55'),
('71','9','8','9','1990-07-17 13:19:49','2012-08-03 12:00:17','2008-04-08 01:34:52'),
('72','6','3','4','2006-12-22 07:27:18','2019-01-26 10:26:56','2004-10-01 01:55:15'),
('73','8','2','5','1998-03-09 00:07:26','1986-02-24 20:34:17','2001-02-04 08:30:17'),
('74','3','6','3','1986-01-11 09:27:13','1994-06-08 13:01:06','1990-02-22 05:51:32'),
('75','9','0','5','1990-07-19 04:07:32','2019-08-31 09:24:34','1986-12-24 00:27:43'),
('76','0','2','7','2019-12-08 15:32:05','1975-11-29 14:08:52','2018-12-26 10:08:40'),
('77','9','6','7','1971-11-25 16:20:56','2020-01-28 21:11:14','1972-08-06 16:21:14'),
('78','2','4','4','2000-11-29 20:18:37','2019-06-05 23:29:50','1984-01-24 07:47:29'),
('79','4','4','9','2019-04-25 17:19:46','1987-10-21 22:30:52','1990-03-31 08:12:17'),
('80','3','9','0','1990-09-01 09:36:33','1995-02-04 21:46:05','1980-07-07 03:00:29'),
('81','9','7','5','1985-09-03 00:49:35','1975-02-04 19:08:08','2007-07-28 04:42:58'),
('82','5','2','9','1973-01-16 11:02:42','2019-12-11 07:43:06','1971-05-15 21:33:12'),
('83','6','1','1','1998-07-25 13:43:08','1992-05-19 01:49:24','2003-08-16 00:27:35'),
('84','8','1','7','1983-06-06 19:49:10','2017-09-06 19:32:26','1972-04-24 04:21:49'),
('85','1','6','2','1994-02-15 15:06:33','1986-11-03 09:46:13','2003-02-25 18:43:27'),
('86','3','7','5','1974-07-10 01:08:57','1982-04-08 05:16:13','2000-03-31 21:57:26'),
('87','4','0','2','1974-06-28 08:47:25','1972-09-23 03:55:44','2017-03-25 20:21:20'),
('88','7','5','4','2019-09-15 22:43:06','2000-03-05 20:55:58','1972-02-25 16:10:06'),
('89','0','4','6','1978-01-29 23:51:11','1975-01-15 07:49:02','1986-08-24 07:22:59'),
('90','6','6','7','2005-02-11 02:41:54','2013-06-18 17:13:21','2004-07-06 02:27:55'),
('91','1','7','5','1992-10-05 04:36:19','1974-09-17 14:30:35','2011-01-20 00:15:34'),
('92','6','6','3','2020-01-15 08:09:42','2009-05-11 07:37:14','2017-02-10 12:36:31'),
('93','0','0','1','2015-11-30 09:03:08','2013-12-28 19:32:29','1994-12-25 05:40:05'),
('94','9','2','5','1992-03-31 14:48:31','2014-04-13 09:07:34','2017-03-24 03:38:29'),
('95','7','1','3','2010-01-26 19:48:08','2003-08-13 16:41:24','2014-05-16 03:07:42'),
('96','8','6','9','1973-01-21 01:07:36','1975-04-25 16:33:06','1979-05-15 03:12:14'),
('97','8','5','2','2013-03-05 08:02:19','1980-07-06 01:06:21','1971-01-22 03:56:18'),
('98','6','0','5','2014-06-17 09:39:48','1996-04-04 11:13:45','2007-11-16 10:45:26'),
('99','7','8','1','1994-07-15 09:41:58','1997-10-12 14:37:15','1983-03-02 08:43:58'),
('100','8','6','7','1980-04-14 23:28:06','1977-08-31 05:49:22','1991-03-30 02:19:34'),
('101','1','2','4','2013-07-14 06:50:30','2005-05-24 23:53:04','1987-07-26 06:34:38'),
('102','9','7','3','2019-04-19 18:48:30','2007-10-16 17:37:26','1999-04-15 14:47:40'),
('103','0','3','7','1973-05-29 17:02:59','2008-03-20 02:20:19','2001-09-24 10:36:42'),
('104','9','2','9','1994-08-28 18:27:54','1972-04-25 03:22:26','2007-04-03 20:10:43'),
('105','6','6','0','2007-06-26 09:43:15','2000-12-25 14:42:38','1975-04-15 11:27:27'),
('106','8','8','4','1985-05-27 23:53:29','1991-11-17 20:56:35','2006-02-05 01:11:20'),
('107','6','5','6','2015-07-17 03:30:33','1982-11-28 10:07:39','1982-05-01 19:28:12'),
('108','0','6','8','2013-09-17 22:29:51','1986-03-31 23:12:16','2019-11-05 07:37:30'),
('109','1','9','6','2003-09-06 08:31:00','1990-11-03 20:17:05','1970-10-22 12:06:54'),
('110','7','5','0','2001-12-19 02:06:11','1982-06-24 14:22:09','1998-03-16 03:47:35'),
('111','9','9','5','1980-08-20 04:25:23','1978-03-01 05:22:31','2001-02-07 02:53:48'),
('112','4','8','1','2013-04-05 23:07:51','1973-11-12 07:17:47','1986-05-11 12:18:53'),
('113','3','2','5','1975-09-12 19:43:50','2006-06-28 04:08:21','2009-08-13 01:29:15'),
('114','7','6','1','1995-03-29 11:01:01','1972-12-27 18:09:48','2014-02-21 07:23:56'),
('115','2','8','4','1999-05-25 18:49:51','1977-11-05 04:54:33','1994-02-28 11:55:29'),
('116','7','7','7','2019-02-19 05:43:18','1986-01-13 04:09:42','1984-11-13 05:21:30'),
('117','0','1','0','1988-05-24 10:25:17','2000-01-10 23:04:30','1984-11-06 14:06:55'),
('118','6','1','9','2010-07-05 13:57:48','2016-11-02 06:26:06','2013-07-06 06:44:29'),
('119','1','3','9','1994-02-23 11:01:43','2015-08-22 19:53:19','1994-05-10 03:02:26'),
('120','6','9','0','1992-07-27 00:36:51','1973-02-28 06:30:56','2003-08-29 06:53:02'),
('121','5','4','2','1985-04-14 08:03:17','2011-05-02 15:38:07','1993-11-10 03:46:13'),
('122','7','3','0','2007-12-11 14:59:23','2006-09-13 17:02:04','1975-10-28 01:17:30'),
('123','1','4','1','1976-02-27 21:16:52','2008-09-15 22:18:53','1987-11-21 00:10:18'),
('124','8','2','8','1980-11-13 13:49:19','1977-01-02 16:55:40','2016-03-26 14:32:05'),
('125','8','8','5','1984-11-17 04:20:14','2018-02-19 01:37:22','1990-01-29 04:50:52'),
('126','8','3','3','1988-05-29 07:06:31','2016-11-28 13:08:49','1988-12-26 07:20:45'),
('127','4','6','4','1998-02-15 15:27:27','1973-05-15 04:59:57','2019-11-27 10:58:51'),
('128','8','9','3','2019-08-30 12:34:28','2016-01-02 08:13:31','1990-05-21 07:55:40'),
('129','4','5','2','2002-02-26 06:56:55','2013-05-31 02:02:09','2019-08-14 11:32:56'),
('130','6','8','0','1981-04-16 17:07:52','1988-11-15 11:16:33','1978-08-31 01:06:53'),
('131','6','1','3','2002-11-29 00:20:49','2009-11-26 16:14:57','1991-07-07 04:45:22'),
('132','9','5','5','1990-11-03 02:40:12','1994-08-02 17:25:39','2018-04-15 08:20:10'),
('133','0','2','9','2000-11-20 06:49:21','2013-03-07 11:10:03','2019-05-17 16:15:07'),
('134','4','6','9','1985-09-30 02:10:39','1974-09-01 05:56:43','2012-01-06 13:00:28'),
('135','8','9','1','2017-07-16 17:27:56','2019-12-11 19:53:44','2008-05-26 07:10:46'),
('136','8','6','7','2000-09-30 16:30:08','1984-04-04 13:26:06','1983-08-15 14:57:46'),
('137','4','6','7','1993-08-22 18:44:51','1988-08-12 21:13:57','1984-03-15 21:54:37'),
('138','7','1','1','1974-10-15 03:29:49','1988-03-03 08:27:31','1997-11-07 09:50:25'),
('139','3','9','3','2003-10-22 04:01:54','2009-07-10 22:58:13','1976-09-09 11:43:15'),
('140','9','1','1','2020-02-11 13:12:21','2011-12-19 16:48:52','2008-11-02 11:48:08'),
('141','8','9','0','1999-08-02 23:04:49','2012-08-29 16:20:05','1970-10-19 01:17:24'),
('142','6','8','9','2007-10-30 03:36:42','1992-02-17 23:20:58','2012-09-08 23:32:54'),
('143','9','8','6','1978-06-30 20:37:53','1999-08-02 19:36:13','2001-04-30 00:36:26'),
('144','1','2','9','2010-06-05 23:32:40','1980-06-11 07:14:25','1984-02-04 08:54:54'),
('145','9','4','0','1981-01-16 23:49:23','2015-03-18 05:51:19','1993-07-03 12:06:48'),
('146','9','6','6','2005-12-20 15:09:54','1992-04-02 08:03:30','2018-05-29 07:43:22'),
('147','2','6','3','1989-05-08 22:38:04','2016-04-30 02:58:07','1973-07-18 01:21:20'),
('148','6','5','7','1976-08-13 17:29:14','2009-12-22 22:00:19','1971-01-20 01:27:44'),
('149','8','9','9','2015-05-17 10:32:08','1980-12-26 17:57:40','1991-02-25 13:32:36'),
('150','0','9','6','2001-02-10 20:09:02','2008-07-19 17:08:12','1990-09-17 21:36:27'),
('151','8','6','3','2008-11-13 15:08:11','1975-12-02 08:32:59','2001-02-16 22:49:18'),
('152','7','4','1','1989-03-08 00:00:42','2005-09-10 00:22:48','2016-07-30 11:47:08'),
('153','1','9','1','2000-05-30 19:21:23','1974-03-29 03:05:25','1985-07-24 00:40:02'),
('154','9','4','3','2007-06-11 21:14:20','1984-04-23 07:54:19','2008-04-03 21:33:15'),
('155','4','9','5','1979-10-29 17:54:29','2008-04-28 15:14:01','1985-04-20 10:56:28'),
('156','8','8','4','2001-03-12 23:35:13','2002-07-21 21:06:58','2011-04-30 15:11:01'),
('157','3','3','7','1973-10-16 00:17:19','1992-04-03 07:22:50','1979-11-11 17:53:20'),
('158','5','8','5','1976-05-08 21:59:34','1973-10-06 07:56:58','2005-12-25 17:38:02'),
('159','8','4','5','1998-11-17 06:39:26','1971-12-21 23:11:09','2017-02-21 16:14:37'),
('160','0','4','2','1983-01-28 20:52:08','2013-01-11 19:26:57','1978-01-09 20:29:47'),
('161','5','6','7','1996-10-21 17:51:15','1980-05-15 05:03:24','2004-05-07 10:28:39'),
('162','0','3','4','1994-07-05 08:05:48','2008-05-05 00:18:40','2005-04-03 16:16:01'),
('163','1','3','9','1977-05-03 07:07:29','2007-04-22 15:10:08','1997-12-28 07:11:19'),
('164','9','7','2','1975-09-09 06:46:48','2016-04-01 01:44:36','1986-08-23 19:12:18'),
('165','8','9','1','2003-07-22 06:38:03','2007-11-23 19:11:53','2013-06-20 19:10:46'),
('166','4','5','4','1979-10-15 02:30:04','2006-06-03 05:17:22','1970-03-14 20:16:57'),
('167','2','2','0','1980-06-14 05:54:45','1997-10-13 11:37:30','2013-07-04 13:55:30'),
('168','6','1','1','2007-01-15 06:44:06','1992-09-13 03:26:19','2002-03-18 09:52:44'),
('169','6','3','4','1978-12-05 14:21:26','1974-10-11 07:04:45','2017-04-28 22:44:12'),
('170','8','2','0','2005-11-23 10:49:13','1971-12-17 08:02:45','2015-12-07 06:22:26'),
('171','8','4','5','2009-10-21 15:35:01','1980-07-01 09:40:59','2015-12-02 21:18:21'),
('172','2','0','3','1992-02-22 01:32:57','1970-05-08 10:06:44','1971-04-17 03:06:18'),
('173','7','3','1','1999-11-16 12:25:25','2005-09-22 05:42:12','1979-05-08 05:07:58'),
('174','5','5','8','2018-12-21 07:56:25','1978-10-27 15:06:09','1978-04-19 23:34:58'),
('175','9','9','0','2012-01-14 10:42:22','1981-11-30 14:08:08','2011-07-12 00:14:45'),
('176','1','0','7','1983-08-20 21:26:44','1985-04-03 21:41:50','1995-03-15 12:01:56'),
('177','3','6','9','2013-07-30 21:18:51','1993-07-18 10:02:48','1977-04-12 11:20:28'),
('178','0','8','5','1994-03-31 17:21:48','1973-11-27 11:16:15','1999-08-25 13:35:22'),
('179','5','2','1','1999-08-19 07:24:20','1973-08-15 11:42:00','1976-07-26 04:43:32'),
('180','3','0','0','2003-03-01 15:09:25','1987-06-03 11:21:59','2010-12-09 18:55:36'),
('181','8','0','0','2001-10-08 20:22:00','2010-03-29 20:53:01','2006-03-29 16:44:07'),
('182','2','6','1','1997-09-09 10:41:40','2011-03-01 06:31:20','1972-03-16 02:48:16'),
('183','2','3','6','1993-11-28 11:43:58','1975-10-18 15:56:58','1978-12-27 03:51:42'),
('184','4','4','9','2016-12-02 00:32:53','1989-11-28 03:29:31','2011-08-27 11:14:14'),
('185','8','9','4','1973-05-06 12:00:05','1973-02-21 19:13:48','1997-09-06 07:40:49'),
('186','4','7','3','2008-11-04 07:37:24','2001-04-24 07:37:15','2006-05-22 05:55:57'),
('187','0','7','1','1973-12-15 00:49:44','2001-05-20 14:08:54','2004-11-10 19:08:35'),
('188','9','0','5','1994-05-14 19:57:23','2018-01-02 12:33:59','2012-11-30 13:54:02'),
('189','3','4','9','2010-01-22 21:08:18','1983-04-18 05:39:55','2012-10-20 02:45:31'),
('190','4','4','4','2006-11-21 16:11:23','2005-05-10 21:44:34','1994-06-13 14:07:58'),
('191','8','2','3','2002-05-01 19:34:52','2007-11-08 17:54:43','2001-12-31 15:29:39'),
('192','6','0','1','1970-02-01 16:36:32','1996-07-30 02:51:27','2006-11-17 06:05:21'),
('193','1','1','9','2013-06-14 23:46:28','2016-11-12 13:19:11','2014-12-22 21:59:58'),
('194','0','8','5','2009-10-27 19:32:15','1988-11-24 09:10:42','2011-08-19 14:44:01'),
('195','5','9','1','2017-06-20 01:37:13','1988-01-29 08:14:11','1987-09-02 07:14:37'),
('196','9','8','6','1995-05-05 02:42:49','1971-06-06 05:17:20','1974-07-21 09:44:01'),
('197','8','6','1','2020-01-01 17:39:43','1986-08-03 06:52:49','1981-08-25 22:46:16'),
('198','0','1','2','2018-12-05 07:20:06','1979-10-26 11:44:50','2007-11-30 17:58:13'),
('199','7','7','5','1993-01-03 06:48:27','1996-09-08 14:56:03','2010-02-16 15:38:47'),
('200','9','2','8','2001-01-27 14:37:39','1976-11-01 17:56:11','1995-07-12 20:49:51'); 

select * from test_drives;

UPDATE test_drives SET
  car_id = FLOOR(1 + (RAND() * 200));
UPDATE test_drives SET
  client_id = FLOOR(1 + (RAND() * 200));
UPDATE test_drives SET
  manager_id = FLOOR(1 + (RAND() * 7)); 
update test_drives SET updated_at = created_at WHERE updated_at < created_at; 
update test_drives SET date_test = created_at; 