#
# TABLE STRUCTURE FOR: communities
#

DROP TABLE IF EXISTS `communities`;

CREATE TABLE `communities` (
  `id` int(10) unsigned NOT NULL AUTO_INCREMENT,
  `name` varchar(150) COLLATE utf8_unicode_ci NOT NULL,
  PRIMARY KEY (`id`),
  UNIQUE KEY `name` (`name`)
) ENGINE=InnoDB AUTO_INCREMENT=101 DEFAULT CHARSET=utf8 COLLATE=utf8_unicode_ci;

INSERT INTO `communities` (`id`, `name`) VALUES (52, 'a');
INSERT INTO `communities` (`id`, `name`) VALUES (80, 'accusamus');
INSERT INTO `communities` (`id`, `name`) VALUES (6, 'adipisci');
INSERT INTO `communities` (`id`, `name`) VALUES (79, 'alias');
INSERT INTO `communities` (`id`, `name`) VALUES (70, 'aliquam');
INSERT INTO `communities` (`id`, `name`) VALUES (36, 'architecto');
INSERT INTO `communities` (`id`, `name`) VALUES (21, 'asperiores');
INSERT INTO `communities` (`id`, `name`) VALUES (56, 'aspernatur');
INSERT INTO `communities` (`id`, `name`) VALUES (97, 'assumenda');
INSERT INTO `communities` (`id`, `name`) VALUES (10, 'atque');
INSERT INTO `communities` (`id`, `name`) VALUES (5, 'aut');
INSERT INTO `communities` (`id`, `name`) VALUES (71, 'autem');
INSERT INTO `communities` (`id`, `name`) VALUES (74, 'beatae');
INSERT INTO `communities` (`id`, `name`) VALUES (60, 'blanditiis');
INSERT INTO `communities` (`id`, `name`) VALUES (7, 'consequatur');
INSERT INTO `communities` (`id`, `name`) VALUES (15, 'consequuntur');
INSERT INTO `communities` (`id`, `name`) VALUES (95, 'culpa');
INSERT INTO `communities` (`id`, `name`) VALUES (29, 'cum');
INSERT INTO `communities` (`id`, `name`) VALUES (35, 'cumque');
INSERT INTO `communities` (`id`, `name`) VALUES (8, 'delectus');
INSERT INTO `communities` (`id`, `name`) VALUES (37, 'deserunt');
INSERT INTO `communities` (`id`, `name`) VALUES (48, 'dignissimos');
INSERT INTO `communities` (`id`, `name`) VALUES (43, 'dolor');
INSERT INTO `communities` (`id`, `name`) VALUES (77, 'dolore');
INSERT INTO `communities` (`id`, `name`) VALUES (31, 'dolorem');
INSERT INTO `communities` (`id`, `name`) VALUES (25, 'dolores');
INSERT INTO `communities` (`id`, `name`) VALUES (3, 'doloribus');
INSERT INTO `communities` (`id`, `name`) VALUES (93, 'eaque');
INSERT INTO `communities` (`id`, `name`) VALUES (83, 'eius');
INSERT INTO `communities` (`id`, `name`) VALUES (99, 'eligendi');
INSERT INTO `communities` (`id`, `name`) VALUES (73, 'enim');
INSERT INTO `communities` (`id`, `name`) VALUES (88, 'eos');
INSERT INTO `communities` (`id`, `name`) VALUES (19, 'esse');
INSERT INTO `communities` (`id`, `name`) VALUES (86, 'est');
INSERT INTO `communities` (`id`, `name`) VALUES (50, 'et');
INSERT INTO `communities` (`id`, `name`) VALUES (16, 'eum');
INSERT INTO `communities` (`id`, `name`) VALUES (41, 'facilis');
INSERT INTO `communities` (`id`, `name`) VALUES (34, 'fugit');
INSERT INTO `communities` (`id`, `name`) VALUES (96, 'impedit');
INSERT INTO `communities` (`id`, `name`) VALUES (22, 'in');
INSERT INTO `communities` (`id`, `name`) VALUES (53, 'incidunt');
INSERT INTO `communities` (`id`, `name`) VALUES (76, 'inventore');
INSERT INTO `communities` (`id`, `name`) VALUES (39, 'ipsam');
INSERT INTO `communities` (`id`, `name`) VALUES (59, 'iste');
INSERT INTO `communities` (`id`, `name`) VALUES (72, 'iusto');
INSERT INTO `communities` (`id`, `name`) VALUES (20, 'laboriosam');
INSERT INTO `communities` (`id`, `name`) VALUES (62, 'laudantium');
INSERT INTO `communities` (`id`, `name`) VALUES (81, 'libero');
INSERT INTO `communities` (`id`, `name`) VALUES (38, 'magnam');
INSERT INTO `communities` (`id`, `name`) VALUES (30, 'magni');
INSERT INTO `communities` (`id`, `name`) VALUES (44, 'maiores');
INSERT INTO `communities` (`id`, `name`) VALUES (82, 'minus');
INSERT INTO `communities` (`id`, `name`) VALUES (75, 'molestiae');
INSERT INTO `communities` (`id`, `name`) VALUES (55, 'molestias');
INSERT INTO `communities` (`id`, `name`) VALUES (65, 'nam');
INSERT INTO `communities` (`id`, `name`) VALUES (87, 'natus');
INSERT INTO `communities` (`id`, `name`) VALUES (24, 'necessitatibus');
INSERT INTO `communities` (`id`, `name`) VALUES (54, 'neque');
INSERT INTO `communities` (`id`, `name`) VALUES (33, 'nihil');
INSERT INTO `communities` (`id`, `name`) VALUES (32, 'nisi');
INSERT INTO `communities` (`id`, `name`) VALUES (78, 'numquam');
INSERT INTO `communities` (`id`, `name`) VALUES (58, 'odit');
INSERT INTO `communities` (`id`, `name`) VALUES (12, 'omnis');
INSERT INTO `communities` (`id`, `name`) VALUES (17, 'optio');
INSERT INTO `communities` (`id`, `name`) VALUES (64, 'perspiciatis');
INSERT INTO `communities` (`id`, `name`) VALUES (68, 'possimus');
INSERT INTO `communities` (`id`, `name`) VALUES (46, 'provident');
INSERT INTO `communities` (`id`, `name`) VALUES (40, 'quaerat');
INSERT INTO `communities` (`id`, `name`) VALUES (9, 'quas');
INSERT INTO `communities` (`id`, `name`) VALUES (13, 'qui');
INSERT INTO `communities` (`id`, `name`) VALUES (42, 'quia');
INSERT INTO `communities` (`id`, `name`) VALUES (61, 'quibusdam');
INSERT INTO `communities` (`id`, `name`) VALUES (28, 'quis');
INSERT INTO `communities` (`id`, `name`) VALUES (1, 'quo');
INSERT INTO `communities` (`id`, `name`) VALUES (85, 'quos');
INSERT INTO `communities` (`id`, `name`) VALUES (45, 'recusandae');
INSERT INTO `communities` (`id`, `name`) VALUES (66, 'rem');
INSERT INTO `communities` (`id`, `name`) VALUES (84, 'repellat');
INSERT INTO `communities` (`id`, `name`) VALUES (90, 'repellendus');
INSERT INTO `communities` (`id`, `name`) VALUES (4, 'repudiandae');
INSERT INTO `communities` (`id`, `name`) VALUES (67, 'rerum');
INSERT INTO `communities` (`id`, `name`) VALUES (11, 'sapiente');
INSERT INTO `communities` (`id`, `name`) VALUES (18, 'sed');
INSERT INTO `communities` (`id`, `name`) VALUES (57, 'sequi');
INSERT INTO `communities` (`id`, `name`) VALUES (94, 'similique');
INSERT INTO `communities` (`id`, `name`) VALUES (2, 'sint');
INSERT INTO `communities` (`id`, `name`) VALUES (14, 'sit');
INSERT INTO `communities` (`id`, `name`) VALUES (47, 'soluta');
INSERT INTO `communities` (`id`, `name`) VALUES (23, 'suscipit');
INSERT INTO `communities` (`id`, `name`) VALUES (49, 'tempora');
INSERT INTO `communities` (`id`, `name`) VALUES (27, 'tempore');
INSERT INTO `communities` (`id`, `name`) VALUES (92, 'totam');
INSERT INTO `communities` (`id`, `name`) VALUES (98, 'ullam');
INSERT INTO `communities` (`id`, `name`) VALUES (69, 'ut');
INSERT INTO `communities` (`id`, `name`) VALUES (91, 'vel');
INSERT INTO `communities` (`id`, `name`) VALUES (51, 'veniam');
INSERT INTO `communities` (`id`, `name`) VALUES (63, 'vero');
INSERT INTO `communities` (`id`, `name`) VALUES (26, 'vitae');
INSERT INTO `communities` (`id`, `name`) VALUES (100, 'voluptate');
INSERT INTO `communities` (`id`, `name`) VALUES (89, 'voluptatem');


#
# TABLE STRUCTURE FOR: communities_users
#

DROP TABLE IF EXISTS `communities_users`;

CREATE TABLE `communities_users` (
  `community_id` int(10) unsigned NOT NULL,
  `user_id` int(10) unsigned NOT NULL,
  PRIMARY KEY (`community_id`,`user_id`)
) ENGINE=InnoDB DEFAULT CHARSET=utf8 COLLATE=utf8_unicode_ci;

INSERT INTO `communities_users` (`community_id`, `user_id`) VALUES (1, 1);
INSERT INTO `communities_users` (`community_id`, `user_id`) VALUES (2, 2);
INSERT INTO `communities_users` (`community_id`, `user_id`) VALUES (3, 3);
INSERT INTO `communities_users` (`community_id`, `user_id`) VALUES (4, 4);
INSERT INTO `communities_users` (`community_id`, `user_id`) VALUES (5, 5);
INSERT INTO `communities_users` (`community_id`, `user_id`) VALUES (6, 6);
INSERT INTO `communities_users` (`community_id`, `user_id`) VALUES (7, 7);
INSERT INTO `communities_users` (`community_id`, `user_id`) VALUES (8, 8);
INSERT INTO `communities_users` (`community_id`, `user_id`) VALUES (9, 9);
INSERT INTO `communities_users` (`community_id`, `user_id`) VALUES (10, 10);
INSERT INTO `communities_users` (`community_id`, `user_id`) VALUES (11, 11);
INSERT INTO `communities_users` (`community_id`, `user_id`) VALUES (12, 12);
INSERT INTO `communities_users` (`community_id`, `user_id`) VALUES (13, 13);
INSERT INTO `communities_users` (`community_id`, `user_id`) VALUES (14, 14);
INSERT INTO `communities_users` (`community_id`, `user_id`) VALUES (15, 15);
INSERT INTO `communities_users` (`community_id`, `user_id`) VALUES (16, 16);
INSERT INTO `communities_users` (`community_id`, `user_id`) VALUES (17, 17);
INSERT INTO `communities_users` (`community_id`, `user_id`) VALUES (18, 18);
INSERT INTO `communities_users` (`community_id`, `user_id`) VALUES (19, 19);
INSERT INTO `communities_users` (`community_id`, `user_id`) VALUES (20, 20);
INSERT INTO `communities_users` (`community_id`, `user_id`) VALUES (21, 21);
INSERT INTO `communities_users` (`community_id`, `user_id`) VALUES (22, 22);
INSERT INTO `communities_users` (`community_id`, `user_id`) VALUES (23, 23);
INSERT INTO `communities_users` (`community_id`, `user_id`) VALUES (24, 24);
INSERT INTO `communities_users` (`community_id`, `user_id`) VALUES (25, 25);
INSERT INTO `communities_users` (`community_id`, `user_id`) VALUES (26, 26);
INSERT INTO `communities_users` (`community_id`, `user_id`) VALUES (27, 27);
INSERT INTO `communities_users` (`community_id`, `user_id`) VALUES (28, 28);
INSERT INTO `communities_users` (`community_id`, `user_id`) VALUES (29, 29);
INSERT INTO `communities_users` (`community_id`, `user_id`) VALUES (30, 30);
INSERT INTO `communities_users` (`community_id`, `user_id`) VALUES (31, 31);
INSERT INTO `communities_users` (`community_id`, `user_id`) VALUES (32, 32);
INSERT INTO `communities_users` (`community_id`, `user_id`) VALUES (33, 33);
INSERT INTO `communities_users` (`community_id`, `user_id`) VALUES (34, 34);
INSERT INTO `communities_users` (`community_id`, `user_id`) VALUES (35, 35);
INSERT INTO `communities_users` (`community_id`, `user_id`) VALUES (36, 36);
INSERT INTO `communities_users` (`community_id`, `user_id`) VALUES (37, 37);
INSERT INTO `communities_users` (`community_id`, `user_id`) VALUES (38, 38);
INSERT INTO `communities_users` (`community_id`, `user_id`) VALUES (39, 39);
INSERT INTO `communities_users` (`community_id`, `user_id`) VALUES (40, 40);
INSERT INTO `communities_users` (`community_id`, `user_id`) VALUES (41, 41);
INSERT INTO `communities_users` (`community_id`, `user_id`) VALUES (42, 42);
INSERT INTO `communities_users` (`community_id`, `user_id`) VALUES (43, 43);
INSERT INTO `communities_users` (`community_id`, `user_id`) VALUES (44, 44);
INSERT INTO `communities_users` (`community_id`, `user_id`) VALUES (45, 45);
INSERT INTO `communities_users` (`community_id`, `user_id`) VALUES (46, 46);
INSERT INTO `communities_users` (`community_id`, `user_id`) VALUES (47, 47);
INSERT INTO `communities_users` (`community_id`, `user_id`) VALUES (48, 48);
INSERT INTO `communities_users` (`community_id`, `user_id`) VALUES (49, 49);
INSERT INTO `communities_users` (`community_id`, `user_id`) VALUES (50, 50);
INSERT INTO `communities_users` (`community_id`, `user_id`) VALUES (51, 51);
INSERT INTO `communities_users` (`community_id`, `user_id`) VALUES (52, 52);
INSERT INTO `communities_users` (`community_id`, `user_id`) VALUES (53, 53);
INSERT INTO `communities_users` (`community_id`, `user_id`) VALUES (54, 54);
INSERT INTO `communities_users` (`community_id`, `user_id`) VALUES (55, 55);
INSERT INTO `communities_users` (`community_id`, `user_id`) VALUES (56, 56);
INSERT INTO `communities_users` (`community_id`, `user_id`) VALUES (57, 57);
INSERT INTO `communities_users` (`community_id`, `user_id`) VALUES (58, 58);
INSERT INTO `communities_users` (`community_id`, `user_id`) VALUES (59, 59);
INSERT INTO `communities_users` (`community_id`, `user_id`) VALUES (60, 60);
INSERT INTO `communities_users` (`community_id`, `user_id`) VALUES (61, 61);
INSERT INTO `communities_users` (`community_id`, `user_id`) VALUES (62, 62);
INSERT INTO `communities_users` (`community_id`, `user_id`) VALUES (63, 63);
INSERT INTO `communities_users` (`community_id`, `user_id`) VALUES (64, 64);
INSERT INTO `communities_users` (`community_id`, `user_id`) VALUES (65, 65);
INSERT INTO `communities_users` (`community_id`, `user_id`) VALUES (66, 66);
INSERT INTO `communities_users` (`community_id`, `user_id`) VALUES (67, 67);
INSERT INTO `communities_users` (`community_id`, `user_id`) VALUES (68, 68);
INSERT INTO `communities_users` (`community_id`, `user_id`) VALUES (69, 69);
INSERT INTO `communities_users` (`community_id`, `user_id`) VALUES (70, 70);
INSERT INTO `communities_users` (`community_id`, `user_id`) VALUES (71, 71);
INSERT INTO `communities_users` (`community_id`, `user_id`) VALUES (72, 72);
INSERT INTO `communities_users` (`community_id`, `user_id`) VALUES (73, 73);
INSERT INTO `communities_users` (`community_id`, `user_id`) VALUES (74, 74);
INSERT INTO `communities_users` (`community_id`, `user_id`) VALUES (75, 75);
INSERT INTO `communities_users` (`community_id`, `user_id`) VALUES (76, 76);
INSERT INTO `communities_users` (`community_id`, `user_id`) VALUES (77, 77);
INSERT INTO `communities_users` (`community_id`, `user_id`) VALUES (78, 78);
INSERT INTO `communities_users` (`community_id`, `user_id`) VALUES (79, 79);
INSERT INTO `communities_users` (`community_id`, `user_id`) VALUES (80, 80);
INSERT INTO `communities_users` (`community_id`, `user_id`) VALUES (81, 81);
INSERT INTO `communities_users` (`community_id`, `user_id`) VALUES (82, 82);
INSERT INTO `communities_users` (`community_id`, `user_id`) VALUES (83, 83);
INSERT INTO `communities_users` (`community_id`, `user_id`) VALUES (84, 84);
INSERT INTO `communities_users` (`community_id`, `user_id`) VALUES (85, 85);
INSERT INTO `communities_users` (`community_id`, `user_id`) VALUES (86, 86);
INSERT INTO `communities_users` (`community_id`, `user_id`) VALUES (87, 87);
INSERT INTO `communities_users` (`community_id`, `user_id`) VALUES (88, 88);
INSERT INTO `communities_users` (`community_id`, `user_id`) VALUES (89, 89);
INSERT INTO `communities_users` (`community_id`, `user_id`) VALUES (90, 90);
INSERT INTO `communities_users` (`community_id`, `user_id`) VALUES (91, 91);
INSERT INTO `communities_users` (`community_id`, `user_id`) VALUES (92, 92);
INSERT INTO `communities_users` (`community_id`, `user_id`) VALUES (93, 93);
INSERT INTO `communities_users` (`community_id`, `user_id`) VALUES (94, 94);
INSERT INTO `communities_users` (`community_id`, `user_id`) VALUES (95, 95);
INSERT INTO `communities_users` (`community_id`, `user_id`) VALUES (96, 96);
INSERT INTO `communities_users` (`community_id`, `user_id`) VALUES (97, 97);
INSERT INTO `communities_users` (`community_id`, `user_id`) VALUES (98, 98);
INSERT INTO `communities_users` (`community_id`, `user_id`) VALUES (99, 99);
INSERT INTO `communities_users` (`community_id`, `user_id`) VALUES (100, 100);


#
# TABLE STRUCTURE FOR: friendship
#

DROP TABLE IF EXISTS `friendship`;

CREATE TABLE `friendship` (
  `user_id` int(10) unsigned NOT NULL,
  `friend_id` int(10) unsigned NOT NULL,
  `status_id` int(10) unsigned NOT NULL,
  `requested_at` datetime DEFAULT current_timestamp(),
  `confirmed_at` datetime DEFAULT NULL,
  PRIMARY KEY (`user_id`,`friend_id`)
) ENGINE=InnoDB DEFAULT CHARSET=utf8 COLLATE=utf8_unicode_ci;

INSERT INTO `friendship` (`user_id`, `friend_id`, `status_id`, `requested_at`, `confirmed_at`) VALUES (1, 1, 5, '1995-03-15 13:05:12', '1984-07-02 15:13:15');
INSERT INTO `friendship` (`user_id`, `friend_id`, `status_id`, `requested_at`, `confirmed_at`) VALUES (2, 2, 2, '2002-01-13 05:38:33', '1974-08-07 06:34:00');
INSERT INTO `friendship` (`user_id`, `friend_id`, `status_id`, `requested_at`, `confirmed_at`) VALUES (3, 3, 2, '1975-02-12 06:54:20', '1994-06-20 08:41:31');
INSERT INTO `friendship` (`user_id`, `friend_id`, `status_id`, `requested_at`, `confirmed_at`) VALUES (4, 4, 5, '1988-10-27 16:12:32', '1993-01-01 12:22:43');
INSERT INTO `friendship` (`user_id`, `friend_id`, `status_id`, `requested_at`, `confirmed_at`) VALUES (5, 5, 5, '1971-12-08 23:29:57', '1988-03-10 21:54:08');
INSERT INTO `friendship` (`user_id`, `friend_id`, `status_id`, `requested_at`, `confirmed_at`) VALUES (6, 6, 4, '2001-12-14 00:28:55', '2001-05-05 01:12:02');
INSERT INTO `friendship` (`user_id`, `friend_id`, `status_id`, `requested_at`, `confirmed_at`) VALUES (7, 7, 3, '1980-06-16 02:30:43', '2003-03-25 19:19:18');
INSERT INTO `friendship` (`user_id`, `friend_id`, `status_id`, `requested_at`, `confirmed_at`) VALUES (8, 8, 2, '1999-12-28 01:20:06', '1989-07-30 17:38:56');
INSERT INTO `friendship` (`user_id`, `friend_id`, `status_id`, `requested_at`, `confirmed_at`) VALUES (9, 9, 2, '1991-06-07 03:12:46', '1995-06-18 01:17:01');
INSERT INTO `friendship` (`user_id`, `friend_id`, `status_id`, `requested_at`, `confirmed_at`) VALUES (10, 10, 4, '1971-10-14 08:19:12', '1973-07-18 22:20:58');
INSERT INTO `friendship` (`user_id`, `friend_id`, `status_id`, `requested_at`, `confirmed_at`) VALUES (11, 11, 1, '1975-07-12 01:21:50', '2000-04-18 01:49:21');
INSERT INTO `friendship` (`user_id`, `friend_id`, `status_id`, `requested_at`, `confirmed_at`) VALUES (12, 12, 3, '1984-10-13 22:20:01', '1978-07-22 10:41:59');
INSERT INTO `friendship` (`user_id`, `friend_id`, `status_id`, `requested_at`, `confirmed_at`) VALUES (13, 13, 5, '1974-08-23 17:22:41', '1971-12-21 23:57:13');
INSERT INTO `friendship` (`user_id`, `friend_id`, `status_id`, `requested_at`, `confirmed_at`) VALUES (14, 14, 1, '2008-04-28 17:41:15', '1982-01-08 16:05:02');
INSERT INTO `friendship` (`user_id`, `friend_id`, `status_id`, `requested_at`, `confirmed_at`) VALUES (15, 15, 3, '1997-09-14 23:38:10', '1992-03-19 15:37:15');
INSERT INTO `friendship` (`user_id`, `friend_id`, `status_id`, `requested_at`, `confirmed_at`) VALUES (16, 16, 2, '1981-02-01 22:14:06', '2017-11-19 11:57:28');
INSERT INTO `friendship` (`user_id`, `friend_id`, `status_id`, `requested_at`, `confirmed_at`) VALUES (17, 17, 3, '1977-05-13 19:15:18', '2016-11-14 03:24:47');
INSERT INTO `friendship` (`user_id`, `friend_id`, `status_id`, `requested_at`, `confirmed_at`) VALUES (18, 18, 3, '1998-02-15 13:51:39', '1999-09-13 00:10:58');
INSERT INTO `friendship` (`user_id`, `friend_id`, `status_id`, `requested_at`, `confirmed_at`) VALUES (19, 19, 1, '2019-09-24 14:09:01', '1997-04-04 20:24:11');
INSERT INTO `friendship` (`user_id`, `friend_id`, `status_id`, `requested_at`, `confirmed_at`) VALUES (20, 20, 2, '1989-01-28 12:25:13', '2008-06-17 02:41:02');
INSERT INTO `friendship` (`user_id`, `friend_id`, `status_id`, `requested_at`, `confirmed_at`) VALUES (21, 21, 2, '1983-10-13 05:17:00', '2014-02-17 15:18:09');
INSERT INTO `friendship` (`user_id`, `friend_id`, `status_id`, `requested_at`, `confirmed_at`) VALUES (22, 22, 5, '2014-01-22 11:20:30', '2003-05-27 21:47:53');
INSERT INTO `friendship` (`user_id`, `friend_id`, `status_id`, `requested_at`, `confirmed_at`) VALUES (23, 23, 4, '2014-11-15 05:49:37', '2001-05-05 11:21:51');
INSERT INTO `friendship` (`user_id`, `friend_id`, `status_id`, `requested_at`, `confirmed_at`) VALUES (24, 24, 4, '1992-06-20 17:36:22', '1991-03-27 05:06:11');
INSERT INTO `friendship` (`user_id`, `friend_id`, `status_id`, `requested_at`, `confirmed_at`) VALUES (25, 25, 1, '1981-11-20 11:28:19', '1982-07-02 19:28:15');
INSERT INTO `friendship` (`user_id`, `friend_id`, `status_id`, `requested_at`, `confirmed_at`) VALUES (26, 26, 5, '1996-10-27 05:46:50', '1988-01-01 09:01:46');
INSERT INTO `friendship` (`user_id`, `friend_id`, `status_id`, `requested_at`, `confirmed_at`) VALUES (27, 27, 5, '1988-08-23 18:11:00', '2004-01-15 23:57:08');
INSERT INTO `friendship` (`user_id`, `friend_id`, `status_id`, `requested_at`, `confirmed_at`) VALUES (28, 28, 2, '2004-03-15 14:00:40', '1977-01-12 18:51:43');
INSERT INTO `friendship` (`user_id`, `friend_id`, `status_id`, `requested_at`, `confirmed_at`) VALUES (29, 29, 4, '2011-06-03 08:43:40', '1970-10-24 07:26:26');
INSERT INTO `friendship` (`user_id`, `friend_id`, `status_id`, `requested_at`, `confirmed_at`) VALUES (30, 30, 4, '1978-11-16 07:51:47', '1971-03-19 03:55:06');
INSERT INTO `friendship` (`user_id`, `friend_id`, `status_id`, `requested_at`, `confirmed_at`) VALUES (31, 31, 5, '1974-03-26 05:06:18', '1975-04-25 01:36:43');
INSERT INTO `friendship` (`user_id`, `friend_id`, `status_id`, `requested_at`, `confirmed_at`) VALUES (32, 32, 5, '1992-06-19 00:47:02', '1987-03-19 19:28:38');
INSERT INTO `friendship` (`user_id`, `friend_id`, `status_id`, `requested_at`, `confirmed_at`) VALUES (33, 33, 3, '1990-12-23 01:40:13', '2017-05-21 02:51:29');
INSERT INTO `friendship` (`user_id`, `friend_id`, `status_id`, `requested_at`, `confirmed_at`) VALUES (34, 34, 4, '2007-07-21 23:59:06', '1994-12-27 16:06:47');
INSERT INTO `friendship` (`user_id`, `friend_id`, `status_id`, `requested_at`, `confirmed_at`) VALUES (35, 35, 3, '2014-03-01 23:25:53', '2005-01-10 04:12:25');
INSERT INTO `friendship` (`user_id`, `friend_id`, `status_id`, `requested_at`, `confirmed_at`) VALUES (36, 36, 5, '1992-05-01 18:36:49', '1998-05-07 15:33:40');
INSERT INTO `friendship` (`user_id`, `friend_id`, `status_id`, `requested_at`, `confirmed_at`) VALUES (37, 37, 5, '2013-05-26 04:32:01', '1979-11-30 04:34:31');
INSERT INTO `friendship` (`user_id`, `friend_id`, `status_id`, `requested_at`, `confirmed_at`) VALUES (38, 38, 5, '2017-10-24 10:00:26', '2012-10-02 04:46:46');
INSERT INTO `friendship` (`user_id`, `friend_id`, `status_id`, `requested_at`, `confirmed_at`) VALUES (39, 39, 2, '1985-12-18 07:40:33', '2002-04-21 08:44:26');
INSERT INTO `friendship` (`user_id`, `friend_id`, `status_id`, `requested_at`, `confirmed_at`) VALUES (40, 40, 1, '1980-03-24 14:41:29', '2006-02-21 10:46:41');
INSERT INTO `friendship` (`user_id`, `friend_id`, `status_id`, `requested_at`, `confirmed_at`) VALUES (41, 41, 4, '1990-07-22 08:55:43', '1976-09-30 08:54:30');
INSERT INTO `friendship` (`user_id`, `friend_id`, `status_id`, `requested_at`, `confirmed_at`) VALUES (42, 42, 5, '1990-10-14 23:08:56', '1983-12-18 14:09:14');
INSERT INTO `friendship` (`user_id`, `friend_id`, `status_id`, `requested_at`, `confirmed_at`) VALUES (43, 43, 2, '1986-01-19 01:32:25', '1992-05-12 13:39:00');
INSERT INTO `friendship` (`user_id`, `friend_id`, `status_id`, `requested_at`, `confirmed_at`) VALUES (44, 44, 2, '1998-03-08 03:48:08', '1993-05-04 21:23:29');
INSERT INTO `friendship` (`user_id`, `friend_id`, `status_id`, `requested_at`, `confirmed_at`) VALUES (45, 45, 1, '1992-04-09 08:43:48', '1980-02-21 11:27:28');
INSERT INTO `friendship` (`user_id`, `friend_id`, `status_id`, `requested_at`, `confirmed_at`) VALUES (46, 46, 4, '1995-01-13 17:32:42', '1982-06-05 19:15:45');
INSERT INTO `friendship` (`user_id`, `friend_id`, `status_id`, `requested_at`, `confirmed_at`) VALUES (47, 47, 4, '1989-04-16 14:15:59', '2005-07-02 00:09:45');
INSERT INTO `friendship` (`user_id`, `friend_id`, `status_id`, `requested_at`, `confirmed_at`) VALUES (48, 48, 5, '1996-05-06 14:52:56', '1999-07-08 11:05:14');
INSERT INTO `friendship` (`user_id`, `friend_id`, `status_id`, `requested_at`, `confirmed_at`) VALUES (49, 49, 3, '2010-12-31 07:49:27', '2000-02-19 20:51:50');
INSERT INTO `friendship` (`user_id`, `friend_id`, `status_id`, `requested_at`, `confirmed_at`) VALUES (50, 50, 4, '1976-12-11 21:07:31', '1980-02-25 16:58:56');
INSERT INTO `friendship` (`user_id`, `friend_id`, `status_id`, `requested_at`, `confirmed_at`) VALUES (51, 51, 3, '1997-10-28 20:03:14', '1989-02-09 19:39:58');
INSERT INTO `friendship` (`user_id`, `friend_id`, `status_id`, `requested_at`, `confirmed_at`) VALUES (52, 52, 2, '2015-04-11 02:45:11', '1987-09-24 15:57:20');
INSERT INTO `friendship` (`user_id`, `friend_id`, `status_id`, `requested_at`, `confirmed_at`) VALUES (53, 53, 1, '2005-07-31 18:30:09', '1976-11-09 00:04:06');
INSERT INTO `friendship` (`user_id`, `friend_id`, `status_id`, `requested_at`, `confirmed_at`) VALUES (54, 54, 1, '1973-03-18 02:18:38', '1996-04-15 17:13:04');
INSERT INTO `friendship` (`user_id`, `friend_id`, `status_id`, `requested_at`, `confirmed_at`) VALUES (55, 55, 4, '1974-02-16 05:48:17', '1985-01-30 09:11:50');
INSERT INTO `friendship` (`user_id`, `friend_id`, `status_id`, `requested_at`, `confirmed_at`) VALUES (56, 56, 5, '1979-05-17 04:47:37', '1983-05-20 03:21:15');
INSERT INTO `friendship` (`user_id`, `friend_id`, `status_id`, `requested_at`, `confirmed_at`) VALUES (57, 57, 4, '1997-07-18 10:19:14', '1996-04-23 09:36:38');
INSERT INTO `friendship` (`user_id`, `friend_id`, `status_id`, `requested_at`, `confirmed_at`) VALUES (58, 58, 5, '2015-06-11 17:09:11', '1998-03-04 18:22:51');
INSERT INTO `friendship` (`user_id`, `friend_id`, `status_id`, `requested_at`, `confirmed_at`) VALUES (59, 59, 2, '1991-11-01 19:59:17', '2015-07-27 03:55:40');
INSERT INTO `friendship` (`user_id`, `friend_id`, `status_id`, `requested_at`, `confirmed_at`) VALUES (60, 60, 3, '2015-08-11 15:16:00', '2013-08-04 05:20:08');
INSERT INTO `friendship` (`user_id`, `friend_id`, `status_id`, `requested_at`, `confirmed_at`) VALUES (61, 61, 5, '1984-08-20 12:57:46', '1974-11-04 02:45:12');
INSERT INTO `friendship` (`user_id`, `friend_id`, `status_id`, `requested_at`, `confirmed_at`) VALUES (62, 62, 1, '2017-01-05 16:03:38', '2011-07-03 10:01:42');
INSERT INTO `friendship` (`user_id`, `friend_id`, `status_id`, `requested_at`, `confirmed_at`) VALUES (63, 63, 4, '1998-03-16 11:06:36', '1978-01-24 14:09:47');
INSERT INTO `friendship` (`user_id`, `friend_id`, `status_id`, `requested_at`, `confirmed_at`) VALUES (64, 64, 4, '1979-02-15 08:10:28', '2006-11-18 14:25:26');
INSERT INTO `friendship` (`user_id`, `friend_id`, `status_id`, `requested_at`, `confirmed_at`) VALUES (65, 65, 2, '2005-01-18 01:10:17', '1981-10-19 18:23:02');
INSERT INTO `friendship` (`user_id`, `friend_id`, `status_id`, `requested_at`, `confirmed_at`) VALUES (66, 66, 5, '1976-01-02 03:37:46', '1998-03-03 13:16:38');
INSERT INTO `friendship` (`user_id`, `friend_id`, `status_id`, `requested_at`, `confirmed_at`) VALUES (67, 67, 2, '1998-10-05 13:22:47', '1985-10-08 18:04:41');
INSERT INTO `friendship` (`user_id`, `friend_id`, `status_id`, `requested_at`, `confirmed_at`) VALUES (68, 68, 2, '1993-08-28 12:01:11', '1993-07-11 10:56:10');
INSERT INTO `friendship` (`user_id`, `friend_id`, `status_id`, `requested_at`, `confirmed_at`) VALUES (69, 69, 2, '1999-01-22 06:26:04', '1994-07-25 09:13:01');
INSERT INTO `friendship` (`user_id`, `friend_id`, `status_id`, `requested_at`, `confirmed_at`) VALUES (70, 70, 3, '1984-03-29 22:16:28', '2013-10-23 05:08:08');
INSERT INTO `friendship` (`user_id`, `friend_id`, `status_id`, `requested_at`, `confirmed_at`) VALUES (71, 71, 2, '2002-12-25 01:20:16', '1999-08-04 08:34:24');
INSERT INTO `friendship` (`user_id`, `friend_id`, `status_id`, `requested_at`, `confirmed_at`) VALUES (72, 72, 4, '1991-10-31 09:46:48', '1988-06-22 12:51:20');
INSERT INTO `friendship` (`user_id`, `friend_id`, `status_id`, `requested_at`, `confirmed_at`) VALUES (73, 73, 2, '1986-06-21 14:16:35', '2003-05-19 22:37:30');
INSERT INTO `friendship` (`user_id`, `friend_id`, `status_id`, `requested_at`, `confirmed_at`) VALUES (74, 74, 4, '2011-04-06 00:38:58', '1995-05-15 07:03:21');
INSERT INTO `friendship` (`user_id`, `friend_id`, `status_id`, `requested_at`, `confirmed_at`) VALUES (75, 75, 4, '1994-12-01 03:57:34', '1970-02-02 22:54:36');
INSERT INTO `friendship` (`user_id`, `friend_id`, `status_id`, `requested_at`, `confirmed_at`) VALUES (76, 76, 4, '2015-04-20 21:32:22', '1983-02-08 17:01:04');
INSERT INTO `friendship` (`user_id`, `friend_id`, `status_id`, `requested_at`, `confirmed_at`) VALUES (77, 77, 5, '1997-07-27 11:23:08', '1975-10-16 15:46:33');
INSERT INTO `friendship` (`user_id`, `friend_id`, `status_id`, `requested_at`, `confirmed_at`) VALUES (78, 78, 4, '1989-03-14 22:57:43', '1974-01-03 23:45:30');
INSERT INTO `friendship` (`user_id`, `friend_id`, `status_id`, `requested_at`, `confirmed_at`) VALUES (79, 79, 5, '1987-02-21 14:43:17', '2004-01-30 04:18:54');
INSERT INTO `friendship` (`user_id`, `friend_id`, `status_id`, `requested_at`, `confirmed_at`) VALUES (80, 80, 1, '1976-10-01 05:19:03', '2005-11-10 13:01:40');
INSERT INTO `friendship` (`user_id`, `friend_id`, `status_id`, `requested_at`, `confirmed_at`) VALUES (81, 81, 5, '2010-06-06 11:15:33', '2001-08-05 17:36:51');
INSERT INTO `friendship` (`user_id`, `friend_id`, `status_id`, `requested_at`, `confirmed_at`) VALUES (82, 82, 4, '2006-10-01 16:48:38', '1996-01-02 12:36:15');
INSERT INTO `friendship` (`user_id`, `friend_id`, `status_id`, `requested_at`, `confirmed_at`) VALUES (83, 83, 4, '2002-10-22 18:56:18', '1977-09-02 12:51:40');
INSERT INTO `friendship` (`user_id`, `friend_id`, `status_id`, `requested_at`, `confirmed_at`) VALUES (84, 84, 5, '2001-01-05 02:33:48', '1997-11-10 16:39:02');
INSERT INTO `friendship` (`user_id`, `friend_id`, `status_id`, `requested_at`, `confirmed_at`) VALUES (85, 85, 2, '2013-02-22 02:52:20', '1974-02-21 05:16:41');
INSERT INTO `friendship` (`user_id`, `friend_id`, `status_id`, `requested_at`, `confirmed_at`) VALUES (86, 86, 3, '1974-08-06 21:24:11', '1977-10-04 14:06:46');
INSERT INTO `friendship` (`user_id`, `friend_id`, `status_id`, `requested_at`, `confirmed_at`) VALUES (87, 87, 4, '2013-04-19 09:06:41', '2002-03-13 20:32:23');
INSERT INTO `friendship` (`user_id`, `friend_id`, `status_id`, `requested_at`, `confirmed_at`) VALUES (88, 88, 5, '1970-03-15 21:53:09', '1972-05-06 00:43:33');
INSERT INTO `friendship` (`user_id`, `friend_id`, `status_id`, `requested_at`, `confirmed_at`) VALUES (89, 89, 3, '2010-04-30 21:26:03', '2012-08-28 14:43:32');
INSERT INTO `friendship` (`user_id`, `friend_id`, `status_id`, `requested_at`, `confirmed_at`) VALUES (90, 90, 5, '1996-01-06 18:25:01', '1993-06-10 07:21:02');
INSERT INTO `friendship` (`user_id`, `friend_id`, `status_id`, `requested_at`, `confirmed_at`) VALUES (91, 91, 1, '1990-07-31 01:15:25', '1998-11-13 10:40:08');
INSERT INTO `friendship` (`user_id`, `friend_id`, `status_id`, `requested_at`, `confirmed_at`) VALUES (92, 92, 2, '1985-10-12 21:22:13', '1974-02-17 09:47:25');
INSERT INTO `friendship` (`user_id`, `friend_id`, `status_id`, `requested_at`, `confirmed_at`) VALUES (93, 93, 1, '1990-09-29 13:55:49', '1970-08-03 01:30:40');
INSERT INTO `friendship` (`user_id`, `friend_id`, `status_id`, `requested_at`, `confirmed_at`) VALUES (94, 94, 4, '2005-02-25 15:54:13', '2007-12-26 22:30:19');
INSERT INTO `friendship` (`user_id`, `friend_id`, `status_id`, `requested_at`, `confirmed_at`) VALUES (95, 95, 1, '1982-11-05 23:05:47', '1977-07-21 16:50:55');
INSERT INTO `friendship` (`user_id`, `friend_id`, `status_id`, `requested_at`, `confirmed_at`) VALUES (96, 96, 1, '1985-07-12 08:28:57', '1986-06-28 14:41:31');
INSERT INTO `friendship` (`user_id`, `friend_id`, `status_id`, `requested_at`, `confirmed_at`) VALUES (97, 97, 1, '1976-12-27 09:30:11', '2019-08-16 15:41:39');
INSERT INTO `friendship` (`user_id`, `friend_id`, `status_id`, `requested_at`, `confirmed_at`) VALUES (98, 98, 1, '2011-04-15 08:01:35', '1973-07-30 16:54:49');
INSERT INTO `friendship` (`user_id`, `friend_id`, `status_id`, `requested_at`, `confirmed_at`) VALUES (99, 99, 5, '1978-04-11 22:18:42', '1999-04-18 01:22:43');
INSERT INTO `friendship` (`user_id`, `friend_id`, `status_id`, `requested_at`, `confirmed_at`) VALUES (100, 100, 4, '1997-02-15 11:27:04', '1976-10-26 15:50:56');


#
# TABLE STRUCTURE FOR: friendship_statuses
#

DROP TABLE IF EXISTS `friendship_statuses`;

CREATE TABLE `friendship_statuses` (
  `id` int(10) unsigned NOT NULL AUTO_INCREMENT,
  `name` varchar(150) COLLATE utf8_unicode_ci NOT NULL,
  PRIMARY KEY (`id`),
  UNIQUE KEY `name` (`name`)
) ENGINE=InnoDB AUTO_INCREMENT=3 DEFAULT CHARSET=utf8 COLLATE=utf8_unicode_ci;

INSERT INTO `friendship_statuses` (`id`, `name`) VALUES (1, 'minima');
INSERT INTO `friendship_statuses` (`id`, `name`) VALUES (2, 'quibusdam');


#
# TABLE STRUCTURE FOR: media
#

DROP TABLE IF EXISTS `media`;

CREATE TABLE `media` (
  `id` int(10) unsigned NOT NULL AUTO_INCREMENT,
  `media_type_id` int(10) unsigned NOT NULL,
  `user_id` int(10) unsigned NOT NULL,
  `filename` varchar(255) COLLATE utf8_unicode_ci NOT NULL,
  `size` int(11) NOT NULL,
  `metadata` longtext CHARACTER SET utf8mb4 COLLATE utf8mb4_bin DEFAULT NULL,
  `created_at` datetime DEFAULT current_timestamp(),
  `updated_at` datetime DEFAULT current_timestamp() ON UPDATE current_timestamp(),
  PRIMARY KEY (`id`)
) ENGINE=InnoDB AUTO_INCREMENT=101 DEFAULT CHARSET=utf8 COLLATE=utf8_unicode_ci;

INSERT INTO `media` (`id`, `media_type_id`, `user_id`, `filename`, `size`, `metadata`, `created_at`, `updated_at`) VALUES (1, 1, 1, 'ea', 960, 'http://lorempixel.com/640/480/', '1994-09-18 17:27:31', '2006-03-25 12:16:05');
INSERT INTO `media` (`id`, `media_type_id`, `user_id`, `filename`, `size`, `metadata`, `created_at`, `updated_at`) VALUES (2, 2, 2, 'porro', 0, 'http://lorempixel.com/640/480/', '2012-09-12 05:58:41', '2018-05-02 07:53:39');
INSERT INTO `media` (`id`, `media_type_id`, `user_id`, `filename`, `size`, `metadata`, `created_at`, `updated_at`) VALUES (3, 3, 3, 'sequi', 71, 'http://lorempixel.com/640/480/', '2001-01-04 20:16:28', '1981-05-12 07:23:40');
INSERT INTO `media` (`id`, `media_type_id`, `user_id`, `filename`, `size`, `metadata`, `created_at`, `updated_at`) VALUES (4, 4, 4, 'qui', 0, 'http://lorempixel.com/640/480/', '1985-11-07 00:23:44', '2012-07-27 06:38:05');
INSERT INTO `media` (`id`, `media_type_id`, `user_id`, `filename`, `size`, `metadata`, `created_at`, `updated_at`) VALUES (5, 5, 5, 'ipsum', 8954870, 'http://lorempixel.com/640/480/', '1984-08-13 10:58:05', '1990-09-27 23:08:54');
INSERT INTO `media` (`id`, `media_type_id`, `user_id`, `filename`, `size`, `metadata`, `created_at`, `updated_at`) VALUES (6, 6, 6, 'impedit', 4732454, 'http://lorempixel.com/640/480/', '1987-11-01 07:19:57', '1998-09-26 06:20:35');
INSERT INTO `media` (`id`, `media_type_id`, `user_id`, `filename`, `size`, `metadata`, `created_at`, `updated_at`) VALUES (7, 7, 7, 'mollitia', 458438556, 'http://lorempixel.com/640/480/', '1993-11-14 05:04:20', '2003-08-15 09:41:19');
INSERT INTO `media` (`id`, `media_type_id`, `user_id`, `filename`, `size`, `metadata`, `created_at`, `updated_at`) VALUES (8, 8, 8, 'autem', 320717057, 'http://lorempixel.com/640/480/', '2017-07-06 16:29:32', '2003-09-13 23:48:25');
INSERT INTO `media` (`id`, `media_type_id`, `user_id`, `filename`, `size`, `metadata`, `created_at`, `updated_at`) VALUES (9, 9, 9, 'soluta', 4113981, 'http://lorempixel.com/640/480/', '1990-01-28 03:55:12', '1989-10-13 23:15:41');
INSERT INTO `media` (`id`, `media_type_id`, `user_id`, `filename`, `size`, `metadata`, `created_at`, `updated_at`) VALUES (10, 10, 10, 'fuga', 3286, 'http://lorempixel.com/640/480/', '1977-06-30 20:19:07', '2019-03-12 07:48:05');
INSERT INTO `media` (`id`, `media_type_id`, `user_id`, `filename`, `size`, `metadata`, `created_at`, `updated_at`) VALUES (11, 11, 11, 'mollitia', 97411509, 'http://lorempixel.com/640/480/', '2018-10-28 16:29:56', '1978-04-19 09:04:50');
INSERT INTO `media` (`id`, `media_type_id`, `user_id`, `filename`, `size`, `metadata`, `created_at`, `updated_at`) VALUES (12, 12, 12, 'dolor', 7436160, 'http://lorempixel.com/640/480/', '2019-04-06 21:56:52', '2016-06-27 17:29:58');
INSERT INTO `media` (`id`, `media_type_id`, `user_id`, `filename`, `size`, `metadata`, `created_at`, `updated_at`) VALUES (13, 13, 13, 'et', 73, 'http://lorempixel.com/640/480/', '1995-08-10 17:27:04', '2014-07-04 15:25:27');
INSERT INTO `media` (`id`, `media_type_id`, `user_id`, `filename`, `size`, `metadata`, `created_at`, `updated_at`) VALUES (14, 14, 14, 'beatae', 5, 'http://lorempixel.com/640/480/', '2014-12-07 11:35:15', '1998-11-16 02:58:40');
INSERT INTO `media` (`id`, `media_type_id`, `user_id`, `filename`, `size`, `metadata`, `created_at`, `updated_at`) VALUES (15, 15, 15, 'corrupti', 2, 'http://lorempixel.com/640/480/', '1970-08-20 07:35:15', '1991-04-28 12:57:14');
INSERT INTO `media` (`id`, `media_type_id`, `user_id`, `filename`, `size`, `metadata`, `created_at`, `updated_at`) VALUES (16, 16, 16, 'et', 29264423, 'http://lorempixel.com/640/480/', '2003-07-08 18:48:40', '1977-10-30 04:00:31');
INSERT INTO `media` (`id`, `media_type_id`, `user_id`, `filename`, `size`, `metadata`, `created_at`, `updated_at`) VALUES (17, 17, 17, 'ut', 0, 'http://lorempixel.com/640/480/', '2008-02-20 07:23:57', '2014-05-24 06:50:01');
INSERT INTO `media` (`id`, `media_type_id`, `user_id`, `filename`, `size`, `metadata`, `created_at`, `updated_at`) VALUES (18, 18, 18, 'assumenda', 198819771, 'http://lorempixel.com/640/480/', '1989-05-12 06:35:36', '1989-08-06 02:26:25');
INSERT INTO `media` (`id`, `media_type_id`, `user_id`, `filename`, `size`, `metadata`, `created_at`, `updated_at`) VALUES (19, 19, 19, 'omnis', 4, 'http://lorempixel.com/640/480/', '1993-07-13 18:27:53', '1970-07-25 08:34:30');
INSERT INTO `media` (`id`, `media_type_id`, `user_id`, `filename`, `size`, `metadata`, `created_at`, `updated_at`) VALUES (20, 20, 20, 'non', 8934593, 'http://lorempixel.com/640/480/', '1997-10-03 14:40:07', '1997-08-24 13:59:52');
INSERT INTO `media` (`id`, `media_type_id`, `user_id`, `filename`, `size`, `metadata`, `created_at`, `updated_at`) VALUES (21, 21, 21, 'aperiam', 608741, 'http://lorempixel.com/640/480/', '1983-02-07 11:19:53', '1976-11-17 16:44:58');
INSERT INTO `media` (`id`, `media_type_id`, `user_id`, `filename`, `size`, `metadata`, `created_at`, `updated_at`) VALUES (22, 22, 22, 'nihil', 956, 'http://lorempixel.com/640/480/', '1994-09-03 00:08:59', '2019-12-06 03:19:04');
INSERT INTO `media` (`id`, `media_type_id`, `user_id`, `filename`, `size`, `metadata`, `created_at`, `updated_at`) VALUES (23, 23, 23, 'molestias', 759179, 'http://lorempixel.com/640/480/', '2009-03-29 00:53:05', '1984-03-29 19:32:16');
INSERT INTO `media` (`id`, `media_type_id`, `user_id`, `filename`, `size`, `metadata`, `created_at`, `updated_at`) VALUES (24, 24, 24, 'voluptas', 927507162, 'http://lorempixel.com/640/480/', '1989-07-22 13:08:24', '1991-11-05 12:44:04');
INSERT INTO `media` (`id`, `media_type_id`, `user_id`, `filename`, `size`, `metadata`, `created_at`, `updated_at`) VALUES (25, 25, 25, 'ad', 45743, 'http://lorempixel.com/640/480/', '1972-05-20 15:43:04', '1982-04-09 06:46:45');
INSERT INTO `media` (`id`, `media_type_id`, `user_id`, `filename`, `size`, `metadata`, `created_at`, `updated_at`) VALUES (26, 26, 26, 'porro', 2987139, 'http://lorempixel.com/640/480/', '2014-12-09 08:51:45', '2018-07-21 18:16:11');
INSERT INTO `media` (`id`, `media_type_id`, `user_id`, `filename`, `size`, `metadata`, `created_at`, `updated_at`) VALUES (27, 27, 27, 'voluptatum', 0, 'http://lorempixel.com/640/480/', '1991-05-19 16:25:50', '1985-10-25 14:01:10');
INSERT INTO `media` (`id`, `media_type_id`, `user_id`, `filename`, `size`, `metadata`, `created_at`, `updated_at`) VALUES (28, 28, 28, 'suscipit', 10359, 'http://lorempixel.com/640/480/', '2001-10-12 15:38:01', '1999-01-17 13:53:26');
INSERT INTO `media` (`id`, `media_type_id`, `user_id`, `filename`, `size`, `metadata`, `created_at`, `updated_at`) VALUES (29, 29, 29, 'quasi', 25105098, 'http://lorempixel.com/640/480/', '2020-01-08 22:09:50', '2007-06-16 21:10:53');
INSERT INTO `media` (`id`, `media_type_id`, `user_id`, `filename`, `size`, `metadata`, `created_at`, `updated_at`) VALUES (30, 30, 30, 'explicabo', 9333, 'http://lorempixel.com/640/480/', '1970-08-29 19:29:23', '2004-01-25 23:01:29');
INSERT INTO `media` (`id`, `media_type_id`, `user_id`, `filename`, `size`, `metadata`, `created_at`, `updated_at`) VALUES (31, 31, 31, 'ipsa', 4665, 'http://lorempixel.com/640/480/', '2004-03-12 19:01:34', '1972-08-10 20:25:25');
INSERT INTO `media` (`id`, `media_type_id`, `user_id`, `filename`, `size`, `metadata`, `created_at`, `updated_at`) VALUES (32, 32, 32, 'omnis', 6, 'http://lorempixel.com/640/480/', '1993-08-09 03:27:50', '1973-12-02 04:36:40');
INSERT INTO `media` (`id`, `media_type_id`, `user_id`, `filename`, `size`, `metadata`, `created_at`, `updated_at`) VALUES (33, 33, 33, 'fugiat', 8493583, 'http://lorempixel.com/640/480/', '1990-02-01 07:26:30', '1980-04-15 18:49:44');
INSERT INTO `media` (`id`, `media_type_id`, `user_id`, `filename`, `size`, `metadata`, `created_at`, `updated_at`) VALUES (34, 34, 34, 'tempore', 135146, 'http://lorempixel.com/640/480/', '1990-05-26 03:32:27', '2007-04-18 04:38:55');
INSERT INTO `media` (`id`, `media_type_id`, `user_id`, `filename`, `size`, `metadata`, `created_at`, `updated_at`) VALUES (35, 35, 35, 'eum', 0, 'http://lorempixel.com/640/480/', '2012-07-21 06:19:05', '1982-06-22 03:57:59');
INSERT INTO `media` (`id`, `media_type_id`, `user_id`, `filename`, `size`, `metadata`, `created_at`, `updated_at`) VALUES (36, 36, 36, 'nemo', 22908, 'http://lorempixel.com/640/480/', '1975-10-20 23:09:55', '1973-10-23 20:11:39');
INSERT INTO `media` (`id`, `media_type_id`, `user_id`, `filename`, `size`, `metadata`, `created_at`, `updated_at`) VALUES (37, 37, 37, 'ipsa', 283059961, 'http://lorempixel.com/640/480/', '1976-01-14 05:31:06', '2010-08-28 10:20:41');
INSERT INTO `media` (`id`, `media_type_id`, `user_id`, `filename`, `size`, `metadata`, `created_at`, `updated_at`) VALUES (38, 38, 38, 'impedit', 2942, 'http://lorempixel.com/640/480/', '2011-05-30 04:25:37', '1981-02-10 18:57:37');
INSERT INTO `media` (`id`, `media_type_id`, `user_id`, `filename`, `size`, `metadata`, `created_at`, `updated_at`) VALUES (39, 39, 39, 'est', 6, 'http://lorempixel.com/640/480/', '1980-04-07 19:06:09', '1996-10-13 10:09:53');
INSERT INTO `media` (`id`, `media_type_id`, `user_id`, `filename`, `size`, `metadata`, `created_at`, `updated_at`) VALUES (40, 40, 40, 'iusto', 0, 'http://lorempixel.com/640/480/', '1998-08-29 13:37:04', '2019-10-23 14:55:52');
INSERT INTO `media` (`id`, `media_type_id`, `user_id`, `filename`, `size`, `metadata`, `created_at`, `updated_at`) VALUES (41, 41, 41, 'dolorum', 283052, 'http://lorempixel.com/640/480/', '1975-09-01 22:01:27', '1992-10-05 10:19:03');
INSERT INTO `media` (`id`, `media_type_id`, `user_id`, `filename`, `size`, `metadata`, `created_at`, `updated_at`) VALUES (42, 42, 42, 'sed', 985411763, 'http://lorempixel.com/640/480/', '1993-04-25 01:42:10', '1976-12-29 10:05:11');
INSERT INTO `media` (`id`, `media_type_id`, `user_id`, `filename`, `size`, `metadata`, `created_at`, `updated_at`) VALUES (43, 43, 43, 'nobis', 8378352, 'http://lorempixel.com/640/480/', '1999-08-03 01:05:13', '1993-08-16 13:07:16');
INSERT INTO `media` (`id`, `media_type_id`, `user_id`, `filename`, `size`, `metadata`, `created_at`, `updated_at`) VALUES (44, 44, 44, 'sint', 268668, 'http://lorempixel.com/640/480/', '1982-01-05 13:04:56', '1984-04-18 10:23:25');
INSERT INTO `media` (`id`, `media_type_id`, `user_id`, `filename`, `size`, `metadata`, `created_at`, `updated_at`) VALUES (45, 45, 45, 'et', 5482257, 'http://lorempixel.com/640/480/', '1989-04-06 13:00:07', '1995-03-27 04:28:20');
INSERT INTO `media` (`id`, `media_type_id`, `user_id`, `filename`, `size`, `metadata`, `created_at`, `updated_at`) VALUES (46, 46, 46, 'provident', 394834223, 'http://lorempixel.com/640/480/', '1973-08-28 13:22:02', '2006-10-12 07:39:45');
INSERT INTO `media` (`id`, `media_type_id`, `user_id`, `filename`, `size`, `metadata`, `created_at`, `updated_at`) VALUES (47, 47, 47, 'sit', 6685005, 'http://lorempixel.com/640/480/', '1997-08-20 14:50:41', '1997-09-20 10:16:35');
INSERT INTO `media` (`id`, `media_type_id`, `user_id`, `filename`, `size`, `metadata`, `created_at`, `updated_at`) VALUES (48, 48, 48, 'eligendi', 28688315, 'http://lorempixel.com/640/480/', '1980-04-19 05:36:32', '1982-03-30 07:26:53');
INSERT INTO `media` (`id`, `media_type_id`, `user_id`, `filename`, `size`, `metadata`, `created_at`, `updated_at`) VALUES (49, 49, 49, 'qui', 7894, 'http://lorempixel.com/640/480/', '2001-03-19 11:57:26', '2013-03-18 06:02:49');
INSERT INTO `media` (`id`, `media_type_id`, `user_id`, `filename`, `size`, `metadata`, `created_at`, `updated_at`) VALUES (50, 50, 50, 'qui', 0, 'http://lorempixel.com/640/480/', '2004-01-25 20:25:42', '2007-01-02 08:44:18');
INSERT INTO `media` (`id`, `media_type_id`, `user_id`, `filename`, `size`, `metadata`, `created_at`, `updated_at`) VALUES (51, 51, 51, 'ut', 1431, 'http://lorempixel.com/640/480/', '1997-01-07 16:57:58', '1979-01-09 05:44:11');
INSERT INTO `media` (`id`, `media_type_id`, `user_id`, `filename`, `size`, `metadata`, `created_at`, `updated_at`) VALUES (52, 52, 52, 'perspiciatis', 65634, 'http://lorempixel.com/640/480/', '1975-02-13 03:51:55', '2011-01-20 15:09:48');
INSERT INTO `media` (`id`, `media_type_id`, `user_id`, `filename`, `size`, `metadata`, `created_at`, `updated_at`) VALUES (53, 53, 53, 'vel', 42576, 'http://lorempixel.com/640/480/', '1972-11-14 00:50:07', '1993-07-21 19:05:50');
INSERT INTO `media` (`id`, `media_type_id`, `user_id`, `filename`, `size`, `metadata`, `created_at`, `updated_at`) VALUES (54, 54, 54, 'eum', 6512, 'http://lorempixel.com/640/480/', '2013-12-28 07:43:19', '2017-11-10 14:15:25');
INSERT INTO `media` (`id`, `media_type_id`, `user_id`, `filename`, `size`, `metadata`, `created_at`, `updated_at`) VALUES (55, 55, 55, 'a', 3666, 'http://lorempixel.com/640/480/', '1985-08-30 16:59:51', '1980-05-29 02:55:19');
INSERT INTO `media` (`id`, `media_type_id`, `user_id`, `filename`, `size`, `metadata`, `created_at`, `updated_at`) VALUES (56, 56, 56, 'consequuntur', 9, 'http://lorempixel.com/640/480/', '2012-09-04 19:59:00', '1990-10-27 10:03:42');
INSERT INTO `media` (`id`, `media_type_id`, `user_id`, `filename`, `size`, `metadata`, `created_at`, `updated_at`) VALUES (57, 57, 57, 'sed', 8083, 'http://lorempixel.com/640/480/', '1971-03-25 14:58:58', '1976-04-29 20:16:21');
INSERT INTO `media` (`id`, `media_type_id`, `user_id`, `filename`, `size`, `metadata`, `created_at`, `updated_at`) VALUES (58, 58, 58, 'pariatur', 777, 'http://lorempixel.com/640/480/', '2017-07-14 03:55:00', '2006-01-31 10:40:59');
INSERT INTO `media` (`id`, `media_type_id`, `user_id`, `filename`, `size`, `metadata`, `created_at`, `updated_at`) VALUES (59, 59, 59, 'placeat', 471285, 'http://lorempixel.com/640/480/', '1985-07-24 05:30:31', '1988-07-16 17:02:29');
INSERT INTO `media` (`id`, `media_type_id`, `user_id`, `filename`, `size`, `metadata`, `created_at`, `updated_at`) VALUES (60, 60, 60, 'voluptatum', 248, 'http://lorempixel.com/640/480/', '1984-08-29 23:10:21', '2011-02-06 13:20:47');
INSERT INTO `media` (`id`, `media_type_id`, `user_id`, `filename`, `size`, `metadata`, `created_at`, `updated_at`) VALUES (61, 61, 61, 'repudiandae', 126, 'http://lorempixel.com/640/480/', '1980-10-22 10:10:30', '2003-05-30 05:33:12');
INSERT INTO `media` (`id`, `media_type_id`, `user_id`, `filename`, `size`, `metadata`, `created_at`, `updated_at`) VALUES (62, 62, 62, 'quibusdam', 67869, 'http://lorempixel.com/640/480/', '1993-09-09 16:26:36', '2008-09-03 15:42:33');
INSERT INTO `media` (`id`, `media_type_id`, `user_id`, `filename`, `size`, `metadata`, `created_at`, `updated_at`) VALUES (63, 63, 63, 'perspiciatis', 6212, 'http://lorempixel.com/640/480/', '2009-02-14 08:51:37', '2016-03-03 19:01:54');
INSERT INTO `media` (`id`, `media_type_id`, `user_id`, `filename`, `size`, `metadata`, `created_at`, `updated_at`) VALUES (64, 64, 64, 'et', 763315, 'http://lorempixel.com/640/480/', '1987-01-12 21:39:23', '2010-09-22 09:56:01');
INSERT INTO `media` (`id`, `media_type_id`, `user_id`, `filename`, `size`, `metadata`, `created_at`, `updated_at`) VALUES (65, 65, 65, 'ut', 4376126, 'http://lorempixel.com/640/480/', '2015-08-13 18:50:02', '1972-09-18 10:34:08');
INSERT INTO `media` (`id`, `media_type_id`, `user_id`, `filename`, `size`, `metadata`, `created_at`, `updated_at`) VALUES (66, 66, 66, 'doloribus', 8958, 'http://lorempixel.com/640/480/', '1970-02-08 16:24:42', '1996-12-19 23:33:50');
INSERT INTO `media` (`id`, `media_type_id`, `user_id`, `filename`, `size`, `metadata`, `created_at`, `updated_at`) VALUES (67, 67, 67, 'sed', 201294277, 'http://lorempixel.com/640/480/', '1979-07-28 19:22:54', '2003-08-23 23:58:46');
INSERT INTO `media` (`id`, `media_type_id`, `user_id`, `filename`, `size`, `metadata`, `created_at`, `updated_at`) VALUES (68, 68, 68, 'tenetur', 727, 'http://lorempixel.com/640/480/', '1979-03-19 20:44:22', '2011-08-02 09:08:56');
INSERT INTO `media` (`id`, `media_type_id`, `user_id`, `filename`, `size`, `metadata`, `created_at`, `updated_at`) VALUES (69, 69, 69, 'sit', 61812420, 'http://lorempixel.com/640/480/', '1973-10-23 21:38:47', '1973-11-02 05:29:35');
INSERT INTO `media` (`id`, `media_type_id`, `user_id`, `filename`, `size`, `metadata`, `created_at`, `updated_at`) VALUES (70, 70, 70, 'iste', 7287870, 'http://lorempixel.com/640/480/', '2018-08-09 13:55:09', '2000-12-13 16:07:16');
INSERT INTO `media` (`id`, `media_type_id`, `user_id`, `filename`, `size`, `metadata`, `created_at`, `updated_at`) VALUES (71, 71, 71, 'et', 407020503, 'http://lorempixel.com/640/480/', '2008-09-05 01:51:36', '1995-01-18 06:03:11');
INSERT INTO `media` (`id`, `media_type_id`, `user_id`, `filename`, `size`, `metadata`, `created_at`, `updated_at`) VALUES (72, 72, 72, 'voluptas', 15, 'http://lorempixel.com/640/480/', '1992-10-27 21:18:57', '1977-10-14 10:32:13');
INSERT INTO `media` (`id`, `media_type_id`, `user_id`, `filename`, `size`, `metadata`, `created_at`, `updated_at`) VALUES (73, 73, 73, 'ut', 8706, 'http://lorempixel.com/640/480/', '1982-03-14 09:09:11', '1998-01-29 05:28:27');
INSERT INTO `media` (`id`, `media_type_id`, `user_id`, `filename`, `size`, `metadata`, `created_at`, `updated_at`) VALUES (74, 74, 74, 'qui', 0, 'http://lorempixel.com/640/480/', '1996-02-23 09:22:40', '2012-01-23 18:11:51');
INSERT INTO `media` (`id`, `media_type_id`, `user_id`, `filename`, `size`, `metadata`, `created_at`, `updated_at`) VALUES (75, 75, 75, 'exercitationem', 1, 'http://lorempixel.com/640/480/', '1996-12-28 21:16:47', '1971-07-15 21:47:52');
INSERT INTO `media` (`id`, `media_type_id`, `user_id`, `filename`, `size`, `metadata`, `created_at`, `updated_at`) VALUES (76, 76, 76, 'tempore', 473597, 'http://lorempixel.com/640/480/', '2004-09-08 11:25:34', '1980-03-19 05:07:18');
INSERT INTO `media` (`id`, `media_type_id`, `user_id`, `filename`, `size`, `metadata`, `created_at`, `updated_at`) VALUES (77, 77, 77, 'explicabo', 7, 'http://lorempixel.com/640/480/', '1997-04-12 12:10:10', '2011-05-22 07:43:27');
INSERT INTO `media` (`id`, `media_type_id`, `user_id`, `filename`, `size`, `metadata`, `created_at`, `updated_at`) VALUES (78, 78, 78, 'aut', 8850620, 'http://lorempixel.com/640/480/', '2016-10-29 17:38:44', '2006-01-12 11:40:20');
INSERT INTO `media` (`id`, `media_type_id`, `user_id`, `filename`, `size`, `metadata`, `created_at`, `updated_at`) VALUES (79, 79, 79, 'occaecati', 0, 'http://lorempixel.com/640/480/', '1980-08-30 18:57:42', '1980-05-06 11:52:41');
INSERT INTO `media` (`id`, `media_type_id`, `user_id`, `filename`, `size`, `metadata`, `created_at`, `updated_at`) VALUES (80, 80, 80, 'cumque', 183636, 'http://lorempixel.com/640/480/', '1998-05-22 20:04:29', '2011-03-26 21:34:44');
INSERT INTO `media` (`id`, `media_type_id`, `user_id`, `filename`, `size`, `metadata`, `created_at`, `updated_at`) VALUES (81, 81, 81, 'quo', 480342, 'http://lorempixel.com/640/480/', '1991-12-13 22:33:24', '1974-04-08 23:01:59');
INSERT INTO `media` (`id`, `media_type_id`, `user_id`, `filename`, `size`, `metadata`, `created_at`, `updated_at`) VALUES (82, 82, 82, 'saepe', 352159, 'http://lorempixel.com/640/480/', '2008-03-20 21:09:47', '1984-01-06 15:50:55');
INSERT INTO `media` (`id`, `media_type_id`, `user_id`, `filename`, `size`, `metadata`, `created_at`, `updated_at`) VALUES (83, 83, 83, 'expedita', 0, 'http://lorempixel.com/640/480/', '1970-07-12 10:00:07', '1984-06-12 08:19:54');
INSERT INTO `media` (`id`, `media_type_id`, `user_id`, `filename`, `size`, `metadata`, `created_at`, `updated_at`) VALUES (84, 84, 84, 'et', 964, 'http://lorempixel.com/640/480/', '1976-02-05 20:21:51', '2014-07-08 17:06:45');
INSERT INTO `media` (`id`, `media_type_id`, `user_id`, `filename`, `size`, `metadata`, `created_at`, `updated_at`) VALUES (85, 85, 85, 'dolorem', 1, 'http://lorempixel.com/640/480/', '2016-07-12 00:02:15', '1977-07-16 15:45:33');
INSERT INTO `media` (`id`, `media_type_id`, `user_id`, `filename`, `size`, `metadata`, `created_at`, `updated_at`) VALUES (86, 86, 86, 'debitis', 50959, 'http://lorempixel.com/640/480/', '2009-06-07 13:51:49', '1991-08-03 04:18:39');
INSERT INTO `media` (`id`, `media_type_id`, `user_id`, `filename`, `size`, `metadata`, `created_at`, `updated_at`) VALUES (87, 87, 87, 'exercitationem', 5665, 'http://lorempixel.com/640/480/', '1982-01-27 20:20:15', '2004-01-17 13:20:58');
INSERT INTO `media` (`id`, `media_type_id`, `user_id`, `filename`, `size`, `metadata`, `created_at`, `updated_at`) VALUES (88, 88, 88, 'vitae', 5, 'http://lorempixel.com/640/480/', '2008-11-03 22:00:48', '2010-06-01 05:57:32');
INSERT INTO `media` (`id`, `media_type_id`, `user_id`, `filename`, `size`, `metadata`, `created_at`, `updated_at`) VALUES (89, 89, 89, 'ut', 2603921, 'http://lorempixel.com/640/480/', '2016-02-12 22:58:21', '1997-12-03 20:35:56');
INSERT INTO `media` (`id`, `media_type_id`, `user_id`, `filename`, `size`, `metadata`, `created_at`, `updated_at`) VALUES (90, 90, 90, 'officiis', 0, 'http://lorempixel.com/640/480/', '1983-02-04 14:41:58', '1972-04-30 10:28:42');
INSERT INTO `media` (`id`, `media_type_id`, `user_id`, `filename`, `size`, `metadata`, `created_at`, `updated_at`) VALUES (91, 91, 91, 'maiores', 421179191, 'http://lorempixel.com/640/480/', '2006-04-30 13:00:59', '2014-07-25 18:21:38');
INSERT INTO `media` (`id`, `media_type_id`, `user_id`, `filename`, `size`, `metadata`, `created_at`, `updated_at`) VALUES (92, 92, 92, 'inventore', 34, 'http://lorempixel.com/640/480/', '2014-04-05 08:38:09', '1993-09-26 05:23:41');
INSERT INTO `media` (`id`, `media_type_id`, `user_id`, `filename`, `size`, `metadata`, `created_at`, `updated_at`) VALUES (93, 93, 93, 'ullam', 204286, 'http://lorempixel.com/640/480/', '1997-02-13 06:53:37', '2004-03-10 16:13:36');
INSERT INTO `media` (`id`, `media_type_id`, `user_id`, `filename`, `size`, `metadata`, `created_at`, `updated_at`) VALUES (94, 94, 94, 'est', 16062989, 'http://lorempixel.com/640/480/', '1973-01-14 02:00:53', '2018-02-17 20:49:15');
INSERT INTO `media` (`id`, `media_type_id`, `user_id`, `filename`, `size`, `metadata`, `created_at`, `updated_at`) VALUES (95, 95, 95, 'quam', 64290745, 'http://lorempixel.com/640/480/', '1970-08-30 03:57:49', '2011-09-30 21:34:28');
INSERT INTO `media` (`id`, `media_type_id`, `user_id`, `filename`, `size`, `metadata`, `created_at`, `updated_at`) VALUES (96, 96, 96, 'ea', 913965498, 'http://lorempixel.com/640/480/', '1981-12-20 03:54:50', '1983-10-13 10:24:43');
INSERT INTO `media` (`id`, `media_type_id`, `user_id`, `filename`, `size`, `metadata`, `created_at`, `updated_at`) VALUES (97, 97, 97, 'ipsam', 64451, 'http://lorempixel.com/640/480/', '2018-12-25 01:47:57', '2015-04-16 23:32:37');
INSERT INTO `media` (`id`, `media_type_id`, `user_id`, `filename`, `size`, `metadata`, `created_at`, `updated_at`) VALUES (98, 98, 98, 'amet', 44232348, 'http://lorempixel.com/640/480/', '1998-11-02 23:48:11', '1980-06-11 21:26:33');
INSERT INTO `media` (`id`, `media_type_id`, `user_id`, `filename`, `size`, `metadata`, `created_at`, `updated_at`) VALUES (99, 99, 99, 'quia', 936437729, 'http://lorempixel.com/640/480/', '2005-10-25 04:17:09', '2017-05-07 22:16:36');
INSERT INTO `media` (`id`, `media_type_id`, `user_id`, `filename`, `size`, `metadata`, `created_at`, `updated_at`) VALUES (100, 100, 100, 'inventore', 4, 'http://lorempixel.com/640/480/', '1995-10-08 17:19:30', '1974-10-19 08:14:22');


#
# TABLE STRUCTURE FOR: media_types
#

DROP TABLE IF EXISTS `media_types`;

CREATE TABLE `media_types` (
  `id` int(10) unsigned NOT NULL AUTO_INCREMENT,
  `name` varchar(255) COLLATE utf8_unicode_ci NOT NULL,
  PRIMARY KEY (`id`),
  UNIQUE KEY `name` (`name`)
) ENGINE=InnoDB AUTO_INCREMENT=101 DEFAULT CHARSET=utf8 COLLATE=utf8_unicode_ci;

INSERT INTO `media_types` (`id`, `name`) VALUES (8, 'accusamus');
INSERT INTO `media_types` (`id`, `name`) VALUES (99, 'accusantium');
INSERT INTO `media_types` (`id`, `name`) VALUES (83, 'ad');
INSERT INTO `media_types` (`id`, `name`) VALUES (65, 'alias');
INSERT INTO `media_types` (`id`, `name`) VALUES (53, 'aliquam');
INSERT INTO `media_types` (`id`, `name`) VALUES (98, 'architecto');
INSERT INTO `media_types` (`id`, `name`) VALUES (78, 'atque');
INSERT INTO `media_types` (`id`, `name`) VALUES (14, 'aut');
INSERT INTO `media_types` (`id`, `name`) VALUES (19, 'autem');
INSERT INTO `media_types` (`id`, `name`) VALUES (88, 'beatae');
INSERT INTO `media_types` (`id`, `name`) VALUES (11, 'commodi');
INSERT INTO `media_types` (`id`, `name`) VALUES (12, 'consequatur');
INSERT INTO `media_types` (`id`, `name`) VALUES (87, 'corporis');
INSERT INTO `media_types` (`id`, `name`) VALUES (43, 'cumque');
INSERT INTO `media_types` (`id`, `name`) VALUES (72, 'dicta');
INSERT INTO `media_types` (`id`, `name`) VALUES (93, 'dignissimos');
INSERT INTO `media_types` (`id`, `name`) VALUES (91, 'distinctio');
INSERT INTO `media_types` (`id`, `name`) VALUES (62, 'dolor');
INSERT INTO `media_types` (`id`, `name`) VALUES (69, 'dolorem');
INSERT INTO `media_types` (`id`, `name`) VALUES (2, 'dolores');
INSERT INTO `media_types` (`id`, `name`) VALUES (68, 'doloribus');
INSERT INTO `media_types` (`id`, `name`) VALUES (79, 'ducimus');
INSERT INTO `media_types` (`id`, `name`) VALUES (52, 'ea');
INSERT INTO `media_types` (`id`, `name`) VALUES (9, 'eaque');
INSERT INTO `media_types` (`id`, `name`) VALUES (57, 'eius');
INSERT INTO `media_types` (`id`, `name`) VALUES (29, 'enim');
INSERT INTO `media_types` (`id`, `name`) VALUES (60, 'esse');
INSERT INTO `media_types` (`id`, `name`) VALUES (35, 'est');
INSERT INTO `media_types` (`id`, `name`) VALUES (5, 'et');
INSERT INTO `media_types` (`id`, `name`) VALUES (20, 'eum');
INSERT INTO `media_types` (`id`, `name`) VALUES (36, 'eveniet');
INSERT INTO `media_types` (`id`, `name`) VALUES (48, 'excepturi');
INSERT INTO `media_types` (`id`, `name`) VALUES (61, 'expedita');
INSERT INTO `media_types` (`id`, `name`) VALUES (34, 'harum');
INSERT INTO `media_types` (`id`, `name`) VALUES (25, 'hic');
INSERT INTO `media_types` (`id`, `name`) VALUES (49, 'illo');
INSERT INTO `media_types` (`id`, `name`) VALUES (40, 'impedit');
INSERT INTO `media_types` (`id`, `name`) VALUES (17, 'in');
INSERT INTO `media_types` (`id`, `name`) VALUES (96, 'incidunt');
INSERT INTO `media_types` (`id`, `name`) VALUES (92, 'inventore');
INSERT INTO `media_types` (`id`, `name`) VALUES (58, 'ipsa');
INSERT INTO `media_types` (`id`, `name`) VALUES (32, 'ipsam');
INSERT INTO `media_types` (`id`, `name`) VALUES (13, 'ipsum');
INSERT INTO `media_types` (`id`, `name`) VALUES (3, 'labore');
INSERT INTO `media_types` (`id`, `name`) VALUES (24, 'magnam');
INSERT INTO `media_types` (`id`, `name`) VALUES (77, 'magni');
INSERT INTO `media_types` (`id`, `name`) VALUES (1, 'minus');
INSERT INTO `media_types` (`id`, `name`) VALUES (7, 'modi');
INSERT INTO `media_types` (`id`, `name`) VALUES (28, 'molestiae');
INSERT INTO `media_types` (`id`, `name`) VALUES (42, 'mollitia');
INSERT INTO `media_types` (`id`, `name`) VALUES (27, 'nam');
INSERT INTO `media_types` (`id`, `name`) VALUES (70, 'necessitatibus');
INSERT INTO `media_types` (`id`, `name`) VALUES (38, 'nihil');
INSERT INTO `media_types` (`id`, `name`) VALUES (74, 'nisi');
INSERT INTO `media_types` (`id`, `name`) VALUES (81, 'nobis');
INSERT INTO `media_types` (`id`, `name`) VALUES (15, 'non');
INSERT INTO `media_types` (`id`, `name`) VALUES (90, 'occaecati');
INSERT INTO `media_types` (`id`, `name`) VALUES (64, 'odio');
INSERT INTO `media_types` (`id`, `name`) VALUES (31, 'officia');
INSERT INTO `media_types` (`id`, `name`) VALUES (51, 'omnis');
INSERT INTO `media_types` (`id`, `name`) VALUES (26, 'optio');
INSERT INTO `media_types` (`id`, `name`) VALUES (89, 'perspiciatis');
INSERT INTO `media_types` (`id`, `name`) VALUES (84, 'porro');
INSERT INTO `media_types` (`id`, `name`) VALUES (22, 'praesentium');
INSERT INTO `media_types` (`id`, `name`) VALUES (100, 'provident');
INSERT INTO `media_types` (`id`, `name`) VALUES (75, 'quae');
INSERT INTO `media_types` (`id`, `name`) VALUES (37, 'quaerat');
INSERT INTO `media_types` (`id`, `name`) VALUES (46, 'quasi');
INSERT INTO `media_types` (`id`, `name`) VALUES (4, 'qui');
INSERT INTO `media_types` (`id`, `name`) VALUES (6, 'quia');
INSERT INTO `media_types` (`id`, `name`) VALUES (39, 'quibusdam');
INSERT INTO `media_types` (`id`, `name`) VALUES (67, 'quisquam');
INSERT INTO `media_types` (`id`, `name`) VALUES (55, 'quo');
INSERT INTO `media_types` (`id`, `name`) VALUES (30, 'quos');
INSERT INTO `media_types` (`id`, `name`) VALUES (82, 'ratione');
INSERT INTO `media_types` (`id`, `name`) VALUES (71, 'recusandae');
INSERT INTO `media_types` (`id`, `name`) VALUES (80, 'rem');
INSERT INTO `media_types` (`id`, `name`) VALUES (94, 'repellat');
INSERT INTO `media_types` (`id`, `name`) VALUES (85, 'repudiandae');
INSERT INTO `media_types` (`id`, `name`) VALUES (76, 'rerum');
INSERT INTO `media_types` (`id`, `name`) VALUES (97, 'saepe');
INSERT INTO `media_types` (`id`, `name`) VALUES (54, 'sapiente');
INSERT INTO `media_types` (`id`, `name`) VALUES (63, 'sequi');
INSERT INTO `media_types` (`id`, `name`) VALUES (33, 'similique');
INSERT INTO `media_types` (`id`, `name`) VALUES (16, 'sint');
INSERT INTO `media_types` (`id`, `name`) VALUES (95, 'sit');
INSERT INTO `media_types` (`id`, `name`) VALUES (86, 'soluta');
INSERT INTO `media_types` (`id`, `name`) VALUES (45, 'sunt');
INSERT INTO `media_types` (`id`, `name`) VALUES (18, 'suscipit');
INSERT INTO `media_types` (`id`, `name`) VALUES (44, 'totam');
INSERT INTO `media_types` (`id`, `name`) VALUES (73, 'ullam');
INSERT INTO `media_types` (`id`, `name`) VALUES (23, 'ut');
INSERT INTO `media_types` (`id`, `name`) VALUES (56, 'vel');
INSERT INTO `media_types` (`id`, `name`) VALUES (66, 'velit');
INSERT INTO `media_types` (`id`, `name`) VALUES (21, 'veritatis');
INSERT INTO `media_types` (`id`, `name`) VALUES (50, 'voluptas');
INSERT INTO `media_types` (`id`, `name`) VALUES (59, 'voluptate');
INSERT INTO `media_types` (`id`, `name`) VALUES (10, 'voluptatem');
INSERT INTO `media_types` (`id`, `name`) VALUES (41, 'voluptates');
INSERT INTO `media_types` (`id`, `name`) VALUES (47, 'voluptatibus');


#
# TABLE STRUCTURE FOR: messages
#

DROP TABLE IF EXISTS `messages`;

CREATE TABLE `messages` (
  `id` int(10) unsigned NOT NULL AUTO_INCREMENT,
  `from_user_id` int(10) unsigned NOT NULL,
  `to_user_id` int(10) unsigned NOT NULL,
  `body` text COLLATE utf8_unicode_ci NOT NULL,
  `is_important` tinyint(1) DEFAULT NULL,
  `is_delivered` tinyint(1) DEFAULT NULL,
  `created_at` datetime DEFAULT current_timestamp(),
  PRIMARY KEY (`id`)
) ENGINE=InnoDB AUTO_INCREMENT=101 DEFAULT CHARSET=utf8 COLLATE=utf8_unicode_ci;

INSERT INTO `messages` (`id`, `from_user_id`, `to_user_id`, `body`, `is_important`, `is_delivered`, `created_at`) VALUES (1, 1, 1, 'Consequatur molestiae dolor voluptatem quod. Tempore eligendi commodi in ex molestias sed omnis. Aut explicabo et nihil. Perferendis ut voluptatum magnam ad enim.', 0, 0, '2016-07-26 16:47:09');
INSERT INTO `messages` (`id`, `from_user_id`, `to_user_id`, `body`, `is_important`, `is_delivered`, `created_at`) VALUES (2, 2, 2, 'Qui iusto quia repellat ex. Molestiae quisquam ipsum nihil quo. Est sint consequuntur nihil velit fugit adipisci.', 0, 1, '1985-05-18 03:12:36');
INSERT INTO `messages` (`id`, `from_user_id`, `to_user_id`, `body`, `is_important`, `is_delivered`, `created_at`) VALUES (3, 3, 3, 'Facere dicta in ducimus velit beatae. Quia omnis aut similique et.', 1, 0, '2017-10-10 11:25:27');
INSERT INTO `messages` (`id`, `from_user_id`, `to_user_id`, `body`, `is_important`, `is_delivered`, `created_at`) VALUES (4, 4, 4, 'Dignissimos recusandae laudantium qui pariatur non. Veritatis porro provident a quod. Qui non numquam sed ab. Laborum tenetur dolorum est.', 0, 1, '2018-04-13 18:16:47');
INSERT INTO `messages` (`id`, `from_user_id`, `to_user_id`, `body`, `is_important`, `is_delivered`, `created_at`) VALUES (5, 5, 5, 'Sed dicta maiores laboriosam aut ut expedita atque. Quam et id dolorum ratione dolor sint non culpa. Et sunt magni distinctio occaecati sint. Omnis maiores quam fugit saepe minima officiis expedita.', 0, 1, '1997-01-12 07:03:24');
INSERT INTO `messages` (`id`, `from_user_id`, `to_user_id`, `body`, `is_important`, `is_delivered`, `created_at`) VALUES (6, 6, 6, 'Amet delectus totam consequatur velit perspiciatis est hic. Veritatis quas doloremque esse sit et debitis non. Dicta id ad et earum.', 0, 1, '1992-05-22 04:11:57');
INSERT INTO `messages` (`id`, `from_user_id`, `to_user_id`, `body`, `is_important`, `is_delivered`, `created_at`) VALUES (7, 7, 7, 'Fugit et fuga ut atque et ipsa. Fuga nisi ea dolor fugit eligendi. Omnis dolores rerum quisquam unde sit ea est.', 0, 1, '1994-07-17 19:12:33');
INSERT INTO `messages` (`id`, `from_user_id`, `to_user_id`, `body`, `is_important`, `is_delivered`, `created_at`) VALUES (8, 8, 8, 'Porro dolorem accusantium fugit eaque. Iste in est ad vel nulla debitis.', 1, 0, '2001-10-22 01:06:59');
INSERT INTO `messages` (`id`, `from_user_id`, `to_user_id`, `body`, `is_important`, `is_delivered`, `created_at`) VALUES (9, 9, 9, 'Ullam quia iure facilis et velit ducimus. Ipsam ipsa error amet.', 0, 0, '1977-03-14 00:52:34');
INSERT INTO `messages` (`id`, `from_user_id`, `to_user_id`, `body`, `is_important`, `is_delivered`, `created_at`) VALUES (10, 10, 10, 'Consequuntur aperiam qui et et asperiores praesentium. Voluptates recusandae rerum perferendis voluptates non quia at. Et natus qui iste sit. Quia voluptatem illum voluptas laboriosam.', 1, 0, '1972-09-13 07:20:25');
INSERT INTO `messages` (`id`, `from_user_id`, `to_user_id`, `body`, `is_important`, `is_delivered`, `created_at`) VALUES (11, 11, 11, 'Ut sint libero animi sunt ratione dolores necessitatibus. Aliquid velit optio amet. Molestiae voluptatem sapiente officia eius. Quos cum rem dolorum suscipit impedit autem.', 0, 1, '1985-01-23 09:09:02');
INSERT INTO `messages` (`id`, `from_user_id`, `to_user_id`, `body`, `is_important`, `is_delivered`, `created_at`) VALUES (12, 12, 12, 'Et inventore non nisi nihil et est. Quos magni necessitatibus sunt dolores. Voluptas earum nostrum eum sed ut occaecati.', 1, 1, '1986-11-10 10:05:15');
INSERT INTO `messages` (`id`, `from_user_id`, `to_user_id`, `body`, `is_important`, `is_delivered`, `created_at`) VALUES (13, 13, 13, 'Facilis sed vero sit repellendus. Expedita temporibus voluptatem amet occaecati reiciendis. Ea ipsum et enim modi tenetur blanditiis qui.', 0, 0, '1991-02-20 23:28:54');
INSERT INTO `messages` (`id`, `from_user_id`, `to_user_id`, `body`, `is_important`, `is_delivered`, `created_at`) VALUES (14, 14, 14, 'Officia esse aut fugit impedit dicta. Assumenda laborum ut consequatur eveniet ut. Ut molestiae nostrum aut eum quae.', 1, 1, '1988-04-29 09:14:29');
INSERT INTO `messages` (`id`, `from_user_id`, `to_user_id`, `body`, `is_important`, `is_delivered`, `created_at`) VALUES (15, 15, 15, 'Aut asperiores natus tenetur voluptate omnis in fugit aut. Et et eum voluptatibus praesentium. Est enim quisquam magni rem eos minus consequatur. Corporis ut non qui ex ut accusantium.', 0, 1, '1986-01-14 00:16:11');
INSERT INTO `messages` (`id`, `from_user_id`, `to_user_id`, `body`, `is_important`, `is_delivered`, `created_at`) VALUES (16, 16, 16, 'Neque et quas dicta ipsam sed omnis omnis cupiditate. Et rerum mollitia sint eos facilis iste ipsum. Harum non voluptatem distinctio voluptatem debitis quia accusamus cum. Ipsa distinctio fugit voluptas velit perspiciatis unde voluptatibus consequatur.', 0, 1, '2012-07-01 13:03:24');
INSERT INTO `messages` (`id`, `from_user_id`, `to_user_id`, `body`, `is_important`, `is_delivered`, `created_at`) VALUES (17, 17, 17, 'Labore distinctio corrupti cum recusandae ducimus. Ullam est magnam voluptates eligendi qui accusantium. Sit repudiandae assumenda facilis repudiandae.', 1, 1, '1981-12-02 17:39:47');
INSERT INTO `messages` (`id`, `from_user_id`, `to_user_id`, `body`, `is_important`, `is_delivered`, `created_at`) VALUES (18, 18, 18, 'Saepe non dicta similique sint. Est et animi culpa architecto. Consequatur tempore quasi quia fugiat voluptas exercitationem dolores dolore.', 0, 0, '2013-02-04 11:31:54');
INSERT INTO `messages` (`id`, `from_user_id`, `to_user_id`, `body`, `is_important`, `is_delivered`, `created_at`) VALUES (19, 19, 19, 'Facere consequatur beatae ipsam exercitationem. Quasi molestiae itaque voluptatem dolores qui ea.', 0, 0, '1984-04-05 00:18:36');
INSERT INTO `messages` (`id`, `from_user_id`, `to_user_id`, `body`, `is_important`, `is_delivered`, `created_at`) VALUES (20, 20, 20, 'Quia aliquid reprehenderit nisi totam. Et eveniet sint perferendis totam dolorem voluptatem et. Consequatur labore sunt qui et.', 1, 1, '2012-08-13 10:16:26');
INSERT INTO `messages` (`id`, `from_user_id`, `to_user_id`, `body`, `is_important`, `is_delivered`, `created_at`) VALUES (21, 21, 21, 'Quas illum qui asperiores aspernatur. Magni nihil ipsum ipsum doloremque molestiae sit. Cumque consectetur voluptates occaecati libero.', 0, 1, '2015-09-13 06:52:06');
INSERT INTO `messages` (`id`, `from_user_id`, `to_user_id`, `body`, `is_important`, `is_delivered`, `created_at`) VALUES (22, 22, 22, 'Impedit ipsam unde rerum quam. Ab optio nesciunt asperiores facilis. Facere molestias hic veniam porro et iure commodi. Rem non facilis rem quod dolorem et.', 1, 1, '1987-09-18 15:25:46');
INSERT INTO `messages` (`id`, `from_user_id`, `to_user_id`, `body`, `is_important`, `is_delivered`, `created_at`) VALUES (23, 23, 23, 'Quisquam voluptas dolore ut. Vel doloremque sunt quasi et voluptas. Totam numquam dignissimos ipsa nisi quo numquam totam. Nobis pariatur labore recusandae blanditiis veritatis.', 0, 1, '1977-11-03 15:39:28');
INSERT INTO `messages` (`id`, `from_user_id`, `to_user_id`, `body`, `is_important`, `is_delivered`, `created_at`) VALUES (24, 24, 24, 'Illo omnis voluptatem quia molestias debitis. Maiores aut ipsum laudantium deserunt voluptas soluta beatae. Velit ex inventore amet rerum. Sit eius adipisci consequatur.', 1, 1, '1999-03-07 03:20:32');
INSERT INTO `messages` (`id`, `from_user_id`, `to_user_id`, `body`, `is_important`, `is_delivered`, `created_at`) VALUES (25, 25, 25, 'In voluptatem ad voluptatem qui. Magnam dolorem omnis quis velit ab omnis eius. Molestias mollitia recusandae et distinctio ullam ratione labore.', 1, 0, '2002-02-04 17:03:28');
INSERT INTO `messages` (`id`, `from_user_id`, `to_user_id`, `body`, `is_important`, `is_delivered`, `created_at`) VALUES (26, 26, 26, 'Quas nobis consectetur sapiente earum. Vitae commodi rem a cupiditate sed eligendi. Totam aspernatur voluptas reprehenderit doloribus ad.', 0, 0, '2014-02-18 17:15:20');
INSERT INTO `messages` (`id`, `from_user_id`, `to_user_id`, `body`, `is_important`, `is_delivered`, `created_at`) VALUES (27, 27, 27, 'Temporibus quo sint provident praesentium facilis eius. Nisi culpa eius et dolor facere. Impedit reiciendis inventore quod ipsum. Saepe asperiores occaecati aliquam ex perferendis.', 1, 1, '1978-10-07 11:54:51');
INSERT INTO `messages` (`id`, `from_user_id`, `to_user_id`, `body`, `is_important`, `is_delivered`, `created_at`) VALUES (28, 28, 28, 'Eum et sunt ipsa excepturi eum. Ex ex enim maiores exercitationem et corrupti. Ullam fuga vel omnis dolorum provident consequatur. Quia optio excepturi quo sed ipsa. Beatae tenetur assumenda reiciendis sint voluptatem.', 1, 0, '1970-02-20 11:49:01');
INSERT INTO `messages` (`id`, `from_user_id`, `to_user_id`, `body`, `is_important`, `is_delivered`, `created_at`) VALUES (29, 29, 29, 'Qui dicta maxime sit sit velit nostrum. Exercitationem eveniet ut consequuntur est. Sequi voluptatum aut dicta facere dolor et eaque.', 1, 0, '1984-12-20 05:48:55');
INSERT INTO `messages` (`id`, `from_user_id`, `to_user_id`, `body`, `is_important`, `is_delivered`, `created_at`) VALUES (30, 30, 30, 'Aut quod ipsam quibusdam dolor veritatis. Inventore harum voluptas consectetur. Nobis iusto neque voluptatem ea nesciunt. Commodi quo error ea voluptas error rerum.', 1, 1, '2000-08-19 15:56:18');
INSERT INTO `messages` (`id`, `from_user_id`, `to_user_id`, `body`, `is_important`, `is_delivered`, `created_at`) VALUES (31, 31, 31, 'Cum mollitia odit ex minus ipsam. Necessitatibus explicabo minus occaecati non. Voluptas harum et beatae enim. Culpa excepturi aut aut itaque.', 0, 1, '1984-10-27 11:02:49');
INSERT INTO `messages` (`id`, `from_user_id`, `to_user_id`, `body`, `is_important`, `is_delivered`, `created_at`) VALUES (32, 32, 32, 'Et id omnis sed minus in. Eius quo voluptatem laudantium quis quia voluptas. Est rerum et amet eum atque.', 1, 0, '2010-08-28 00:42:49');
INSERT INTO `messages` (`id`, `from_user_id`, `to_user_id`, `body`, `is_important`, `is_delivered`, `created_at`) VALUES (33, 33, 33, 'Voluptatem tenetur similique perferendis qui porro itaque itaque. Modi et dolorum necessitatibus rerum iste. Sunt dolores ea accusantium maxime atque.', 0, 0, '2000-01-14 19:45:07');
INSERT INTO `messages` (`id`, `from_user_id`, `to_user_id`, `body`, `is_important`, `is_delivered`, `created_at`) VALUES (34, 34, 34, 'Expedita dolores odio minima sunt est. Omnis et culpa odio non. Eum itaque dolorum quasi sit natus. Laboriosam ullam repudiandae est voluptas odio.', 1, 1, '1975-02-04 04:00:23');
INSERT INTO `messages` (`id`, `from_user_id`, `to_user_id`, `body`, `is_important`, `is_delivered`, `created_at`) VALUES (35, 35, 35, 'Et enim quam maxime explicabo. Provident quasi id enim consequatur sint illo sequi. Nemo repudiandae nemo rerum debitis. Ipsa dolor qui ut temporibus non. Eaque illo nulla expedita.', 0, 1, '1990-06-21 13:02:04');
INSERT INTO `messages` (`id`, `from_user_id`, `to_user_id`, `body`, `is_important`, `is_delivered`, `created_at`) VALUES (36, 36, 36, 'Consequatur explicabo id unde quo ut hic. Molestias excepturi qui ullam nesciunt veritatis ut quidem. Dicta exercitationem est vitae tempora recusandae in. Quia voluptatibus nisi porro et similique.', 0, 1, '1974-03-07 17:06:25');
INSERT INTO `messages` (`id`, `from_user_id`, `to_user_id`, `body`, `is_important`, `is_delivered`, `created_at`) VALUES (37, 37, 37, 'Ut eum sint delectus qui in nisi eveniet. Neque quia ea ipsa distinctio laboriosam. Aperiam et facilis culpa dignissimos.', 0, 1, '1971-12-24 04:35:09');
INSERT INTO `messages` (`id`, `from_user_id`, `to_user_id`, `body`, `is_important`, `is_delivered`, `created_at`) VALUES (38, 38, 38, 'Molestiae et dolore velit suscipit est est earum. Doloribus natus qui at quam. Tempora nam aut corporis repellendus amet consequatur esse sit.', 1, 0, '2012-12-31 09:55:39');
INSERT INTO `messages` (`id`, `from_user_id`, `to_user_id`, `body`, `is_important`, `is_delivered`, `created_at`) VALUES (39, 39, 39, 'Quia est corrupti iusto. Neque et tempora omnis libero ut et sunt. Consequatur totam saepe magnam qui. Neque voluptates et itaque impedit.', 0, 0, '1991-01-02 03:21:34');
INSERT INTO `messages` (`id`, `from_user_id`, `to_user_id`, `body`, `is_important`, `is_delivered`, `created_at`) VALUES (40, 40, 40, 'Quia maiores tenetur maiores at voluptatem. Deleniti blanditiis dolores nihil nihil hic laudantium voluptatem. Distinctio non ut ducimus consequatur quidem.', 1, 0, '1987-03-06 18:34:59');
INSERT INTO `messages` (`id`, `from_user_id`, `to_user_id`, `body`, `is_important`, `is_delivered`, `created_at`) VALUES (41, 41, 41, 'Iste voluptas beatae eum quo sit suscipit perspiciatis. Veniam minima error rem doloribus non. Corrupti eos temporibus corrupti temporibus. Vel ratione vitae minus dolor alias aut magni.', 0, 0, '1982-09-27 22:15:58');
INSERT INTO `messages` (`id`, `from_user_id`, `to_user_id`, `body`, `is_important`, `is_delivered`, `created_at`) VALUES (42, 42, 42, 'Rerum magni delectus cum aliquam. Voluptates quia quaerat debitis eligendi. Id non expedita ullam molestiae laboriosam et. Animi autem eveniet iure cupiditate velit. Occaecati ut dolores quos aliquid autem cupiditate aut.', 1, 1, '1979-10-11 23:12:28');
INSERT INTO `messages` (`id`, `from_user_id`, `to_user_id`, `body`, `is_important`, `is_delivered`, `created_at`) VALUES (43, 43, 43, 'Omnis et omnis placeat iure a illo. Enim sunt vel nam saepe nobis iste laboriosam. Cumque vitae in pariatur repellat soluta. Omnis rem libero consequatur quas magni.', 0, 1, '2009-09-10 02:16:56');
INSERT INTO `messages` (`id`, `from_user_id`, `to_user_id`, `body`, `is_important`, `is_delivered`, `created_at`) VALUES (44, 44, 44, 'Voluptas optio aperiam voluptas. Sunt vel quidem illum. Fuga accusamus perferendis sed dolorum. Optio ullam hic omnis culpa minima repudiandae.', 0, 1, '1989-05-01 05:20:12');
INSERT INTO `messages` (`id`, `from_user_id`, `to_user_id`, `body`, `is_important`, `is_delivered`, `created_at`) VALUES (45, 45, 45, 'Voluptatem illo laborum et molestiae nostrum. Est nihil consequatur quaerat aut. Voluptatum iure harum voluptatem ut culpa mollitia non. Autem cumque ea consequatur.', 0, 1, '2000-04-21 10:38:18');
INSERT INTO `messages` (`id`, `from_user_id`, `to_user_id`, `body`, `is_important`, `is_delivered`, `created_at`) VALUES (46, 46, 46, 'Accusantium consequuntur consectetur nesciunt qui blanditiis. Est totam magni sit culpa possimus ut. Fuga vel esse rem.', 1, 0, '1986-02-18 18:58:01');
INSERT INTO `messages` (`id`, `from_user_id`, `to_user_id`, `body`, `is_important`, `is_delivered`, `created_at`) VALUES (47, 47, 47, 'Libero exercitationem voluptate libero iure illum perspiciatis et ipsum. Iusto odio maxime laudantium asperiores earum repellendus. Modi quasi ea quidem minima. Deserunt ut eum omnis est libero officiis voluptatem.', 0, 1, '1974-07-17 11:04:48');
INSERT INTO `messages` (`id`, `from_user_id`, `to_user_id`, `body`, `is_important`, `is_delivered`, `created_at`) VALUES (48, 48, 48, 'Aut ut non consequatur est in et. Totam quo sed itaque rem vel qui laborum. Molestiae sunt similique tenetur velit quos.', 1, 1, '2003-02-26 22:38:40');
INSERT INTO `messages` (`id`, `from_user_id`, `to_user_id`, `body`, `is_important`, `is_delivered`, `created_at`) VALUES (49, 49, 49, 'Quia sit nihil necessitatibus. Quae excepturi consequatur tempore dignissimos. Ipsam dolorem in voluptatem totam est rerum unde.', 1, 1, '2018-09-30 10:59:42');
INSERT INTO `messages` (`id`, `from_user_id`, `to_user_id`, `body`, `is_important`, `is_delivered`, `created_at`) VALUES (50, 50, 50, 'Non earum distinctio dolor laudantium a aut accusantium. Qui non maxime perferendis accusamus esse in magnam. Autem et quasi deserunt qui enim.', 0, 1, '2002-08-13 16:00:58');
INSERT INTO `messages` (`id`, `from_user_id`, `to_user_id`, `body`, `is_important`, `is_delivered`, `created_at`) VALUES (51, 51, 51, 'Velit similique minima voluptatem labore quia repellendus repudiandae. Nobis quia labore ab aliquam et et corporis et. Et quia natus et similique deserunt ut odio. Quo aliquid corrupti odit impedit culpa.', 0, 0, '2016-10-09 01:50:54');
INSERT INTO `messages` (`id`, `from_user_id`, `to_user_id`, `body`, `is_important`, `is_delivered`, `created_at`) VALUES (52, 52, 52, 'Tempore in culpa tempora eius ullam velit. Quia est consequatur eaque error. Similique et eligendi voluptates sed ab natus. Unde quidem earum autem et et blanditiis eius.', 0, 0, '1976-07-25 22:30:43');
INSERT INTO `messages` (`id`, `from_user_id`, `to_user_id`, `body`, `is_important`, `is_delivered`, `created_at`) VALUES (53, 53, 53, 'Et labore illum et deserunt ipsam dignissimos vel. Nulla perferendis ratione ut sunt.', 0, 0, '1978-10-05 22:42:15');
INSERT INTO `messages` (`id`, `from_user_id`, `to_user_id`, `body`, `is_important`, `is_delivered`, `created_at`) VALUES (54, 54, 54, 'Voluptatibus nisi architecto accusamus. Vitae et laborum voluptatum modi ut recusandae. Et enim mollitia dicta.', 0, 1, '1984-09-30 09:33:32');
INSERT INTO `messages` (`id`, `from_user_id`, `to_user_id`, `body`, `is_important`, `is_delivered`, `created_at`) VALUES (55, 55, 55, 'Illo harum voluptatem delectus dolores aspernatur. Consequatur ab sequi ut et. Molestiae est tenetur velit dolores. Sapiente eos reiciendis nam.', 0, 1, '1998-02-26 18:40:37');
INSERT INTO `messages` (`id`, `from_user_id`, `to_user_id`, `body`, `is_important`, `is_delivered`, `created_at`) VALUES (56, 56, 56, 'Et et eius tempora reiciendis. Temporibus et natus modi nemo nisi odio a. Iste laborum est saepe quos.', 0, 1, '1981-03-25 02:10:19');
INSERT INTO `messages` (`id`, `from_user_id`, `to_user_id`, `body`, `is_important`, `is_delivered`, `created_at`) VALUES (57, 57, 57, 'Eos fugiat hic voluptas expedita voluptas architecto placeat. Molestiae deleniti dicta sapiente quos est. Sint eveniet sed quo ex dolore sapiente. Laudantium officia maxime alias et.', 1, 1, '1982-04-05 14:19:09');
INSERT INTO `messages` (`id`, `from_user_id`, `to_user_id`, `body`, `is_important`, `is_delivered`, `created_at`) VALUES (58, 58, 58, 'Dolores molestias facere et inventore provident. Hic laborum iusto non omnis fugit aperiam vero sit. Laborum ex magni libero eligendi reprehenderit. Et sint et alias eum.', 1, 1, '1986-08-01 04:40:45');
INSERT INTO `messages` (`id`, `from_user_id`, `to_user_id`, `body`, `is_important`, `is_delivered`, `created_at`) VALUES (59, 59, 59, 'Harum minus incidunt vitae velit. Quia repudiandae fugit vitae architecto eos veritatis aut laboriosam. Ut et et a qui eius nam atque aut.', 1, 1, '1976-02-02 09:52:32');
INSERT INTO `messages` (`id`, `from_user_id`, `to_user_id`, `body`, `is_important`, `is_delivered`, `created_at`) VALUES (60, 60, 60, 'Fugit iure dolorum et eligendi officiis enim assumenda. Sit cumque adipisci dolorem at fugit. Consequuntur maiores sed quaerat. Sint odit sed necessitatibus quidem.', 1, 0, '2008-10-22 07:44:35');
INSERT INTO `messages` (`id`, `from_user_id`, `to_user_id`, `body`, `is_important`, `is_delivered`, `created_at`) VALUES (61, 61, 61, 'In rerum iste asperiores. Facere sunt veniam esse dolorem quia. Quibusdam et vitae tenetur asperiores nobis. Et enim et quo molestias consequatur iure.', 1, 1, '2001-05-17 19:04:16');
INSERT INTO `messages` (`id`, `from_user_id`, `to_user_id`, `body`, `is_important`, `is_delivered`, `created_at`) VALUES (62, 62, 62, 'Nemo illum veritatis esse est consectetur quas rerum. Nobis adipisci nostrum excepturi odio inventore. Harum autem eum ut facilis assumenda. Aut enim odio ullam quaerat quia corporis molestiae.', 1, 1, '2018-02-09 07:31:43');
INSERT INTO `messages` (`id`, `from_user_id`, `to_user_id`, `body`, `is_important`, `is_delivered`, `created_at`) VALUES (63, 63, 63, 'Cupiditate autem et est at. Veritatis consequatur accusamus libero iusto qui maxime omnis. Exercitationem qui ut et mollitia nisi est delectus.', 1, 1, '1977-02-16 05:34:20');
INSERT INTO `messages` (`id`, `from_user_id`, `to_user_id`, `body`, `is_important`, `is_delivered`, `created_at`) VALUES (64, 64, 64, 'Dolores voluptas ratione possimus. Ut necessitatibus voluptatem similique aperiam consequuntur est temporibus at. Id sit dignissimos sit nulla perferendis.', 0, 1, '1974-06-13 07:21:05');
INSERT INTO `messages` (`id`, `from_user_id`, `to_user_id`, `body`, `is_important`, `is_delivered`, `created_at`) VALUES (65, 65, 65, 'Dignissimos atque et deleniti iste. Voluptas non reprehenderit enim voluptate incidunt sit beatae. Voluptas aut ut dolores quasi illum in.', 1, 1, '1990-08-30 04:15:24');
INSERT INTO `messages` (`id`, `from_user_id`, `to_user_id`, `body`, `is_important`, `is_delivered`, `created_at`) VALUES (66, 66, 66, 'Laborum assumenda enim nihil provident consequatur aperiam architecto. Et nulla id ex vel sunt nulla adipisci dolor. Numquam eum error temporibus ipsum dolorum commodi. Quia consequatur amet aut aut et natus doloribus. Nobis consequatur in et voluptas in ducimus incidunt.', 1, 1, '1977-11-08 15:07:00');
INSERT INTO `messages` (`id`, `from_user_id`, `to_user_id`, `body`, `is_important`, `is_delivered`, `created_at`) VALUES (67, 67, 67, 'Earum voluptas ut sed quam. Commodi est beatae est expedita quidem. Enim assumenda doloremque ut blanditiis accusamus odio. Molestiae expedita voluptatum quasi dignissimos fugit.', 1, 1, '1971-11-22 13:29:27');
INSERT INTO `messages` (`id`, `from_user_id`, `to_user_id`, `body`, `is_important`, `is_delivered`, `created_at`) VALUES (68, 68, 68, 'Omnis alias veritatis eaque commodi voluptas. Est quo in vitae animi aperiam. Eos ut asperiores eos quam.', 0, 1, '1982-03-23 21:03:05');
INSERT INTO `messages` (`id`, `from_user_id`, `to_user_id`, `body`, `is_important`, `is_delivered`, `created_at`) VALUES (69, 69, 69, 'Nam dolores itaque et omnis. Praesentium dicta sapiente doloribus non voluptatibus eligendi facilis totam. Molestiae aspernatur dolore aut nostrum quos.', 0, 0, '1998-02-08 21:22:42');
INSERT INTO `messages` (`id`, `from_user_id`, `to_user_id`, `body`, `is_important`, `is_delivered`, `created_at`) VALUES (70, 70, 70, 'Qui delectus doloribus sit maxime aut debitis. Sit necessitatibus veritatis dolor alias quos blanditiis provident. Ipsam ut tempore et animi quo rerum.', 1, 0, '1973-06-06 09:31:33');
INSERT INTO `messages` (`id`, `from_user_id`, `to_user_id`, `body`, `is_important`, `is_delivered`, `created_at`) VALUES (71, 71, 71, 'Ducimus excepturi molestias aut facere. Quia recusandae non sunt ad quasi vero. Delectus natus deserunt similique beatae. Ducimus modi eos architecto non omnis omnis accusantium ut.', 1, 0, '1997-03-18 09:46:46');
INSERT INTO `messages` (`id`, `from_user_id`, `to_user_id`, `body`, `is_important`, `is_delivered`, `created_at`) VALUES (72, 72, 72, 'Nobis quia quos omnis deserunt voluptatem. Omnis saepe rerum beatae excepturi libero iste vel est. Rerum quis possimus voluptatem et maxime quo autem. Dolore voluptas maiores harum tempora et.', 0, 0, '2001-11-20 05:49:41');
INSERT INTO `messages` (`id`, `from_user_id`, `to_user_id`, `body`, `is_important`, `is_delivered`, `created_at`) VALUES (73, 73, 73, 'Dolores fugit atque quis ut vel. Rem accusantium quisquam sed facere. Sunt sit quisquam voluptates dolorum. Quis nemo optio accusamus qui officia.', 1, 0, '2015-07-12 16:56:13');
INSERT INTO `messages` (`id`, `from_user_id`, `to_user_id`, `body`, `is_important`, `is_delivered`, `created_at`) VALUES (74, 74, 74, 'Officia architecto voluptatem et dolores perferendis optio. Quia consequuntur aut nihil ratione assumenda. Veritatis harum amet minus aperiam dolor ut.', 0, 1, '2012-11-26 01:35:47');
INSERT INTO `messages` (`id`, `from_user_id`, `to_user_id`, `body`, `is_important`, `is_delivered`, `created_at`) VALUES (75, 75, 75, 'Est porro voluptas quaerat qui cumque et enim. Quidem dicta ad ut officiis sit quia alias ad. Excepturi quae ipsum necessitatibus ipsam amet. Consequatur odio similique non facilis.', 1, 1, '1995-10-31 21:28:59');
INSERT INTO `messages` (`id`, `from_user_id`, `to_user_id`, `body`, `is_important`, `is_delivered`, `created_at`) VALUES (76, 76, 76, 'Libero eos hic id. Omnis perferendis repellendus eum non veniam repellat quis. Alias quibusdam at non est reiciendis. Exercitationem perferendis perspiciatis id facilis ratione maiores et molestiae.', 1, 1, '2012-11-19 20:31:01');
INSERT INTO `messages` (`id`, `from_user_id`, `to_user_id`, `body`, `is_important`, `is_delivered`, `created_at`) VALUES (77, 77, 77, 'Id molestias nostrum cum et. Ut quaerat nam neque aliquam doloribus harum. Deleniti molestiae quasi sequi quia laudantium voluptatem. Deserunt consequatur consectetur ipsum ullam assumenda rem sit.', 0, 0, '1971-12-24 14:21:59');
INSERT INTO `messages` (`id`, `from_user_id`, `to_user_id`, `body`, `is_important`, `is_delivered`, `created_at`) VALUES (78, 78, 78, 'Nam a eum et. Sed exercitationem quos eos nulla asperiores cumque iste. Repellendus est sed a qui.', 0, 1, '2002-05-29 16:03:52');
INSERT INTO `messages` (`id`, `from_user_id`, `to_user_id`, `body`, `is_important`, `is_delivered`, `created_at`) VALUES (79, 79, 79, 'Blanditiis exercitationem nulla dolor ipsum error soluta mollitia. Adipisci in eaque perferendis. Ipsam deserunt omnis ex adipisci voluptatem. Molestiae corrupti non in quibusdam numquam sequi.', 1, 1, '1999-01-12 11:58:28');
INSERT INTO `messages` (`id`, `from_user_id`, `to_user_id`, `body`, `is_important`, `is_delivered`, `created_at`) VALUES (80, 80, 80, 'Maiores laudantium non est incidunt rem sint eius. Voluptates temporibus et accusamus neque modi exercitationem facilis. Similique sed debitis optio quia. Molestiae minima modi consequatur tempore quidem. Ut consequatur natus esse aut fugiat alias error aut.', 0, 1, '1971-12-12 00:22:39');
INSERT INTO `messages` (`id`, `from_user_id`, `to_user_id`, `body`, `is_important`, `is_delivered`, `created_at`) VALUES (81, 81, 81, 'Qui voluptate natus aut est. Aut sit voluptatem praesentium non fugiat. Ratione et nesciunt ipsum temporibus. Voluptates qui inventore sequi porro labore veritatis.', 0, 0, '1985-11-22 00:45:14');
INSERT INTO `messages` (`id`, `from_user_id`, `to_user_id`, `body`, `is_important`, `is_delivered`, `created_at`) VALUES (82, 82, 82, 'Nihil adipisci et expedita voluptatem. Voluptatum eius voluptatibus earum esse et aperiam odit. Fugiat quasi eveniet quia unde. Facilis omnis consequatur quae sit et et aut.', 0, 0, '1973-01-17 00:22:55');
INSERT INTO `messages` (`id`, `from_user_id`, `to_user_id`, `body`, `is_important`, `is_delivered`, `created_at`) VALUES (83, 83, 83, 'Aut incidunt ipsam expedita rerum rerum. Corrupti quo id incidunt aliquam iste aut et et. Adipisci est at assumenda aut enim sit sunt.', 0, 0, '2012-06-08 04:31:30');
INSERT INTO `messages` (`id`, `from_user_id`, `to_user_id`, `body`, `is_important`, `is_delivered`, `created_at`) VALUES (84, 84, 84, 'Unde velit omnis harum omnis vel. Sed eius at officiis et ut voluptatum fuga ipsum. Veritatis quod sed eum a. Ipsum et qui architecto qui.', 0, 1, '1983-11-10 08:31:18');
INSERT INTO `messages` (`id`, `from_user_id`, `to_user_id`, `body`, `is_important`, `is_delivered`, `created_at`) VALUES (85, 85, 85, 'Aut qui vel voluptatum. Eos qui sequi expedita est repellendus accusantium unde. Perferendis nihil numquam praesentium tempore deleniti possimus mollitia. Numquam sit voluptate esse minus tenetur quod.', 0, 1, '1974-04-13 06:39:30');
INSERT INTO `messages` (`id`, `from_user_id`, `to_user_id`, `body`, `is_important`, `is_delivered`, `created_at`) VALUES (86, 86, 86, 'Iste sequi ipsam dolor. Labore recusandae nesciunt qui repellendus odit rem. Sit ut soluta ipsam amet nihil. A eligendi expedita voluptatem impedit ea reprehenderit. Minima id fugiat magnam dignissimos.', 1, 0, '2005-07-05 06:09:46');
INSERT INTO `messages` (`id`, `from_user_id`, `to_user_id`, `body`, `is_important`, `is_delivered`, `created_at`) VALUES (87, 87, 87, 'Impedit fugiat unde facere sunt rerum. Et suscipit facere id animi totam qui in ipsa. Libero veniam voluptatem nam omnis quis magnam ut eum.', 0, 0, '1990-05-11 12:54:03');
INSERT INTO `messages` (`id`, `from_user_id`, `to_user_id`, `body`, `is_important`, `is_delivered`, `created_at`) VALUES (88, 88, 88, 'Molestias sint explicabo qui aut. Officiis fuga ratione facilis vero minus dignissimos. Rerum dicta dolorem tempora placeat voluptatem. Nisi ea aliquam ducimus recusandae quisquam tempora voluptas.', 0, 1, '2014-09-28 18:19:36');
INSERT INTO `messages` (`id`, `from_user_id`, `to_user_id`, `body`, `is_important`, `is_delivered`, `created_at`) VALUES (89, 89, 89, 'Eligendi perspiciatis odio voluptate adipisci eveniet et eos. Et et omnis maxime nisi omnis illum et. Cum laudantium rerum aperiam quia. Minus non tempore quibusdam suscipit cupiditate quos soluta.', 1, 1, '1998-10-26 13:40:14');
INSERT INTO `messages` (`id`, `from_user_id`, `to_user_id`, `body`, `is_important`, `is_delivered`, `created_at`) VALUES (90, 90, 90, 'Ex perspiciatis aut in voluptates labore perferendis quo. Ratione velit quas ut laudantium pariatur. Nesciunt eveniet quos nostrum molestiae provident velit.', 0, 0, '1995-11-07 07:39:22');
INSERT INTO `messages` (`id`, `from_user_id`, `to_user_id`, `body`, `is_important`, `is_delivered`, `created_at`) VALUES (91, 91, 91, 'Nihil quo id voluptatem et ut veniam. Minima soluta voluptas ipsa veniam. Error quidem autem dolorem.', 0, 1, '1999-01-03 17:53:32');
INSERT INTO `messages` (`id`, `from_user_id`, `to_user_id`, `body`, `is_important`, `is_delivered`, `created_at`) VALUES (92, 92, 92, 'Id dolor nostrum possimus eaque quia reprehenderit ipsum. Dolorem sint soluta est enim et qui libero. Sed vel temporibus facere est nam libero. Voluptas tempore corporis inventore voluptas quaerat.', 0, 1, '2008-12-17 19:42:42');
INSERT INTO `messages` (`id`, `from_user_id`, `to_user_id`, `body`, `is_important`, `is_delivered`, `created_at`) VALUES (93, 93, 93, 'Dolor delectus consequatur laudantium dolorum cumque qui. Totam exercitationem consequatur iusto. Dolor sapiente autem ducimus cumque reiciendis.', 0, 0, '2008-02-24 06:09:30');
INSERT INTO `messages` (`id`, `from_user_id`, `to_user_id`, `body`, `is_important`, `is_delivered`, `created_at`) VALUES (94, 94, 94, 'Quis ea velit omnis in magnam ut qui. Eos totam minima saepe eum rerum quos nisi. Voluptatem qui veniam reiciendis earum molestias et voluptatem illo.', 0, 0, '1983-08-08 04:40:59');
INSERT INTO `messages` (`id`, `from_user_id`, `to_user_id`, `body`, `is_important`, `is_delivered`, `created_at`) VALUES (95, 95, 95, 'Deleniti distinctio sint est aut dolor placeat culpa. Delectus et ut aut aperiam expedita illo. Eum voluptatem temporibus non voluptas minima aspernatur. Cum rerum in eum. Sint rerum dolore nostrum dolore architecto perferendis.', 0, 0, '1990-09-28 01:39:12');
INSERT INTO `messages` (`id`, `from_user_id`, `to_user_id`, `body`, `is_important`, `is_delivered`, `created_at`) VALUES (96, 96, 96, 'Excepturi amet voluptas iusto assumenda nihil. Suscipit nostrum rem sed ea aliquid rem explicabo. Soluta odit libero eaque quo temporibus.', 0, 1, '1976-05-01 08:04:05');
INSERT INTO `messages` (`id`, `from_user_id`, `to_user_id`, `body`, `is_important`, `is_delivered`, `created_at`) VALUES (97, 97, 97, 'Aut suscipit nemo molestiae. In quo sit error accusantium aut sunt voluptatem optio. Sit possimus autem temporibus dolor illum non.', 1, 1, '2017-05-18 11:17:04');
INSERT INTO `messages` (`id`, `from_user_id`, `to_user_id`, `body`, `is_important`, `is_delivered`, `created_at`) VALUES (98, 98, 98, 'Quo quas facilis consequatur incidunt esse. Non animi incidunt impedit repellat aut ratione. Vitae repellat dolor doloribus voluptatem unde quisquam omnis qui. Porro quis doloribus optio consequatur.', 1, 0, '1982-03-09 21:30:23');
INSERT INTO `messages` (`id`, `from_user_id`, `to_user_id`, `body`, `is_important`, `is_delivered`, `created_at`) VALUES (99, 99, 99, 'Delectus itaque molestiae voluptates nam natus odio. Sapiente perspiciatis numquam quidem quaerat.', 1, 0, '1992-05-20 20:58:17');
INSERT INTO `messages` (`id`, `from_user_id`, `to_user_id`, `body`, `is_important`, `is_delivered`, `created_at`) VALUES (100, 100, 100, 'Nam consectetur autem alias. Perferendis et nam in rem quis perspiciatis tempora. Est est necessitatibus et eaque. Repudiandae hic pariatur in eum.', 1, 0, '1990-07-22 22:30:03');


#
# TABLE STRUCTURE FOR: profiles
#

DROP TABLE IF EXISTS `profiles`;

CREATE TABLE `profiles` (
  `birthdate` date DEFAULT NULL,
  `sex` char(1) COLLATE utf8_unicode_ci NOT NULL,
  `hometown` varchar(100) COLLATE utf8_unicode_ci DEFAULT NULL,
  `country` varchar(100) COLLATE utf8_unicode_ci DEFAULT NULL,
  `photo_id` int(10) unsigned DEFAULT NULL,
  `created_at` datetime DEFAULT current_timestamp(),
  `updated_at` datetime DEFAULT current_timestamp() ON UPDATE current_timestamp()
) ENGINE=InnoDB DEFAULT CHARSET=utf8 COLLATE=utf8_unicode_ci;

INSERT INTO `profiles` (`birthdate`, `sex`, `hometown`, `country`, `photo_id`, `created_at`, `updated_at`) VALUES ('1975-03-06', 'f', 'Buckridgetown', 'Azerbaijan', 55, '1992-02-22 16:03:29', '1986-08-14 20:05:41');
INSERT INTO `profiles` (`birthdate`, `sex`, `hometown`, `country`, `photo_id`, `created_at`, `updated_at`) VALUES ('2011-09-05', 'f', 'South Freedashire', 'Tonga', 86, '1978-07-18 05:05:58', '1979-08-19 00:21:32');
INSERT INTO `profiles` (`birthdate`, `sex`, `hometown`, `country`, `photo_id`, `created_at`, `updated_at`) VALUES ('1994-03-09', 'f', 'Torpland', 'Congo', 61, '1982-10-01 08:23:40', '1996-05-18 11:33:37');
INSERT INTO `profiles` (`birthdate`, `sex`, `hometown`, `country`, `photo_id`, `created_at`, `updated_at`) VALUES ('2009-09-10', 'f', 'South Loy', 'Nigeria', 49, '2012-02-05 21:25:50', '1973-12-10 14:18:33');
INSERT INTO `profiles` (`birthdate`, `sex`, `hometown`, `country`, `photo_id`, `created_at`, `updated_at`) VALUES ('2006-10-20', 'f', 'New Lottie', 'Rwanda', 45, '2000-02-22 15:12:30', '1999-07-30 04:08:10');
INSERT INTO `profiles` (`birthdate`, `sex`, `hometown`, `country`, `photo_id`, `created_at`, `updated_at`) VALUES ('2015-09-23', 'f', 'Audieside', 'Bolivia', 55, '1980-12-15 04:38:53', '2016-10-21 00:46:11');
INSERT INTO `profiles` (`birthdate`, `sex`, `hometown`, `country`, `photo_id`, `created_at`, `updated_at`) VALUES ('2016-09-24', 'f', 'Rippinville', 'Holy See (Vatican City State)', 48, '1977-05-24 07:36:28', '1988-04-07 02:24:21');
INSERT INTO `profiles` (`birthdate`, `sex`, `hometown`, `country`, `photo_id`, `created_at`, `updated_at`) VALUES ('1984-11-26', 'f', 'Barrowsfurt', 'Thailand', 96, '2009-08-01 18:15:05', '1998-11-20 13:40:15');
INSERT INTO `profiles` (`birthdate`, `sex`, `hometown`, `country`, `photo_id`, `created_at`, `updated_at`) VALUES ('1982-12-19', 'm', 'West Markusborough', 'Panama', 96, '1982-08-29 01:56:23', '1999-02-10 21:58:00');
INSERT INTO `profiles` (`birthdate`, `sex`, `hometown`, `country`, `photo_id`, `created_at`, `updated_at`) VALUES ('1974-11-02', 'f', 'Rosaleeburgh', 'India', 21, '2003-08-13 13:22:31', '2013-11-29 00:30:51');
INSERT INTO `profiles` (`birthdate`, `sex`, `hometown`, `country`, `photo_id`, `created_at`, `updated_at`) VALUES ('1973-03-12', 'm', 'Port Edenland', 'Norfolk Island', 81, '1984-09-17 16:59:01', '2017-01-03 04:43:33');
INSERT INTO `profiles` (`birthdate`, `sex`, `hometown`, `country`, `photo_id`, `created_at`, `updated_at`) VALUES ('2008-01-05', 'f', 'Port Magdalenfort', 'Thailand', 18, '1974-03-20 11:36:35', '2015-02-06 22:44:35');
INSERT INTO `profiles` (`birthdate`, `sex`, `hometown`, `country`, `photo_id`, `created_at`, `updated_at`) VALUES ('1997-03-30', 'm', 'Bahringerside', 'Equatorial Guinea', 89, '1978-02-06 03:29:26', '2018-02-22 22:45:13');
INSERT INTO `profiles` (`birthdate`, `sex`, `hometown`, `country`, `photo_id`, `created_at`, `updated_at`) VALUES ('1992-12-19', 'f', 'Janniemouth', 'Gambia', 15, '1993-01-14 13:25:53', '2013-08-13 00:57:26');
INSERT INTO `profiles` (`birthdate`, `sex`, `hometown`, `country`, `photo_id`, `created_at`, `updated_at`) VALUES ('1971-08-24', 'f', 'Sallieberg', 'Syrian Arab Republic', 42, '1982-03-23 13:24:48', '1983-07-10 23:24:54');
INSERT INTO `profiles` (`birthdate`, `sex`, `hometown`, `country`, `photo_id`, `created_at`, `updated_at`) VALUES ('2009-05-30', 'f', 'Boehmside', 'Liechtenstein', 95, '1994-08-25 13:50:49', '1994-10-13 04:28:56');
INSERT INTO `profiles` (`birthdate`, `sex`, `hometown`, `country`, `photo_id`, `created_at`, `updated_at`) VALUES ('1972-05-03', 'm', 'Demetrisborough', 'Brunei Darussalam', 93, '2008-10-26 12:29:56', '1993-06-04 13:28:08');
INSERT INTO `profiles` (`birthdate`, `sex`, `hometown`, `country`, `photo_id`, `created_at`, `updated_at`) VALUES ('1988-09-05', 'f', 'Jastside', 'Sao Tome and Principe', 75, '1975-01-30 00:05:36', '2018-10-01 17:33:30');
INSERT INTO `profiles` (`birthdate`, `sex`, `hometown`, `country`, `photo_id`, `created_at`, `updated_at`) VALUES ('2019-12-12', 'f', 'Port Joyce', 'Papua New Guinea', 60, '1980-04-24 14:04:29', '1977-06-13 03:19:43');
INSERT INTO `profiles` (`birthdate`, `sex`, `hometown`, `country`, `photo_id`, `created_at`, `updated_at`) VALUES ('1975-02-09', 'm', 'Ilianamouth', 'Finland', 28, '1971-10-19 15:12:45', '1980-04-06 23:11:04');
INSERT INTO `profiles` (`birthdate`, `sex`, `hometown`, `country`, `photo_id`, `created_at`, `updated_at`) VALUES ('2009-04-14', 'm', 'Eliburgh', 'Ghana', 36, '2011-11-18 22:20:35', '1980-04-21 13:12:33');
INSERT INTO `profiles` (`birthdate`, `sex`, `hometown`, `country`, `photo_id`, `created_at`, `updated_at`) VALUES ('1989-04-13', 'm', 'West Lloyd', 'San Marino', 31, '2007-08-02 17:49:29', '2010-08-05 23:30:27');
INSERT INTO `profiles` (`birthdate`, `sex`, `hometown`, `country`, `photo_id`, `created_at`, `updated_at`) VALUES ('1999-04-24', 'm', 'East Reggiechester', 'Moldova', 49, '1996-06-11 00:59:44', '2018-04-21 17:40:51');
INSERT INTO `profiles` (`birthdate`, `sex`, `hometown`, `country`, `photo_id`, `created_at`, `updated_at`) VALUES ('1976-07-28', 'f', 'Norafort', 'Algeria', 25, '1988-04-23 23:11:54', '1979-10-31 10:26:58');
INSERT INTO `profiles` (`birthdate`, `sex`, `hometown`, `country`, `photo_id`, `created_at`, `updated_at`) VALUES ('1983-09-29', 'm', 'Satterfieldfort', 'Ecuador', 5, '1995-07-19 14:55:53', '1998-11-12 07:10:27');
INSERT INTO `profiles` (`birthdate`, `sex`, `hometown`, `country`, `photo_id`, `created_at`, `updated_at`) VALUES ('2014-03-30', 'm', 'North Thurman', 'Brazil', 36, '1973-02-11 10:20:45', '2017-03-31 11:36:36');
INSERT INTO `profiles` (`birthdate`, `sex`, `hometown`, `country`, `photo_id`, `created_at`, `updated_at`) VALUES ('1971-12-28', 'm', 'Port Rosarioland', 'Georgia', 47, '1990-04-05 08:05:53', '1973-05-22 06:11:29');
INSERT INTO `profiles` (`birthdate`, `sex`, `hometown`, `country`, `photo_id`, `created_at`, `updated_at`) VALUES ('1988-07-21', 'f', 'West Sterlingburgh', 'Vietnam', 47, '2004-05-25 18:55:13', '1997-12-31 09:05:09');
INSERT INTO `profiles` (`birthdate`, `sex`, `hometown`, `country`, `photo_id`, `created_at`, `updated_at`) VALUES ('2006-05-18', 'm', 'South Dixiefort', 'Wallis and Futuna', 99, '1978-10-21 16:40:36', '2018-05-28 04:54:22');
INSERT INTO `profiles` (`birthdate`, `sex`, `hometown`, `country`, `photo_id`, `created_at`, `updated_at`) VALUES ('1982-08-05', 'f', 'Mosciskimouth', 'Philippines', 67, '2018-02-15 19:37:49', '2005-11-02 22:30:46');
INSERT INTO `profiles` (`birthdate`, `sex`, `hometown`, `country`, `photo_id`, `created_at`, `updated_at`) VALUES ('1982-02-24', 'f', 'Thomaschester', 'Holy See (Vatican City State)', 96, '1992-03-27 03:35:03', '2019-04-04 20:59:23');
INSERT INTO `profiles` (`birthdate`, `sex`, `hometown`, `country`, `photo_id`, `created_at`, `updated_at`) VALUES ('1998-06-07', 'm', 'North Maegan', 'Isle of Man', 33, '1977-07-13 23:11:13', '2016-05-02 06:06:59');
INSERT INTO `profiles` (`birthdate`, `sex`, `hometown`, `country`, `photo_id`, `created_at`, `updated_at`) VALUES ('1972-03-01', 'm', 'Aliview', 'Botswana', 28, '1973-02-28 23:37:01', '1993-08-18 12:33:36');
INSERT INTO `profiles` (`birthdate`, `sex`, `hometown`, `country`, `photo_id`, `created_at`, `updated_at`) VALUES ('1996-11-26', 'm', 'Port Flavio', 'Sudan', 6, '1986-02-19 23:32:18', '1980-04-22 22:40:46');
INSERT INTO `profiles` (`birthdate`, `sex`, `hometown`, `country`, `photo_id`, `created_at`, `updated_at`) VALUES ('1993-12-09', 'f', 'Daphneberg', 'Vanuatu', 18, '2001-05-05 09:02:32', '1998-05-27 19:17:14');
INSERT INTO `profiles` (`birthdate`, `sex`, `hometown`, `country`, `photo_id`, `created_at`, `updated_at`) VALUES ('1978-05-09', 'm', 'Abshireside', 'China', 72, '1987-02-28 03:41:28', '1995-08-12 15:27:48');
INSERT INTO `profiles` (`birthdate`, `sex`, `hometown`, `country`, `photo_id`, `created_at`, `updated_at`) VALUES ('1971-10-02', 'm', 'Heaneyside', 'China', 26, '1973-10-24 03:43:41', '1978-01-21 00:37:55');
INSERT INTO `profiles` (`birthdate`, `sex`, `hometown`, `country`, `photo_id`, `created_at`, `updated_at`) VALUES ('1993-06-05', 'm', 'Watsicaview', 'Saint Helena', 6, '1979-09-05 22:11:48', '2006-02-19 21:46:26');
INSERT INTO `profiles` (`birthdate`, `sex`, `hometown`, `country`, `photo_id`, `created_at`, `updated_at`) VALUES ('1970-04-08', 'f', 'Goodwinfort', 'Western Sahara', 91, '1994-11-02 06:23:36', '1995-08-23 08:56:16');
INSERT INTO `profiles` (`birthdate`, `sex`, `hometown`, `country`, `photo_id`, `created_at`, `updated_at`) VALUES ('2002-01-16', 'f', 'Darronhaven', 'Niger', 9, '1990-09-22 00:19:35', '1986-12-15 22:19:09');
INSERT INTO `profiles` (`birthdate`, `sex`, `hometown`, `country`, `photo_id`, `created_at`, `updated_at`) VALUES ('1982-04-22', 'f', 'New Helenaport', 'Ukraine', 76, '1991-04-01 21:23:28', '1970-09-01 16:19:10');
INSERT INTO `profiles` (`birthdate`, `sex`, `hometown`, `country`, `photo_id`, `created_at`, `updated_at`) VALUES ('2006-06-20', 'm', 'Volkmanhaven', 'Brazil', 37, '2011-01-04 02:05:16', '2004-09-23 11:40:05');
INSERT INTO `profiles` (`birthdate`, `sex`, `hometown`, `country`, `photo_id`, `created_at`, `updated_at`) VALUES ('1974-01-15', 'm', 'Merlbury', 'Bosnia and Herzegovina', 76, '1982-10-06 15:33:38', '1993-01-15 10:50:21');
INSERT INTO `profiles` (`birthdate`, `sex`, `hometown`, `country`, `photo_id`, `created_at`, `updated_at`) VALUES ('1981-11-15', 'f', 'Danbury', 'Kuwait', 98, '1970-10-24 12:52:24', '2010-08-21 21:16:19');
INSERT INTO `profiles` (`birthdate`, `sex`, `hometown`, `country`, `photo_id`, `created_at`, `updated_at`) VALUES ('2008-05-09', 'f', 'New Alessiafurt', 'Seychelles', 14, '1995-04-23 10:30:35', '2005-06-09 13:35:39');
INSERT INTO `profiles` (`birthdate`, `sex`, `hometown`, `country`, `photo_id`, `created_at`, `updated_at`) VALUES ('2017-06-10', 'f', 'South Macieshire', 'Afghanistan', 22, '2017-07-14 18:51:33', '1994-11-11 06:00:23');
INSERT INTO `profiles` (`birthdate`, `sex`, `hometown`, `country`, `photo_id`, `created_at`, `updated_at`) VALUES ('2002-02-13', 'f', 'Jadynview', 'Equatorial Guinea', 36, '1996-06-12 22:18:44', '1971-05-28 10:14:45');
INSERT INTO `profiles` (`birthdate`, `sex`, `hometown`, `country`, `photo_id`, `created_at`, `updated_at`) VALUES ('1977-08-14', 'f', 'Hegmannberg', 'Anguilla', 83, '1998-12-11 04:05:27', '1973-09-03 08:23:55');
INSERT INTO `profiles` (`birthdate`, `sex`, `hometown`, `country`, `photo_id`, `created_at`, `updated_at`) VALUES ('1978-09-09', 'm', 'Lake Garettberg', 'Myanmar', 85, '2015-05-19 04:24:55', '1992-05-23 06:04:59');
INSERT INTO `profiles` (`birthdate`, `sex`, `hometown`, `country`, `photo_id`, `created_at`, `updated_at`) VALUES ('1977-09-02', 'm', 'West Donny', 'Bolivia', 6, '1986-06-11 13:03:39', '2011-03-04 23:32:11');
INSERT INTO `profiles` (`birthdate`, `sex`, `hometown`, `country`, `photo_id`, `created_at`, `updated_at`) VALUES ('2000-08-10', 'm', 'Jerrodville', 'Ecuador', 96, '2001-04-12 00:30:16', '2015-09-06 02:14:32');
INSERT INTO `profiles` (`birthdate`, `sex`, `hometown`, `country`, `photo_id`, `created_at`, `updated_at`) VALUES ('1989-04-12', 'f', 'Keiraburgh', 'Italy', 82, '2011-11-17 17:23:22', '2019-04-28 21:21:44');
INSERT INTO `profiles` (`birthdate`, `sex`, `hometown`, `country`, `photo_id`, `created_at`, `updated_at`) VALUES ('1990-08-08', 'f', 'Nienowhaven', 'Tonga', 99, '1986-09-08 15:49:17', '2014-12-02 09:42:52');
INSERT INTO `profiles` (`birthdate`, `sex`, `hometown`, `country`, `photo_id`, `created_at`, `updated_at`) VALUES ('1994-02-14', 'm', 'Kingview', 'Cuba', 90, '1975-06-17 03:38:04', '1975-07-14 17:56:01');
INSERT INTO `profiles` (`birthdate`, `sex`, `hometown`, `country`, `photo_id`, `created_at`, `updated_at`) VALUES ('2002-07-20', 'f', 'Rodriguezside', 'Bahamas', 6, '1978-09-11 22:35:30', '1975-01-31 07:22:37');
INSERT INTO `profiles` (`birthdate`, `sex`, `hometown`, `country`, `photo_id`, `created_at`, `updated_at`) VALUES ('2012-02-18', 'f', 'Bransonshire', 'South Georgia and the South Sandwich Islands', 99, '1989-09-30 05:22:23', '1978-07-28 02:37:29');
INSERT INTO `profiles` (`birthdate`, `sex`, `hometown`, `country`, `photo_id`, `created_at`, `updated_at`) VALUES ('2019-06-17', 'm', 'Mandyfort', 'Netherlands', 67, '1975-07-05 05:11:35', '2003-04-07 11:57:52');
INSERT INTO `profiles` (`birthdate`, `sex`, `hometown`, `country`, `photo_id`, `created_at`, `updated_at`) VALUES ('2010-03-17', 'm', 'New Susanshire', 'Somalia', 28, '1999-03-09 11:03:28', '2012-09-25 06:42:50');
INSERT INTO `profiles` (`birthdate`, `sex`, `hometown`, `country`, `photo_id`, `created_at`, `updated_at`) VALUES ('1987-09-09', 'm', 'Madelinehaven', 'Myanmar', 22, '1991-03-11 08:47:39', '2011-12-09 01:37:51');
INSERT INTO `profiles` (`birthdate`, `sex`, `hometown`, `country`, `photo_id`, `created_at`, `updated_at`) VALUES ('1985-02-15', 'f', 'Rohanside', 'Libyan Arab Jamahiriya', 45, '1990-06-20 06:12:57', '1978-05-03 19:47:17');
INSERT INTO `profiles` (`birthdate`, `sex`, `hometown`, `country`, `photo_id`, `created_at`, `updated_at`) VALUES ('1985-03-14', 'f', 'Koeppport', 'Chad', 18, '2009-04-14 12:06:30', '1995-06-06 05:17:23');
INSERT INTO `profiles` (`birthdate`, `sex`, `hometown`, `country`, `photo_id`, `created_at`, `updated_at`) VALUES ('1986-11-29', 'f', 'Lydatown', 'Kenya', 35, '2012-09-16 19:55:13', '2005-10-23 00:40:49');
INSERT INTO `profiles` (`birthdate`, `sex`, `hometown`, `country`, `photo_id`, `created_at`, `updated_at`) VALUES ('2004-11-23', 'm', 'Enolafort', 'American Samoa', 15, '1972-03-31 16:45:02', '1991-06-07 17:52:29');
INSERT INTO `profiles` (`birthdate`, `sex`, `hometown`, `country`, `photo_id`, `created_at`, `updated_at`) VALUES ('1978-10-16', 'f', 'Port Roberta', 'El Salvador', 51, '1998-08-11 11:07:19', '1999-08-11 23:03:10');
INSERT INTO `profiles` (`birthdate`, `sex`, `hometown`, `country`, `photo_id`, `created_at`, `updated_at`) VALUES ('2013-11-28', 'f', 'Wilfredmouth', 'Saint Pierre and Miquelon', 10, '1971-08-17 05:44:19', '1983-05-16 05:06:24');
INSERT INTO `profiles` (`birthdate`, `sex`, `hometown`, `country`, `photo_id`, `created_at`, `updated_at`) VALUES ('1996-11-27', 'f', 'Lake Karl', 'United Kingdom', 8, '1979-11-09 11:07:52', '1971-12-26 16:27:50');
INSERT INTO `profiles` (`birthdate`, `sex`, `hometown`, `country`, `photo_id`, `created_at`, `updated_at`) VALUES ('2004-10-03', 'm', 'Hayesberg', 'Cocos (Keeling) Islands', 15, '1992-01-08 09:12:47', '1983-12-16 08:19:30');
INSERT INTO `profiles` (`birthdate`, `sex`, `hometown`, `country`, `photo_id`, `created_at`, `updated_at`) VALUES ('2005-11-23', 'm', 'New Laurettaland', 'Malta', 1, '1997-03-09 05:06:04', '2005-09-21 04:08:00');
INSERT INTO `profiles` (`birthdate`, `sex`, `hometown`, `country`, `photo_id`, `created_at`, `updated_at`) VALUES ('1971-06-06', 'm', 'Erynhaven', 'Thailand', 50, '1983-02-21 18:00:52', '2007-01-21 09:00:42');
INSERT INTO `profiles` (`birthdate`, `sex`, `hometown`, `country`, `photo_id`, `created_at`, `updated_at`) VALUES ('2018-05-15', 'm', 'West Alexbury', 'Heard Island and McDonald Islands', 5, '2003-01-30 16:22:32', '2018-04-13 10:31:25');
INSERT INTO `profiles` (`birthdate`, `sex`, `hometown`, `country`, `photo_id`, `created_at`, `updated_at`) VALUES ('2004-08-02', 'f', 'Lake Myrtle', 'Uruguay', 43, '1992-02-26 00:53:32', '1988-11-04 11:57:04');
INSERT INTO `profiles` (`birthdate`, `sex`, `hometown`, `country`, `photo_id`, `created_at`, `updated_at`) VALUES ('2006-02-04', 'f', 'East Kurtside', 'Finland', 38, '2002-12-12 00:45:45', '1984-08-30 17:55:28');
INSERT INTO `profiles` (`birthdate`, `sex`, `hometown`, `country`, `photo_id`, `created_at`, `updated_at`) VALUES ('1980-04-25', 'm', 'Lake Mariamhaven', 'Greece', 78, '2018-05-29 07:05:39', '2012-01-30 11:46:38');
INSERT INTO `profiles` (`birthdate`, `sex`, `hometown`, `country`, `photo_id`, `created_at`, `updated_at`) VALUES ('1980-02-25', 'm', 'South Vickiemouth', 'Iceland', 56, '1996-08-28 17:11:27', '1989-12-09 05:50:14');
INSERT INTO `profiles` (`birthdate`, `sex`, `hometown`, `country`, `photo_id`, `created_at`, `updated_at`) VALUES ('2003-11-27', 'm', 'West Silasport', 'Slovakia (Slovak Republic)', 14, '1983-08-24 08:25:49', '1996-02-05 12:35:46');
INSERT INTO `profiles` (`birthdate`, `sex`, `hometown`, `country`, `photo_id`, `created_at`, `updated_at`) VALUES ('1991-12-28', 'f', 'Carolyneside', 'Saint Kitts and Nevis', 27, '2000-06-30 16:55:09', '2000-10-03 20:23:38');
INSERT INTO `profiles` (`birthdate`, `sex`, `hometown`, `country`, `photo_id`, `created_at`, `updated_at`) VALUES ('1985-08-10', 'f', 'Narcisomouth', 'Iceland', 8, '1992-07-14 06:34:55', '2008-04-04 13:35:46');
INSERT INTO `profiles` (`birthdate`, `sex`, `hometown`, `country`, `photo_id`, `created_at`, `updated_at`) VALUES ('1972-05-12', 'f', 'Schmittchester', 'Costa Rica', 46, '2007-09-19 20:51:24', '1999-08-28 10:48:23');
INSERT INTO `profiles` (`birthdate`, `sex`, `hometown`, `country`, `photo_id`, `created_at`, `updated_at`) VALUES ('2004-07-22', 'm', 'South Lexusside', 'Burundi', 54, '2008-02-22 13:55:43', '1993-02-04 03:18:08');
INSERT INTO `profiles` (`birthdate`, `sex`, `hometown`, `country`, `photo_id`, `created_at`, `updated_at`) VALUES ('1994-11-22', 'f', 'North Deontown', 'Slovakia (Slovak Republic)', 50, '2011-01-22 01:19:12', '1989-12-06 14:42:51');
INSERT INTO `profiles` (`birthdate`, `sex`, `hometown`, `country`, `photo_id`, `created_at`, `updated_at`) VALUES ('1986-02-20', 'm', 'East Adella', 'Wallis and Futuna', 27, '1971-02-19 23:01:42', '2002-08-27 19:54:43');
INSERT INTO `profiles` (`birthdate`, `sex`, `hometown`, `country`, `photo_id`, `created_at`, `updated_at`) VALUES ('2011-04-16', 'm', 'New Joelview', 'Saint Helena', 67, '2012-01-31 15:17:52', '2018-11-22 01:34:50');
INSERT INTO `profiles` (`birthdate`, `sex`, `hometown`, `country`, `photo_id`, `created_at`, `updated_at`) VALUES ('2000-01-07', 'm', 'Haleymouth', 'Mauritius', 1, '2002-03-12 07:34:31', '1987-02-07 00:44:17');
INSERT INTO `profiles` (`birthdate`, `sex`, `hometown`, `country`, `photo_id`, `created_at`, `updated_at`) VALUES ('1970-09-20', 'm', 'Lake Dulcechester', 'Kiribati', 39, '2000-05-08 16:46:08', '1975-01-17 00:40:43');
INSERT INTO `profiles` (`birthdate`, `sex`, `hometown`, `country`, `photo_id`, `created_at`, `updated_at`) VALUES ('1975-02-27', 'f', 'Cummeratatown', 'Venezuela', 37, '2006-07-11 08:46:25', '1972-08-11 14:11:56');
INSERT INTO `profiles` (`birthdate`, `sex`, `hometown`, `country`, `photo_id`, `created_at`, `updated_at`) VALUES ('1997-01-17', 'f', 'Rockyland', 'Sweden', 13, '1998-01-13 19:32:24', '2004-03-05 14:47:54');
INSERT INTO `profiles` (`birthdate`, `sex`, `hometown`, `country`, `photo_id`, `created_at`, `updated_at`) VALUES ('1991-01-29', 'f', 'New Katlynn', 'Macao', 23, '1974-05-10 07:54:37', '1986-06-13 16:06:26');
INSERT INTO `profiles` (`birthdate`, `sex`, `hometown`, `country`, `photo_id`, `created_at`, `updated_at`) VALUES ('2006-07-11', 'f', 'Madalynbury', 'Switzerland', 57, '2019-12-16 10:11:16', '2013-10-11 05:59:09');
INSERT INTO `profiles` (`birthdate`, `sex`, `hometown`, `country`, `photo_id`, `created_at`, `updated_at`) VALUES ('1985-11-30', 'f', 'East Jerad', 'Norway', 82, '1990-03-02 01:50:30', '2007-04-27 00:22:09');
INSERT INTO `profiles` (`birthdate`, `sex`, `hometown`, `country`, `photo_id`, `created_at`, `updated_at`) VALUES ('1991-08-06', 'f', 'South Werner', 'Vanuatu', 80, '1971-08-24 07:30:39', '2003-01-29 11:20:06');
INSERT INTO `profiles` (`birthdate`, `sex`, `hometown`, `country`, `photo_id`, `created_at`, `updated_at`) VALUES ('2018-03-23', 'm', 'Mariettahaven', 'Zimbabwe', 73, '2001-12-04 15:06:43', '2005-11-15 16:20:06');
INSERT INTO `profiles` (`birthdate`, `sex`, `hometown`, `country`, `photo_id`, `created_at`, `updated_at`) VALUES ('1972-02-23', 'f', 'Johnsonbury', 'United Kingdom', 35, '1998-07-04 04:47:24', '1981-11-13 02:52:15');
INSERT INTO `profiles` (`birthdate`, `sex`, `hometown`, `country`, `photo_id`, `created_at`, `updated_at`) VALUES ('1994-04-06', 'f', 'New Yasmeen', 'Comoros', 72, '1982-12-27 18:01:27', '2011-09-21 04:00:31');
INSERT INTO `profiles` (`birthdate`, `sex`, `hometown`, `country`, `photo_id`, `created_at`, `updated_at`) VALUES ('1981-04-03', 'm', 'South Laney', 'French Polynesia', 13, '1979-05-28 10:19:05', '1972-11-27 06:45:56');
INSERT INTO `profiles` (`birthdate`, `sex`, `hometown`, `country`, `photo_id`, `created_at`, `updated_at`) VALUES ('2001-05-28', 'f', 'Lake Adelia', 'Burkina Faso', 68, '2019-01-28 20:54:44', '1995-10-24 07:19:22');
INSERT INTO `profiles` (`birthdate`, `sex`, `hometown`, `country`, `photo_id`, `created_at`, `updated_at`) VALUES ('1970-10-12', 'm', 'East Parisshire', 'United Kingdom', 75, '2007-08-04 03:00:54', '1980-05-10 01:57:26');
INSERT INTO `profiles` (`birthdate`, `sex`, `hometown`, `country`, `photo_id`, `created_at`, `updated_at`) VALUES ('1989-05-27', 'f', 'Lubowitzchester', 'Gambia', 52, '1999-04-21 02:06:20', '1992-05-25 01:27:40');
INSERT INTO `profiles` (`birthdate`, `sex`, `hometown`, `country`, `photo_id`, `created_at`, `updated_at`) VALUES ('1991-10-16', 'm', 'North Annabellechester', 'New Caledonia', 50, '1974-07-19 13:43:28', '2007-05-08 22:25:27');
INSERT INTO `profiles` (`birthdate`, `sex`, `hometown`, `country`, `photo_id`, `created_at`, `updated_at`) VALUES ('1997-10-02', 'f', 'Napoleonside', 'Martinique', 86, '1971-07-17 20:41:08', '1978-01-25 12:55:59');
INSERT INTO `profiles` (`birthdate`, `sex`, `hometown`, `country`, `photo_id`, `created_at`, `updated_at`) VALUES ('1988-08-14', 'f', 'O\'Keefebury', 'Tanzania', 35, '2011-03-17 03:11:59', '1999-07-02 06:44:30');


#
# TABLE STRUCTURE FOR: users
#

DROP TABLE IF EXISTS `users`;

CREATE TABLE `users` (
  `id` int(10) unsigned NOT NULL AUTO_INCREMENT,
  `first_name` varchar(100) COLLATE utf8_unicode_ci NOT NULL,
  `last_name` varchar(100) COLLATE utf8_unicode_ci NOT NULL,
  `email` varchar(120) COLLATE utf8_unicode_ci NOT NULL,
  `phone` varchar(15) COLLATE utf8_unicode_ci NOT NULL,
  `password` varchar(15) COLLATE utf8_unicode_ci DEFAULT NULL,
  `created_at` datetime DEFAULT current_timestamp(),
  `updated_at` datetime DEFAULT current_timestamp() ON UPDATE current_timestamp(),
  PRIMARY KEY (`id`),
  UNIQUE KEY `email` (`email`),
  UNIQUE KEY `phone` (`phone`)
) ENGINE=InnoDB AUTO_INCREMENT=101 DEFAULT CHARSET=utf8 COLLATE=utf8_unicode_ci;

INSERT INTO `users` (`id`, `first_name`, `last_name`, `email`, `phone`, `password`, `created_at`, `updated_at`) VALUES (1, 'Cecile', 'Herzog', 'plabadie@example.net', '1-005-633-9634x', 'c6dca575fe8c001', '2000-08-20 22:15:56', '1986-03-03 20:59:17');
INSERT INTO `users` (`id`, `first_name`, `last_name`, `email`, `phone`, `password`, `created_at`, `updated_at`) VALUES (2, 'Florencio', 'Ullrich', 'vstokes@example.com', '+11(4)910368015', 'a1f8472dcb10357', '2014-04-15 02:15:08', '1978-10-30 09:16:31');
INSERT INTO `users` (`id`, `first_name`, `last_name`, `email`, `phone`, `password`, `created_at`, `updated_at`) VALUES (3, 'Mozell', 'Schmeler', 'mcarroll@example.com', '1-630-473-1534x', 'c7181d8165f48e1', '1975-05-27 08:48:55', '2002-06-28 22:28:48');
INSERT INTO `users` (`id`, `first_name`, `last_name`, `email`, `phone`, `password`, `created_at`, `updated_at`) VALUES (4, 'Shanon', 'Kessler', 'hlegros@example.net', '(288)644-6008', '7c30f0a842cbc8c', '2011-05-12 19:31:59', '2014-02-15 09:25:11');
INSERT INTO `users` (`id`, `first_name`, `last_name`, `email`, `phone`, `password`, `created_at`, `updated_at`) VALUES (5, 'Ollie', 'Smitham', 'queenie36@example.net', '961-572-3293x12', '681cae9267740f4', '1992-11-04 03:15:42', '2007-10-12 20:37:35');
INSERT INTO `users` (`id`, `first_name`, `last_name`, `email`, `phone`, `password`, `created_at`, `updated_at`) VALUES (6, 'Alicia', 'Corwin', 'pink03@example.net', '253-734-6276x12', '837212a34b293aa', '1977-02-21 15:15:11', '2010-09-19 03:28:11');
INSERT INTO `users` (`id`, `first_name`, `last_name`, `email`, `phone`, `password`, `created_at`, `updated_at`) VALUES (7, 'Beverly', 'Moore', 'blake53@example.org', '1-774-791-2652x', 'eafb2892edd3dfe', '2018-11-01 06:38:33', '1987-11-11 08:18:16');
INSERT INTO `users` (`id`, `first_name`, `last_name`, `email`, `phone`, `password`, `created_at`, `updated_at`) VALUES (8, 'Everette', 'Feest', 'olaf.simonis@example.com', '736.722.0337', '3d20b43ed7e06d0', '2013-01-11 14:56:11', '2001-10-15 04:03:49');
INSERT INTO `users` (`id`, `first_name`, `last_name`, `email`, `phone`, `password`, `created_at`, `updated_at`) VALUES (9, 'Jazmyne', 'Kilback', 'bahringer.millie@example.org', '(828)931-5742x1', 'bf7a072c3627da2', '1990-01-26 16:01:18', '1971-05-01 02:13:30');
INSERT INTO `users` (`id`, `first_name`, `last_name`, `email`, `phone`, `password`, `created_at`, `updated_at`) VALUES (10, 'Susana', 'Lueilwitz', 'israel.grady@example.com', '+55(5)417020502', '04b287a07d7f22f', '2013-06-07 05:26:21', '1995-10-14 19:10:18');
INSERT INTO `users` (`id`, `first_name`, `last_name`, `email`, `phone`, `password`, `created_at`, `updated_at`) VALUES (11, 'Ofelia', 'Nikolaus', 'angelo.daugherty@example.net', '389.007.0252x91', 'c9f2f5aca7c5474', '1982-01-26 11:23:37', '1972-09-04 17:36:38');
INSERT INTO `users` (`id`, `first_name`, `last_name`, `email`, `phone`, `password`, `created_at`, `updated_at`) VALUES (12, 'Kaley', 'Hoeger', 'ekunze@example.com', '01476105768', '18680256d5439f8', '1982-03-12 18:20:46', '1977-04-16 02:05:33');
INSERT INTO `users` (`id`, `first_name`, `last_name`, `email`, `phone`, `password`, `created_at`, `updated_at`) VALUES (13, 'Roslyn', 'Halvorson', 'beahan.abelardo@example.org', '1-731-970-7280', '1b9929f1335d147', '2003-09-07 17:34:42', '2002-10-21 00:25:15');
INSERT INTO `users` (`id`, `first_name`, `last_name`, `email`, `phone`, `password`, `created_at`, `updated_at`) VALUES (14, 'Bettye', 'Rogahn', 'laurine.hodkiewicz@example.net', '+19(5)757534502', '1fe371d796d829f', '1974-02-20 13:22:53', '1986-12-20 09:27:59');
INSERT INTO `users` (`id`, `first_name`, `last_name`, `email`, `phone`, `password`, `created_at`, `updated_at`) VALUES (15, 'Nicole', 'Raynor', 'hbartell@example.com', '1-865-293-7842', '4522a07deb12091', '2004-09-11 14:46:40', '1987-08-25 07:51:06');
INSERT INTO `users` (`id`, `first_name`, `last_name`, `email`, `phone`, `password`, `created_at`, `updated_at`) VALUES (16, 'Maximilian', 'Buckridge', 'walsh.kiel@example.net', '852-426-4827x55', '54209afc5442e1a', '2006-12-07 19:45:36', '1970-02-24 20:10:50');
INSERT INTO `users` (`id`, `first_name`, `last_name`, `email`, `phone`, `password`, `created_at`, `updated_at`) VALUES (17, 'Christelle', 'Franecki', 'pheaney@example.org', '859-293-1300', 'e92905ae5d0e45d', '2008-06-07 17:02:25', '2008-01-14 05:09:14');
INSERT INTO `users` (`id`, `first_name`, `last_name`, `email`, `phone`, `password`, `created_at`, `updated_at`) VALUES (18, 'Rahul', 'Thiel', 'boyer.roma@example.com', '05332849834', 'b9bf659ffc222c8', '2003-12-19 07:43:17', '2004-03-03 15:34:41');
INSERT INTO `users` (`id`, `first_name`, `last_name`, `email`, `phone`, `password`, `created_at`, `updated_at`) VALUES (19, 'Leone', 'Jacobson', 'willa98@example.com', '1-349-292-0617', '01ad403105a44ff', '2019-08-19 23:24:00', '1991-12-03 02:11:51');
INSERT INTO `users` (`id`, `first_name`, `last_name`, `email`, `phone`, `password`, `created_at`, `updated_at`) VALUES (20, 'Viola', 'Rice', 'plegros@example.net', '820-451-3223x43', '11a5905063bd6f6', '1997-09-14 08:07:43', '1997-11-25 15:05:41');
INSERT INTO `users` (`id`, `first_name`, `last_name`, `email`, `phone`, `password`, `created_at`, `updated_at`) VALUES (21, 'Frances', 'Marquardt', 'kariane11@example.org', '1-333-681-3801x', '05a1eb523283ac4', '1991-09-04 15:56:15', '1970-09-19 00:16:23');
INSERT INTO `users` (`id`, `first_name`, `last_name`, `email`, `phone`, `password`, `created_at`, `updated_at`) VALUES (22, 'Lincoln', 'Maggio', 'gerda75@example.org', '1-754-425-0750x', '76d108fdc175901', '1971-03-30 21:00:23', '2003-09-03 06:06:54');
INSERT INTO `users` (`id`, `first_name`, `last_name`, `email`, `phone`, `password`, `created_at`, `updated_at`) VALUES (23, 'Kelvin', 'Mueller', 'ena97@example.net', '(953)119-4086', '985e32fe7deb0bb', '1994-06-29 10:29:41', '2003-07-31 10:19:56');
INSERT INTO `users` (`id`, `first_name`, `last_name`, `email`, `phone`, `password`, `created_at`, `updated_at`) VALUES (24, 'Camryn', 'Hegmann', 'sporer.reva@example.org', '425.199.5255', '72f1afb11a28c3a', '1987-02-15 21:13:46', '1994-09-24 05:00:32');
INSERT INTO `users` (`id`, `first_name`, `last_name`, `email`, `phone`, `password`, `created_at`, `updated_at`) VALUES (25, 'Lorenza', 'McGlynn', 'wiley.gutkowski@example.org', '057.976.0283x82', 'fae4fe07a1c0ce7', '1988-01-20 05:52:40', '1995-03-03 17:17:29');
INSERT INTO `users` (`id`, `first_name`, `last_name`, `email`, `phone`, `password`, `created_at`, `updated_at`) VALUES (26, 'Raphael', 'Willms', 'effertz.friedrich@example.net', '618.665.2689x17', '6b2f13678714f34', '1984-03-24 04:45:54', '2016-08-24 12:12:02');
INSERT INTO `users` (`id`, `first_name`, `last_name`, `email`, `phone`, `password`, `created_at`, `updated_at`) VALUES (27, 'Addie', 'O\'Connell', 'madeline15@example.org', '(954)342-1094', 'a7ef705a3cfaf38', '1972-03-10 16:00:23', '1973-03-14 06:07:48');
INSERT INTO `users` (`id`, `first_name`, `last_name`, `email`, `phone`, `password`, `created_at`, `updated_at`) VALUES (28, 'Tamia', 'Hartmann', 'blick.freda@example.com', '1-881-111-6892x', '8fbe85c5add4b78', '1987-05-17 20:24:36', '2008-08-22 02:30:00');
INSERT INTO `users` (`id`, `first_name`, `last_name`, `email`, `phone`, `password`, `created_at`, `updated_at`) VALUES (29, 'Tracy', 'Shields', 'malvina.morar@example.org', '(345)138-4892x4', '280e0193f34e2da', '1973-01-06 18:55:31', '1990-09-07 22:42:05');
INSERT INTO `users` (`id`, `first_name`, `last_name`, `email`, `phone`, `password`, `created_at`, `updated_at`) VALUES (30, 'Mellie', 'Barrows', 'johns.vickie@example.net', '356.855.3977x58', '187f43786b301dd', '1993-07-07 01:58:08', '1979-07-15 19:51:26');
INSERT INTO `users` (`id`, `first_name`, `last_name`, `email`, `phone`, `password`, `created_at`, `updated_at`) VALUES (31, 'Sharon', 'Beatty', 'ukutch@example.org', '(973)657-4399x3', '02a112641ba9a65', '2000-08-09 10:10:23', '2018-12-01 05:49:24');
INSERT INTO `users` (`id`, `first_name`, `last_name`, `email`, `phone`, `password`, `created_at`, `updated_at`) VALUES (32, 'Tania', 'Dibbert', 'afton.huels@example.com', '1-000-725-8402x', '4dc0f9ed9df3a8b', '1978-07-07 07:38:19', '2014-03-03 14:20:25');
INSERT INTO `users` (`id`, `first_name`, `last_name`, `email`, `phone`, `password`, `created_at`, `updated_at`) VALUES (33, 'Dewayne', 'Hagenes', 'ayden.windler@example.net', '593.972.3360x84', '6f7f9456ad54f05', '2008-03-07 22:56:57', '1984-04-18 00:10:16');
INSERT INTO `users` (`id`, `first_name`, `last_name`, `email`, `phone`, `password`, `created_at`, `updated_at`) VALUES (34, 'Vada', 'Daniel', 'kristopher.o\'hara@example.net', '1-083-670-1195x', '6544e6010ac0307', '2014-06-13 03:18:59', '2010-04-10 03:06:11');
INSERT INTO `users` (`id`, `first_name`, `last_name`, `email`, `phone`, `password`, `created_at`, `updated_at`) VALUES (35, 'Miguel', 'Rosenbaum', 'dedric.hauck@example.net', '780.858.6280x61', '9fdf52cec9c5151', '2017-11-19 11:14:43', '2018-06-30 20:39:19');
INSERT INTO `users` (`id`, `first_name`, `last_name`, `email`, `phone`, `password`, `created_at`, `updated_at`) VALUES (36, 'Maxwell', 'Johns', 'annabelle11@example.com', '1-154-644-1506x', '277b8ace9b97234', '2015-06-13 16:30:09', '2004-04-29 12:25:32');
INSERT INTO `users` (`id`, `first_name`, `last_name`, `email`, `phone`, `password`, `created_at`, `updated_at`) VALUES (37, 'Heather', 'Labadie', 'frances25@example.com', '657.467.2751x31', 'b5a815480531edd', '1990-03-16 14:24:33', '1995-04-08 16:21:01');
INSERT INTO `users` (`id`, `first_name`, `last_name`, `email`, `phone`, `password`, `created_at`, `updated_at`) VALUES (38, 'Meggie', 'Schowalter', 'dan.rowe@example.org', '(729)821-1080x2', '396737a0558f570', '1997-07-30 07:30:37', '2016-08-13 10:01:05');
INSERT INTO `users` (`id`, `first_name`, `last_name`, `email`, `phone`, `password`, `created_at`, `updated_at`) VALUES (39, 'Marcia', 'Schmitt', 'feil.jaida@example.com', '105-975-8267x66', 'cf543806a8d11c6', '1975-05-30 15:46:22', '2016-11-08 23:23:11');
INSERT INTO `users` (`id`, `first_name`, `last_name`, `email`, `phone`, `password`, `created_at`, `updated_at`) VALUES (40, 'Hilton', 'Roberts', 'rosendo.wilkinson@example.net', '515.953.3858', '823ed49ed37c2a9', '2014-07-15 07:00:14', '1986-04-10 19:18:59');
INSERT INTO `users` (`id`, `first_name`, `last_name`, `email`, `phone`, `password`, `created_at`, `updated_at`) VALUES (41, 'Mary', 'Smith', 'rippin.hadley@example.org', '+44(1)077249418', '357a44f17e1105f', '2013-04-19 05:16:35', '2019-08-16 09:08:53');
INSERT INTO `users` (`id`, `first_name`, `last_name`, `email`, `phone`, `password`, `created_at`, `updated_at`) VALUES (42, 'Ezequiel', 'Hamill', 'beier.sonny@example.net', '1-363-346-1961x', 'f43fabdfa1291a6', '1971-05-28 08:25:13', '2018-08-05 03:31:56');
INSERT INTO `users` (`id`, `first_name`, `last_name`, `email`, `phone`, `password`, `created_at`, `updated_at`) VALUES (43, 'Lisa', 'Roob', 'jbode@example.org', '(201)476-1532', '6cc2450448fce86', '1973-07-07 22:02:05', '2004-10-22 21:02:17');
INSERT INTO `users` (`id`, `first_name`, `last_name`, `email`, `phone`, `password`, `created_at`, `updated_at`) VALUES (44, 'Patience', 'Hilpert', 'koss.leora@example.org', '08421746624', 'aea24ad735c2549', '2010-07-17 07:38:20', '2009-06-05 19:53:57');
INSERT INTO `users` (`id`, `first_name`, `last_name`, `email`, `phone`, `password`, `created_at`, `updated_at`) VALUES (45, 'Amina', 'Corkery', 'colleen.huel@example.com', '178-687-0584', '95e2ab703972abb', '2018-11-04 02:46:34', '2008-02-13 05:12:42');
INSERT INTO `users` (`id`, `first_name`, `last_name`, `email`, `phone`, `password`, `created_at`, `updated_at`) VALUES (46, 'Vida', 'Thompson', 'jacobson.oleta@example.com', '456.048.0240x80', 'a7887d1f3c06a5c', '2014-04-01 14:11:14', '2000-08-23 20:55:41');
INSERT INTO `users` (`id`, `first_name`, `last_name`, `email`, `phone`, `password`, `created_at`, `updated_at`) VALUES (47, 'Kenyon', 'Bernier', 'udonnelly@example.org', '(556)324-0585x0', '38fdfce2b243748', '1987-01-30 17:41:35', '2013-06-04 04:25:43');
INSERT INTO `users` (`id`, `first_name`, `last_name`, `email`, `phone`, `password`, `created_at`, `updated_at`) VALUES (48, 'Rocio', 'Hackett', 'kathleen.lindgren@example.com', '293.353.5257', '93f4d0b82afe6c2', '1983-12-31 17:12:49', '2008-10-05 12:41:24');
INSERT INTO `users` (`id`, `first_name`, `last_name`, `email`, `phone`, `password`, `created_at`, `updated_at`) VALUES (49, 'Antonette', 'Barrows', 'd\'amore.mose@example.org', '686.709.1630', 'ae8ae1457fc19a0', '1998-09-25 07:25:52', '1977-02-19 09:36:00');
INSERT INTO `users` (`id`, `first_name`, `last_name`, `email`, `phone`, `password`, `created_at`, `updated_at`) VALUES (50, 'Freda', 'Maggio', 'swalker@example.net', '+83(5)614591507', 'c32d8af7f655b83', '1991-05-27 03:34:13', '2015-05-28 17:40:33');
INSERT INTO `users` (`id`, `first_name`, `last_name`, `email`, `phone`, `password`, `created_at`, `updated_at`) VALUES (51, 'Humberto', 'Jast', 'estrella86@example.net', '1-156-856-2826', '71306311b7cadac', '1999-01-04 05:14:39', '1986-12-11 14:58:35');
INSERT INTO `users` (`id`, `first_name`, `last_name`, `email`, `phone`, `password`, `created_at`, `updated_at`) VALUES (52, 'Alvera', 'Borer', 'christop.funk@example.org', '1-010-298-7705x', 'ff624672925fd59', '1975-09-06 16:14:49', '1993-05-30 12:36:11');
INSERT INTO `users` (`id`, `first_name`, `last_name`, `email`, `phone`, `password`, `created_at`, `updated_at`) VALUES (53, 'Thelma', 'Kohler', 'bnikolaus@example.net', '(189)149-1564x0', 'b0e4d9a28b4e9a5', '1998-04-05 12:40:58', '1976-02-13 07:02:35');
INSERT INTO `users` (`id`, `first_name`, `last_name`, `email`, `phone`, `password`, `created_at`, `updated_at`) VALUES (54, 'Manley', 'Dicki', 'corkery.calista@example.com', '09835510629', 'b4614ab8784abac', '1975-05-03 03:57:36', '1984-01-18 12:55:02');
INSERT INTO `users` (`id`, `first_name`, `last_name`, `email`, `phone`, `password`, `created_at`, `updated_at`) VALUES (55, 'Brianne', 'Prohaska', 'gcartwright@example.net', '(727)037-5992', '3f7357d43f0f00f', '2013-12-07 08:04:26', '1986-11-18 07:25:22');
INSERT INTO `users` (`id`, `first_name`, `last_name`, `email`, `phone`, `password`, `created_at`, `updated_at`) VALUES (56, 'Tristian', 'Streich', 'hillard.hilpert@example.com', '04336346752', '7b711cbfdfbd944', '1970-08-21 07:14:35', '2005-04-14 01:16:32');
INSERT INTO `users` (`id`, `first_name`, `last_name`, `email`, `phone`, `password`, `created_at`, `updated_at`) VALUES (57, 'Catharine', 'Weber', 'jacky.sporer@example.org', '958-184-4614x43', '640d9182ad20db3', '2002-11-02 07:33:05', '1995-07-06 10:10:55');
INSERT INTO `users` (`id`, `first_name`, `last_name`, `email`, `phone`, `password`, `created_at`, `updated_at`) VALUES (58, 'Myra', 'Wintheiser', 'allen.lubowitz@example.net', '(244)035-0747x9', 'b0259dc750c51da', '2006-08-29 05:56:31', '2004-07-30 05:43:11');
INSERT INTO `users` (`id`, `first_name`, `last_name`, `email`, `phone`, `password`, `created_at`, `updated_at`) VALUES (59, 'Wava', 'Hermann', 'rogers.weber@example.com', '596-666-8695x58', '75481f0f301e6e3', '1999-01-10 00:17:50', '1996-11-13 03:39:52');
INSERT INTO `users` (`id`, `first_name`, `last_name`, `email`, `phone`, `password`, `created_at`, `updated_at`) VALUES (60, 'Ernestina', 'Walter', 'llewellyn55@example.org', '198.733.3219x07', '43a0a1a37dcd41e', '2004-08-19 11:28:34', '2009-04-26 14:08:19');
INSERT INTO `users` (`id`, `first_name`, `last_name`, `email`, `phone`, `password`, `created_at`, `updated_at`) VALUES (61, 'Miller', 'Quitzon', 'lorenz.johns@example.net', '148.512.3257x00', '47fb0051d62b066', '2000-10-05 07:49:27', '2019-11-24 19:08:50');
INSERT INTO `users` (`id`, `first_name`, `last_name`, `email`, `phone`, `password`, `created_at`, `updated_at`) VALUES (62, 'Easton', 'Zboncak', 'robert.hoeger@example.net', '(908)299-5602x6', '6c4d804c344e29e', '2002-06-13 17:39:18', '1976-06-20 00:21:41');
INSERT INTO `users` (`id`, `first_name`, `last_name`, `email`, `phone`, `password`, `created_at`, `updated_at`) VALUES (63, 'Gabriel', 'Klein', 'arvel99@example.net', '359-466-9325x27', '78906d027563f2d', '1996-06-25 16:02:39', '1984-11-07 15:26:28');
INSERT INTO `users` (`id`, `first_name`, `last_name`, `email`, `phone`, `password`, `created_at`, `updated_at`) VALUES (64, 'Reilly', 'Heaney', 'sbreitenberg@example.com', '+69(0)938249017', '2934cca5abaf7bd', '1978-04-18 10:53:36', '1970-01-22 13:24:17');
INSERT INTO `users` (`id`, `first_name`, `last_name`, `email`, `phone`, `password`, `created_at`, `updated_at`) VALUES (65, 'Angel', 'Smitham', 'rempel.willow@example.net', '1-693-535-1391x', 'a9274d9d2f925c3', '2015-02-20 11:32:37', '1995-07-12 05:39:01');
INSERT INTO `users` (`id`, `first_name`, `last_name`, `email`, `phone`, `password`, `created_at`, `updated_at`) VALUES (66, 'Crystal', 'Bashirian', 'emmanuel.yost@example.net', '1-404-720-8140', 'b4c897c8a4b7d75', '2017-03-22 22:29:58', '1971-03-19 09:52:52');
INSERT INTO `users` (`id`, `first_name`, `last_name`, `email`, `phone`, `password`, `created_at`, `updated_at`) VALUES (67, 'Chelsie', 'Mohr', 'orosenbaum@example.com', '1-413-760-1383', 'a0b07e017b2a174', '2000-05-10 12:37:43', '2005-12-26 17:46:15');
INSERT INTO `users` (`id`, `first_name`, `last_name`, `email`, `phone`, `password`, `created_at`, `updated_at`) VALUES (68, 'Khalil', 'Bernier', 'una.stoltenberg@example.org', '953-378-4824', '870afb74d2cc159', '1989-06-23 03:40:34', '2002-12-26 13:53:09');
INSERT INTO `users` (`id`, `first_name`, `last_name`, `email`, `phone`, `password`, `created_at`, `updated_at`) VALUES (69, 'Jailyn', 'Jenkins', 'proberts@example.net', '527-568-2657x80', '291a3ef86b82c17', '1970-05-08 08:36:41', '1988-03-14 18:08:00');
INSERT INTO `users` (`id`, `first_name`, `last_name`, `email`, `phone`, `password`, `created_at`, `updated_at`) VALUES (70, 'Obie', 'Torphy', 'alberto86@example.org', '1-696-378-9138x', '28d04a84438e6e0', '1985-03-06 14:22:06', '1974-09-23 01:06:08');
INSERT INTO `users` (`id`, `first_name`, `last_name`, `email`, `phone`, `password`, `created_at`, `updated_at`) VALUES (71, 'Rosemarie', 'Bartoletti', 'whitney.stiedemann@example.com', '742-406-5815x95', '3b377ee6d9586c5', '1971-06-26 20:27:04', '1981-11-02 13:59:11');
INSERT INTO `users` (`id`, `first_name`, `last_name`, `email`, `phone`, `password`, `created_at`, `updated_at`) VALUES (72, 'Jaqueline', 'Ziemann', 'bernardo82@example.com', '910.682.0669x26', 'ff9d334f72287d5', '1980-01-03 15:37:52', '2008-03-05 11:47:47');
INSERT INTO `users` (`id`, `first_name`, `last_name`, `email`, `phone`, `password`, `created_at`, `updated_at`) VALUES (73, 'Kylie', 'Shanahan', 'lexi01@example.org', '743.999.0368x32', 'c276ebc9858bb4e', '2012-04-09 03:58:50', '1977-11-19 09:50:18');
INSERT INTO `users` (`id`, `first_name`, `last_name`, `email`, `phone`, `password`, `created_at`, `updated_at`) VALUES (74, 'Jarod', 'Wyman', 'abbigail11@example.net', '+84(1)851903095', '1bbdc31de44ca39', '1977-02-06 00:42:01', '1991-12-13 20:55:32');
INSERT INTO `users` (`id`, `first_name`, `last_name`, `email`, `phone`, `password`, `created_at`, `updated_at`) VALUES (75, 'Alvina', 'Wiza', 'carlee07@example.org', '836-571-4116', '6ea3dd011eb1aaa', '1986-06-16 12:18:49', '1993-07-15 17:03:07');
INSERT INTO `users` (`id`, `first_name`, `last_name`, `email`, `phone`, `password`, `created_at`, `updated_at`) VALUES (76, 'Murray', 'Haag', 'rath.mya@example.org', '702.626.1320x05', '8a2fd723f9819a9', '1993-07-06 00:56:56', '2018-09-23 16:16:42');
INSERT INTO `users` (`id`, `first_name`, `last_name`, `email`, `phone`, `password`, `created_at`, `updated_at`) VALUES (77, 'Jaren', 'Howe', 'reagan71@example.com', '(200)502-7371x7', '83683087ad2fcf6', '2018-11-08 13:14:22', '1974-10-17 16:13:07');
INSERT INTO `users` (`id`, `first_name`, `last_name`, `email`, `phone`, `password`, `created_at`, `updated_at`) VALUES (78, 'Micah', 'Leffler', 'daron.mertz@example.com', '630-508-4788x19', 'ed9e7f0d25de6c7', '1970-10-30 18:51:24', '2018-10-04 23:44:14');
INSERT INTO `users` (`id`, `first_name`, `last_name`, `email`, `phone`, `password`, `created_at`, `updated_at`) VALUES (79, 'Nickolas', 'Dietrich', 'freilly@example.net', '(424)839-3225x1', '4873d652ca69037', '2012-01-24 18:02:40', '1998-12-22 12:38:47');
INSERT INTO `users` (`id`, `first_name`, `last_name`, `email`, `phone`, `password`, `created_at`, `updated_at`) VALUES (80, 'Laurel', 'Morar', 'rath.ramon@example.net', '193-989-5435x24', 'eb3d28f7890130d', '1982-11-27 09:07:10', '2011-09-18 07:10:37');
INSERT INTO `users` (`id`, `first_name`, `last_name`, `email`, `phone`, `password`, `created_at`, `updated_at`) VALUES (81, 'Ralph', 'Torp', 'oortiz@example.org', '1-194-978-0646', 'c469443d05f44fc', '1989-12-03 19:31:10', '2017-02-24 20:59:16');
INSERT INTO `users` (`id`, `first_name`, `last_name`, `email`, `phone`, `password`, `created_at`, `updated_at`) VALUES (82, 'Leland', 'Keeling', 'hcrooks@example.com', '003.271.6724x99', 'b33250130c18b11', '1998-06-05 05:19:40', '2001-04-23 22:21:34');
INSERT INTO `users` (`id`, `first_name`, `last_name`, `email`, `phone`, `password`, `created_at`, `updated_at`) VALUES (83, 'Brenna', 'Weissnat', 'wava.reichert@example.net', '539.883.1677x99', '8a8d80aaab5872d', '2012-10-14 05:18:29', '2010-10-08 02:46:51');
INSERT INTO `users` (`id`, `first_name`, `last_name`, `email`, `phone`, `password`, `created_at`, `updated_at`) VALUES (84, 'Skyla', 'Murazik', 'lakin.lambert@example.net', '05851070085', '225cd1e9e1c9c56', '1996-05-07 19:16:19', '1997-09-24 17:30:04');
INSERT INTO `users` (`id`, `first_name`, `last_name`, `email`, `phone`, `password`, `created_at`, `updated_at`) VALUES (85, 'Giovanny', 'Gleichner', 'aurelie37@example.com', '(166)359-7291x5', '2394e7454257e93', '2015-09-17 17:50:36', '1972-04-02 18:07:44');
INSERT INTO `users` (`id`, `first_name`, `last_name`, `email`, `phone`, `password`, `created_at`, `updated_at`) VALUES (86, 'Pedro', 'Schamberger', 'twilliamson@example.org', '520-438-8389x67', 'a7519fa4bc2438a', '2014-10-25 19:33:55', '1971-11-08 23:53:45');
INSERT INTO `users` (`id`, `first_name`, `last_name`, `email`, `phone`, `password`, `created_at`, `updated_at`) VALUES (87, 'Gino', 'Kutch', 'rmills@example.net', '(732)751-9713', '67ac59051c6b28f', '2015-09-13 16:27:17', '1997-10-09 09:11:31');
INSERT INTO `users` (`id`, `first_name`, `last_name`, `email`, `phone`, `password`, `created_at`, `updated_at`) VALUES (88, 'Mariana', 'Adams', 'leon82@example.org', '935-274-8180x57', '98d8f9e98c669e6', '1985-12-24 20:11:41', '1988-03-13 13:37:04');
INSERT INTO `users` (`id`, `first_name`, `last_name`, `email`, `phone`, `password`, `created_at`, `updated_at`) VALUES (89, 'Reece', 'Hettinger', 'thad.kertzmann@example.com', '08322739352', 'cb8fe736567a930', '1978-01-24 23:03:05', '1976-06-29 13:56:02');
INSERT INTO `users` (`id`, `first_name`, `last_name`, `email`, `phone`, `password`, `created_at`, `updated_at`) VALUES (90, 'Bertha', 'Balistreri', 'nadia59@example.com', '1-140-593-1941x', 'ce4c1fc3323e2a2', '1991-04-17 12:31:46', '2015-05-05 02:34:28');
INSERT INTO `users` (`id`, `first_name`, `last_name`, `email`, `phone`, `password`, `created_at`, `updated_at`) VALUES (91, 'Marina', 'Stehr', 'mzieme@example.org', '(813)484-7855', '9220fa6b425f2a0', '2017-07-19 06:36:43', '2001-09-14 23:08:30');
INSERT INTO `users` (`id`, `first_name`, `last_name`, `email`, `phone`, `password`, `created_at`, `updated_at`) VALUES (92, 'Johathan', 'Hayes', 'derrick52@example.com', '431-504-4213x14', 'daf858c99fceb6a', '1972-07-07 17:04:48', '1996-07-20 15:40:58');
INSERT INTO `users` (`id`, `first_name`, `last_name`, `email`, `phone`, `password`, `created_at`, `updated_at`) VALUES (93, 'Carlie', 'Ledner', 'cullen.borer@example.com', '1-160-278-5069x', '4119939074d6558', '2008-07-25 23:27:43', '2019-03-03 05:42:55');
INSERT INTO `users` (`id`, `first_name`, `last_name`, `email`, `phone`, `password`, `created_at`, `updated_at`) VALUES (94, 'Modesta', 'Lubowitz', 'lucio40@example.org', '+12(7)106383323', '555a76efafc7371', '1983-01-05 10:01:28', '1996-12-10 07:29:47');
INSERT INTO `users` (`id`, `first_name`, `last_name`, `email`, `phone`, `password`, `created_at`, `updated_at`) VALUES (95, 'Santa', 'Predovic', 'triston.brekke@example.com', '1-167-923-2917x', '631fec82c207474', '1984-05-07 06:30:20', '1988-07-11 17:28:40');
INSERT INTO `users` (`id`, `first_name`, `last_name`, `email`, `phone`, `password`, `created_at`, `updated_at`) VALUES (96, 'Ladarius', 'Lockman', 'gbarton@example.com', '(147)155-4052x6', '5c689ecce6c1dc5', '1988-02-20 21:01:25', '2015-03-11 17:08:43');
INSERT INTO `users` (`id`, `first_name`, `last_name`, `email`, `phone`, `password`, `created_at`, `updated_at`) VALUES (97, 'Dustin', 'Swaniawski', 'jarret46@example.net', '1-255-285-1086x', '2c418c0872e5f43', '1991-11-16 02:23:14', '2002-03-17 16:32:55');
INSERT INTO `users` (`id`, `first_name`, `last_name`, `email`, `phone`, `password`, `created_at`, `updated_at`) VALUES (98, 'Danny', 'Schroeder', 'angelina41@example.org', '1-589-574-9077x', 'f47e783ab24075e', '2006-03-01 07:06:14', '1978-02-10 00:49:15');
INSERT INTO `users` (`id`, `first_name`, `last_name`, `email`, `phone`, `password`, `created_at`, `updated_at`) VALUES (99, 'Evalyn', 'Wisoky', 'swuckert@example.org', '582.587.4953x22', '9bcc0e0b63896ea', '1992-08-05 01:23:37', '2006-09-12 05:12:20');
INSERT INTO `users` (`id`, `first_name`, `last_name`, `email`, `phone`, `password`, `created_at`, `updated_at`) VALUES (100, 'Elinore', 'McLaughlin', 'xhilpert@example.com', '(105)556-1064', '934490ac1adec1a', '1988-02-08 15:59:14', '1993-03-08 11:51:10');


