-- MySQL dump 10.13  Distrib 8.0.18, for Win64 (x86_64)
--
-- Host: localhost    Database: vk
-- ------------------------------------------------------
-- Server version	8.0.18

/*!40101 SET @OLD_CHARACTER_SET_CLIENT=@@CHARACTER_SET_CLIENT */;
/*!40101 SET @OLD_CHARACTER_SET_RESULTS=@@CHARACTER_SET_RESULTS */;
/*!40101 SET @OLD_COLLATION_CONNECTION=@@COLLATION_CONNECTION */;
/*!50503 SET NAMES utf8mb4 */;
/*!40103 SET @OLD_TIME_ZONE=@@TIME_ZONE */;
/*!40103 SET TIME_ZONE='+00:00' */;
/*!40014 SET @OLD_UNIQUE_CHECKS=@@UNIQUE_CHECKS, UNIQUE_CHECKS=0 */;
/*!40014 SET @OLD_FOREIGN_KEY_CHECKS=@@FOREIGN_KEY_CHECKS, FOREIGN_KEY_CHECKS=0 */;
/*!40101 SET @OLD_SQL_MODE=@@SQL_MODE, SQL_MODE='NO_AUTO_VALUE_ON_ZERO' */;
/*!40111 SET @OLD_SQL_NOTES=@@SQL_NOTES, SQL_NOTES=0 */;

--
-- Table structure for table `communities`
--

DROP TABLE IF EXISTS `communities`;
/*!40101 SET @saved_cs_client     = @@character_set_client */;
/*!50503 SET character_set_client = utf8mb4 */;
CREATE TABLE `communities` (
  `id` int(10) unsigned NOT NULL AUTO_INCREMENT,
  `name` varchar(150) CHARACTER SET utf8 COLLATE utf8_unicode_ci NOT NULL,
  PRIMARY KEY (`id`),
  UNIQUE KEY `name` (`name`)
) ENGINE=InnoDB AUTO_INCREMENT=101 DEFAULT CHARSET=utf8 COLLATE=utf8_unicode_ci;
/*!40101 SET character_set_client = @saved_cs_client */;

--
-- Dumping data for table `communities`
--

LOCK TABLES `communities` WRITE;
/*!40000 ALTER TABLE `communities` DISABLE KEYS */;
INSERT INTO `communities` VALUES (6,'adipisci'),(10,'atque'),(5,'aut'),(7,'consequatur'),(15,'consequuntur'),(8,'delectus'),(3,'doloribus'),(19,'esse'),(16,'eum'),(20,'laboriosam'),(12,'omnis'),(17,'optio'),(9,'quas'),(13,'qui'),(1,'quo'),(4,'repudiandae'),(11,'sapiente'),(18,'sed'),(2,'sint'),(14,'sit');
/*!40000 ALTER TABLE `communities` ENABLE KEYS */;
UNLOCK TABLES;

--
-- Table structure for table `communities_users`
--

DROP TABLE IF EXISTS `communities_users`;
/*!40101 SET @saved_cs_client     = @@character_set_client */;
/*!50503 SET character_set_client = utf8mb4 */;
CREATE TABLE `communities_users` (
  `community_id` int(10) unsigned NOT NULL,
  `user_id` int(10) unsigned NOT NULL,
  PRIMARY KEY (`community_id`,`user_id`)
) ENGINE=InnoDB DEFAULT CHARSET=utf8 COLLATE=utf8_unicode_ci;
/*!40101 SET character_set_client = @saved_cs_client */;

--
-- Dumping data for table `communities_users`
--

LOCK TABLES `communities_users` WRITE;
/*!40000 ALTER TABLE `communities_users` DISABLE KEYS */;
INSERT INTO `communities_users` VALUES (1,24),(1,74),(1,79),(2,2),(2,24),(2,26),(2,28),(2,62),(2,78),(2,81),(2,84),(3,13),(3,15),(3,37),(3,44),(3,45),(3,54),(3,62),(3,63),(3,75),(3,77),(4,14),(4,73),(4,74),(5,50),(5,86),(5,96),(6,22),(6,65),(6,73),(6,83),(6,90),(6,92),(7,2),(7,40),(7,49),(7,64),(8,41),(8,43),(8,84),(8,97),(9,17),(9,33),(10,25),(10,32),(10,44),(10,56),(10,91),(11,7),(11,8),(11,16),(11,25),(11,86),(12,5),(12,25),(12,35),(12,38),(12,41),(12,47),(12,53),(12,61),(12,74),(13,4),(13,27),(13,48),(13,50),(14,24),(14,58),(15,6),(15,18),(15,56),(15,82),(15,98),(16,18),(16,23),(16,48),(16,62),(16,71),(16,95),(16,96),(17,17),(17,31),(17,57),(17,73),(17,74),(17,87),(18,58),(18,64),(18,85),(18,86),(19,4),(19,6),(19,15),(19,17),(19,39),(19,52),(19,67),(20,48),(20,58),(20,75);
/*!40000 ALTER TABLE `communities_users` ENABLE KEYS */;
UNLOCK TABLES;

--
-- Table structure for table `family_statuses`
--

DROP TABLE IF EXISTS `family_statuses`;
/*!40101 SET @saved_cs_client     = @@character_set_client */;
/*!50503 SET character_set_client = utf8mb4 */;
CREATE TABLE `family_statuses` (
  `id` int(10) unsigned NOT NULL AUTO_INCREMENT,
  `name` varchar(50) NOT NULL,
  PRIMARY KEY (`id`),
  UNIQUE KEY `name` (`name`)
) ENGINE=InnoDB AUTO_INCREMENT=3 DEFAULT CHARSET=utf8mb4 COLLATE=utf8mb4_0900_ai_ci;
/*!40101 SET character_set_client = @saved_cs_client */;

--
-- Dumping data for table `family_statuses`
--

LOCK TABLES `family_statuses` WRITE;
/*!40000 ALTER TABLE `family_statuses` DISABLE KEYS */;
INSERT INTO `family_statuses` VALUES (2,'Married'),(1,'Single');
/*!40000 ALTER TABLE `family_statuses` ENABLE KEYS */;
UNLOCK TABLES;

--
-- Table structure for table `friendship`
--

DROP TABLE IF EXISTS `friendship`;
/*!40101 SET @saved_cs_client     = @@character_set_client */;
/*!50503 SET character_set_client = utf8mb4 */;
CREATE TABLE `friendship` (
  `user_id` int(10) unsigned NOT NULL,
  `friend_id` int(10) unsigned NOT NULL,
  `status_id` int(10) unsigned NOT NULL,
  `requested_at` datetime DEFAULT CURRENT_TIMESTAMP,
  `confirmed_at` datetime DEFAULT NULL,
  PRIMARY KEY (`user_id`,`friend_id`)
) ENGINE=InnoDB DEFAULT CHARSET=utf8 COLLATE=utf8_unicode_ci;
/*!40101 SET character_set_client = @saved_cs_client */;

--
-- Dumping data for table `friendship`
--

LOCK TABLES `friendship` WRITE;
/*!40000 ALTER TABLE `friendship` DISABLE KEYS */;
INSERT INTO `friendship` VALUES (1,81,1,'1986-06-21 14:16:35','2003-05-19 22:37:30'),(2,93,2,'1979-02-15 08:10:28','2006-11-18 14:25:26'),(3,69,1,'2011-04-06 00:38:58','1995-05-15 07:03:21'),(7,30,1,'2015-04-11 02:45:11','1987-09-24 15:57:20'),(8,29,3,'1996-05-06 14:52:56','1999-07-08 11:05:14'),(8,89,3,'1971-10-14 08:19:12','1973-07-18 22:20:58'),(8,97,1,'1988-08-23 18:11:00','2004-01-15 23:57:08'),(9,30,2,'1974-02-16 05:48:17','1985-01-30 09:11:50'),(9,50,2,'1997-07-27 11:23:08','1975-10-16 15:46:33'),(9,68,2,'1985-10-12 21:22:13','1974-02-17 09:47:25'),(11,70,3,'1985-07-12 08:28:57','1986-06-28 14:41:31'),(12,15,1,'1997-07-18 10:19:14','1996-04-23 09:36:38'),(14,66,2,'1990-09-29 13:55:49','1970-08-03 01:30:40'),(15,9,3,'1987-02-21 14:43:17','2004-01-30 04:18:54'),(15,45,2,'2006-10-01 16:48:38','1996-01-02 12:36:15'),(15,66,2,'1976-12-27 09:30:11','2019-08-16 15:41:39'),(18,8,1,'1981-11-20 11:28:19','1982-07-02 19:28:15'),(19,40,2,'1970-03-15 21:53:09','1972-05-06 00:43:33'),(21,15,3,'1979-05-17 04:47:37','1983-05-20 03:21:15'),(21,56,3,'1989-03-14 22:57:43','1974-01-03 23:45:30'),(21,70,2,'1978-11-16 07:51:47','1971-03-19 03:55:06'),(21,73,3,'1998-03-16 11:06:36','1978-01-24 14:09:47'),(21,95,3,'1982-11-05 23:05:47','1977-07-21 16:50:55'),(22,24,2,'2010-12-31 07:49:27','2000-02-19 20:51:50'),(23,41,2,'1997-02-15 11:27:04','1976-10-26 15:50:56'),(23,45,2,'1975-07-12 01:21:50','2000-04-18 01:49:21'),(24,75,3,'1991-10-31 09:46:48','1988-06-22 12:51:20'),(27,81,3,'2002-12-25 01:20:16','1999-08-04 08:34:24'),(27,96,1,'1995-03-15 13:05:12','1984-07-02 15:13:15'),(28,24,1,'1975-02-12 06:54:20','1994-06-20 08:41:31'),(29,52,1,'2005-07-31 18:30:09','1976-11-09 00:04:06'),(30,35,2,'1974-08-23 17:22:41','1971-12-21 23:57:13'),(32,51,1,'1995-01-13 17:32:42','1982-06-05 19:15:45'),(32,85,1,'1984-03-29 22:16:28','2013-10-23 05:08:08'),(34,1,2,'1988-10-27 16:12:32','1993-01-01 12:22:43'),(36,71,1,'1994-12-01 03:57:34','1970-02-02 22:54:36'),(37,42,3,'2015-06-11 17:09:11','1998-03-04 18:22:51'),(37,81,2,'1976-01-02 03:37:46','1998-03-03 13:16:38'),(38,82,1,'1984-08-20 12:57:46','1974-11-04 02:45:12'),(39,2,2,'2014-11-15 05:49:37','2001-05-05 11:21:51'),(39,31,2,'2014-01-22 11:20:30','2003-05-27 21:47:53'),(39,70,2,'1992-04-09 08:43:48','1980-02-21 11:27:28'),(42,92,1,'1999-01-22 06:26:04','1994-07-25 09:13:01'),(44,20,3,'1999-12-28 01:20:06','1989-07-30 17:38:56'),(44,99,3,'2010-04-30 21:26:03','2012-08-28 14:43:32'),(45,11,1,'2011-06-03 08:43:40','1970-10-24 07:26:26'),(47,88,3,'2013-05-26 04:32:01','1979-11-30 04:34:31'),(49,5,3,'1986-01-19 01:32:25','1992-05-12 13:39:00'),(49,31,1,'2015-04-20 21:32:22','1983-02-08 17:01:04'),(50,5,2,'1998-02-15 13:51:39','1999-09-13 00:10:58'),(51,82,1,'1976-12-11 21:07:31','1980-02-25 16:58:56'),(52,100,2,'1980-06-16 02:30:43','2003-03-25 19:19:18'),(55,39,2,'1984-10-13 22:20:01','1978-07-22 10:41:59'),(55,82,3,'1992-05-01 18:36:49','1998-05-07 15:33:40'),(56,1,2,'2005-01-18 01:10:17','1981-10-19 18:23:02'),(56,35,3,'1997-10-28 20:03:14','1989-02-09 19:39:58'),(56,88,3,'1985-12-18 07:40:33','2002-04-21 08:44:26'),(56,90,2,'1990-12-23 01:40:13','2017-05-21 02:51:29'),(58,36,2,'1989-04-16 14:15:59','2005-07-02 00:09:45'),(59,5,2,'2004-03-15 14:00:40','1977-01-12 18:51:43'),(60,46,2,'1990-10-14 23:08:56','1983-12-18 14:09:14'),(62,12,3,'1996-01-06 18:25:01','1993-06-10 07:21:02'),(66,78,3,'1974-08-06 21:24:11','1977-10-04 14:06:46'),(69,81,3,'1980-03-24 14:41:29','2006-02-21 10:46:41'),(69,83,3,'1991-06-07 03:12:46','1995-06-18 01:17:01'),(72,5,2,'1973-03-18 02:18:38','1996-04-15 17:13:04'),(72,17,2,'2013-02-22 02:52:20','1974-02-21 05:16:41'),(72,25,3,'1990-07-31 01:15:25','1998-11-13 10:40:08'),(74,73,1,'1993-08-28 12:01:11','1993-07-11 10:56:10'),(76,64,2,'2019-09-24 14:09:01','1997-04-04 20:24:11'),(76,97,3,'1992-06-19 00:47:02','1987-03-19 19:28:38'),(78,75,2,'1998-03-08 03:48:08','1993-05-04 21:23:29'),(79,25,1,'2007-07-21 23:59:06','1994-12-27 16:06:47'),(79,35,1,'2015-08-11 15:16:00','2013-08-04 05:20:08'),(80,66,2,'2002-10-22 18:56:18','1977-09-02 12:51:40'),(82,20,1,'2001-12-14 00:28:55','2001-05-05 01:12:02'),(83,8,3,'2008-04-28 17:41:15','1982-01-08 16:05:02'),(86,30,2,'2011-04-15 08:01:35','1973-07-30 16:54:49'),(87,37,3,'2005-02-25 15:54:13','2007-12-26 22:30:19'),(88,15,3,'1996-10-27 05:46:50','1988-01-01 09:01:46'),(88,28,2,'1974-03-26 05:06:18','1975-04-25 01:36:43'),(88,64,3,'2014-03-01 23:25:53','2005-01-10 04:12:25'),(89,21,3,'1983-10-13 05:17:00','2014-02-17 15:18:09'),(89,58,2,'1978-04-11 22:18:42','1999-04-18 01:22:43'),(89,76,1,'2010-06-06 11:15:33','2001-08-05 17:36:51'),(90,18,3,'2013-04-19 09:06:41','2002-03-13 20:32:23'),(90,48,1,'2001-01-05 02:33:48','1997-11-10 16:39:02'),(92,34,3,'1997-09-14 23:38:10','1992-03-19 15:37:15'),(94,60,2,'1992-06-20 17:36:22','1991-03-27 05:06:11'),(94,74,3,'1989-01-28 12:25:13','2008-06-17 02:41:02'),(95,32,2,'1998-10-05 13:22:47','1985-10-08 18:04:41'),(96,47,3,'1977-05-13 19:15:18','2016-11-14 03:24:47'),(96,53,3,'1991-11-01 19:59:17','2015-07-27 03:55:40'),(96,56,1,'1976-10-01 05:19:03','2005-11-10 13:01:40'),(96,77,3,'1981-02-01 22:14:06','2017-11-19 11:57:28'),(98,43,2,'2017-01-05 16:03:38','2011-07-03 10:01:42'),(99,5,1,'2002-01-13 05:38:33','1974-08-07 06:34:00'),(99,31,1,'2017-10-24 10:00:26','2012-10-02 04:46:46'),(99,52,2,'1990-07-22 08:55:43','1976-09-30 08:54:30'),(100,96,3,'1971-12-08 23:29:57','1988-03-10 21:54:08');
/*!40000 ALTER TABLE `friendship` ENABLE KEYS */;
UNLOCK TABLES;

--
-- Table structure for table `friendship_statuses`
--

DROP TABLE IF EXISTS `friendship_statuses`;
/*!40101 SET @saved_cs_client     = @@character_set_client */;
/*!50503 SET character_set_client = utf8mb4 */;
CREATE TABLE `friendship_statuses` (
  `id` int(10) unsigned NOT NULL AUTO_INCREMENT,
  `name` varchar(150) CHARACTER SET utf8 COLLATE utf8_unicode_ci NOT NULL,
  PRIMARY KEY (`id`),
  UNIQUE KEY `name` (`name`)
) ENGINE=InnoDB AUTO_INCREMENT=4 DEFAULT CHARSET=utf8 COLLATE=utf8_unicode_ci;
/*!40101 SET character_set_client = @saved_cs_client */;

--
-- Dumping data for table `friendship_statuses`
--

LOCK TABLES `friendship_statuses` WRITE;
/*!40000 ALTER TABLE `friendship_statuses` DISABLE KEYS */;
INSERT INTO `friendship_statuses` VALUES (2,'Confirmed'),(3,'Rejected'),(1,'Requested');
/*!40000 ALTER TABLE `friendship_statuses` ENABLE KEYS */;
UNLOCK TABLES;

--
-- Table structure for table `media`
--

DROP TABLE IF EXISTS `media`;
/*!40101 SET @saved_cs_client     = @@character_set_client */;
/*!50503 SET character_set_client = utf8mb4 */;
CREATE TABLE `media` (
  `id` int(10) unsigned NOT NULL AUTO_INCREMENT,
  `media_type_id` int(10) unsigned NOT NULL,
  `user_id` int(10) unsigned NOT NULL,
  `filename` varchar(255) CHARACTER SET utf8 COLLATE utf8_unicode_ci NOT NULL,
  `size` int(11) NOT NULL,
  `metadata` json DEFAULT NULL,
  `created_at` datetime DEFAULT CURRENT_TIMESTAMP,
  `updated_at` datetime DEFAULT CURRENT_TIMESTAMP ON UPDATE CURRENT_TIMESTAMP,
  PRIMARY KEY (`id`)
) ENGINE=InnoDB AUTO_INCREMENT=101 DEFAULT CHARSET=utf8 COLLATE=utf8_unicode_ci;
/*!40101 SET character_set_client = @saved_cs_client */;

--
-- Dumping data for table `media`
--

LOCK TABLES `media` WRITE;
/*!40000 ALTER TABLE `media` DISABLE KEYS */;
INSERT INTO `media` VALUES (1,3,46,'https://dropbox/vk/file_ea',960,'{\"owner\": \"Vida Thompson\"}','1994-09-18 17:27:31','2020-01-19 13:42:43'),(2,2,62,'https://dropbox/vk/file_porro',0,'{\"owner\": \"Easton Zboncak\"}','2012-09-12 05:58:41','2020-01-19 13:42:43'),(3,1,72,'https://dropbox/vk/file_sequi',71,'{\"owner\": \"Jaqueline Ziemann\"}','2001-01-04 20:16:28','2020-01-19 13:42:43'),(4,1,72,'https://dropbox/vk/file_qui',0,'{\"owner\": \"Jaqueline Ziemann\"}','1985-11-07 00:23:44','2020-01-19 13:42:43'),(5,2,45,'https://dropbox/vk/file_ipsum',8954870,'{\"owner\": \"Amina Corkery\"}','1984-08-13 10:58:05','2020-01-19 13:42:43'),(6,1,7,'https://dropbox/vk/file_impedit',4732454,'{\"owner\": \"Beverly Moore\"}','1987-11-01 07:19:57','2020-01-19 13:42:43'),(7,3,98,'https://dropbox/vk/file_mollitia',458438556,'{\"owner\": \"Danny Schroeder\"}','1993-11-14 05:04:20','2020-01-19 13:42:43'),(8,2,71,'https://dropbox/vk/file_autem',320717057,'{\"owner\": \"Rosemarie Bartoletti\"}','2017-07-06 16:29:32','2020-01-19 13:42:43'),(9,1,58,'https://dropbox/vk/file_soluta',4113981,'{\"owner\": \"Myra Wintheiser\"}','1990-01-28 03:55:12','2020-01-19 13:42:43'),(10,3,77,'https://dropbox/vk/file_fuga',3286,'{\"owner\": \"Jaren Howe\"}','1977-06-30 20:19:07','2020-01-19 13:42:43'),(11,1,9,'https://dropbox/vk/file_mollitia',97411509,'{\"owner\": \"Jazmyne Kilback\"}','2018-10-28 16:29:56','2020-01-19 13:42:43'),(12,2,15,'https://dropbox/vk/file_dolor',7436160,'{\"owner\": \"Nicole Raynor\"}','2019-04-06 21:56:52','2020-01-19 13:42:43'),(13,2,47,'https://dropbox/vk/file_et',73,'{\"owner\": \"Kenyon Bernier\"}','1995-08-10 17:27:04','2020-01-19 13:42:43'),(14,2,89,'https://dropbox/vk/file_beatae',5,'{\"owner\": \"Reece Hettinger\"}','2014-12-07 11:35:15','2020-01-19 13:42:43'),(15,1,5,'https://dropbox/vk/file_corrupti',2,'{\"owner\": \"Ollie Smitham\"}','1970-08-20 07:35:15','2020-01-19 13:42:43'),(16,2,57,'https://dropbox/vk/file_et',29264423,'{\"owner\": \"Catharine Weber\"}','2003-07-08 18:48:40','2020-01-19 13:42:43'),(17,1,68,'https://dropbox/vk/file_ut',0,'{\"owner\": \"Khalil Bernier\"}','2008-02-20 07:23:57','2020-01-19 13:42:43'),(18,2,69,'https://dropbox/vk/file_assumenda',198819771,'{\"owner\": \"Jailyn Jenkins\"}','1989-05-12 06:35:36','2020-01-19 13:42:43'),(19,2,43,'https://dropbox/vk/file_omnis',4,'{\"owner\": \"Lisa Roob\"}','1993-07-13 18:27:53','2020-01-19 13:42:43'),(20,2,5,'https://dropbox/vk/file_non',8934593,'{\"owner\": \"Ollie Smitham\"}','1997-10-03 14:40:07','2020-01-19 13:42:43'),(21,1,98,'https://dropbox/vk/file_aperiam',608741,'{\"owner\": \"Danny Schroeder\"}','1983-02-07 11:19:53','2020-01-19 13:42:43'),(22,3,74,'https://dropbox/vk/file_nihil',956,'{\"owner\": \"Jarod Wyman\"}','1994-09-03 00:08:59','2020-01-19 13:42:43'),(23,1,73,'https://dropbox/vk/file_molestias',759179,'{\"owner\": \"Kylie Shanahan\"}','2009-03-29 00:53:05','2020-01-19 13:42:43'),(24,1,46,'https://dropbox/vk/file_voluptas',927507162,'{\"owner\": \"Vida Thompson\"}','1989-07-22 13:08:24','2020-01-19 13:42:43'),(25,2,8,'https://dropbox/vk/file_ad',45743,'{\"owner\": \"Everette Feest\"}','1972-05-20 15:43:04','2020-01-19 13:42:43'),(26,2,3,'https://dropbox/vk/file_porro',2987139,'{\"owner\": \"Mozell Schmeler\"}','2014-12-09 08:51:45','2020-01-19 13:42:43'),(27,1,91,'https://dropbox/vk/file_voluptatum',0,'{\"owner\": \"Marina Stehr\"}','1991-05-19 16:25:50','2020-01-19 13:42:43'),(28,1,46,'https://dropbox/vk/file_suscipit',10359,'{\"owner\": \"Vida Thompson\"}','2001-10-12 15:38:01','2020-01-19 13:42:43'),(29,2,58,'https://dropbox/vk/file_quasi',25105098,'{\"owner\": \"Myra Wintheiser\"}','2020-01-08 22:09:50','2020-01-19 13:42:43'),(30,1,49,'https://dropbox/vk/file_explicabo',9333,'{\"owner\": \"Antonette Barrows\"}','1970-08-29 19:29:23','2020-01-19 13:42:43'),(31,2,69,'https://dropbox/vk/file_ipsa',4665,'{\"owner\": \"Jailyn Jenkins\"}','2004-03-12 19:01:34','2020-01-19 13:42:43'),(32,3,1,'https://dropbox/vk/file_omnis',6,'{\"owner\": \"Cecile Herzog\"}','1993-08-09 03:27:50','2020-01-19 13:42:43'),(33,1,96,'https://dropbox/vk/file_fugiat',8493583,'{\"owner\": \"Ladarius Lockman\"}','1990-02-01 07:26:30','2020-01-19 13:42:43'),(34,3,76,'https://dropbox/vk/file_tempore',135146,'{\"owner\": \"Murray Haag\"}','1990-05-26 03:32:27','2020-01-19 13:42:43'),(35,2,94,'https://dropbox/vk/file_eum',0,'{\"owner\": \"Modesta Lubowitz\"}','2012-07-21 06:19:05','2020-01-19 13:42:43'),(36,2,38,'https://dropbox/vk/file_nemo',22908,'{\"owner\": \"Meggie Schowalter\"}','1975-10-20 23:09:55','2020-01-19 13:42:43'),(37,2,10,'https://dropbox/vk/file_ipsa',283059961,'{\"owner\": \"Susana Lueilwitz\"}','1976-01-14 05:31:06','2020-01-19 13:42:43'),(38,2,35,'https://dropbox/vk/file_impedit',2942,'{\"owner\": \"Miguel Rosenbaum\"}','2011-05-30 04:25:37','2020-01-19 13:42:43'),(39,1,46,'https://dropbox/vk/file_est',6,'{\"owner\": \"Vida Thompson\"}','1980-04-07 19:06:09','2020-01-19 13:42:43'),(40,2,25,'https://dropbox/vk/file_iusto',0,'{\"owner\": \"Lorenza McGlynn\"}','1998-08-29 13:37:04','2020-01-19 13:42:43'),(41,3,85,'https://dropbox/vk/file_dolorum',283052,'{\"owner\": \"Giovanny Gleichner\"}','1975-09-01 22:01:27','2020-01-19 13:42:43'),(42,1,50,'https://dropbox/vk/file_sed',985411763,'{\"owner\": \"Freda Maggio\"}','1993-04-25 01:42:10','2020-01-19 13:42:43'),(43,3,92,'https://dropbox/vk/file_nobis',8378352,'{\"owner\": \"Johathan Hayes\"}','1999-08-03 01:05:13','2020-01-19 13:42:43'),(44,1,13,'https://dropbox/vk/file_sint',268668,'{\"owner\": \"Roslyn Halvorson\"}','1982-01-05 13:04:56','2020-01-19 13:42:43'),(45,3,86,'https://dropbox/vk/file_et',5482257,'{\"owner\": \"Pedro Schamberger\"}','1989-04-06 13:00:07','2020-01-19 13:42:43'),(46,3,92,'https://dropbox/vk/file_provident',394834223,'{\"owner\": \"Johathan Hayes\"}','1973-08-28 13:22:02','2020-01-19 13:42:43'),(47,1,2,'https://dropbox/vk/file_sit',6685005,'{\"owner\": \"Florencio Ullrich\"}','1997-08-20 14:50:41','2020-01-19 13:42:43'),(48,3,33,'https://dropbox/vk/file_eligendi',28688315,'{\"owner\": \"Dewayne Hagenes\"}','1980-04-19 05:36:32','2020-01-19 13:42:43'),(49,3,58,'https://dropbox/vk/file_qui',7894,'{\"owner\": \"Myra Wintheiser\"}','2001-03-19 11:57:26','2020-01-19 13:42:43'),(50,2,90,'https://dropbox/vk/file_qui',0,'{\"owner\": \"Bertha Balistreri\"}','2004-01-25 20:25:42','2020-01-19 13:42:43'),(51,2,77,'https://dropbox/vk/file_ut',1431,'{\"owner\": \"Jaren Howe\"}','1997-01-07 16:57:58','2020-01-19 13:42:43'),(52,2,13,'https://dropbox/vk/file_perspiciatis',65634,'{\"owner\": \"Roslyn Halvorson\"}','1975-02-13 03:51:55','2020-01-19 13:42:43'),(53,3,34,'https://dropbox/vk/file_vel',42576,'{\"owner\": \"Vada Daniel\"}','1972-11-14 00:50:07','2020-01-19 13:42:43'),(54,3,32,'https://dropbox/vk/file_eum',6512,'{\"owner\": \"Tania Dibbert\"}','2013-12-28 07:43:19','2020-01-19 13:42:43'),(55,1,58,'https://dropbox/vk/file_a',3666,'{\"owner\": \"Myra Wintheiser\"}','1985-08-30 16:59:51','2020-01-19 13:42:43'),(56,3,93,'https://dropbox/vk/file_consequuntur',9,'{\"owner\": \"Carlie Ledner\"}','2012-09-04 19:59:00','2020-01-19 13:42:43'),(57,1,90,'https://dropbox/vk/file_sed',8083,'{\"owner\": \"Bertha Balistreri\"}','1971-03-25 14:58:58','2020-01-19 13:42:43'),(58,1,72,'https://dropbox/vk/file_pariatur',777,'{\"owner\": \"Jaqueline Ziemann\"}','2017-07-14 03:55:00','2020-01-19 13:42:43'),(59,3,89,'https://dropbox/vk/file_placeat',471285,'{\"owner\": \"Reece Hettinger\"}','1985-07-24 05:30:31','2020-01-19 13:42:43'),(60,3,28,'https://dropbox/vk/file_voluptatum',248,'{\"owner\": \"Tamia Hartmann\"}','1984-08-29 23:10:21','2020-01-19 13:42:43'),(61,3,74,'https://dropbox/vk/file_repudiandae',126,'{\"owner\": \"Jarod Wyman\"}','1980-10-22 10:10:30','2020-01-19 13:42:43'),(62,2,85,'https://dropbox/vk/file_quibusdam',67869,'{\"owner\": \"Giovanny Gleichner\"}','1993-09-09 16:26:36','2020-01-19 13:42:43'),(63,2,2,'https://dropbox/vk/file_perspiciatis',6212,'{\"owner\": \"Florencio Ullrich\"}','2009-02-14 08:51:37','2020-01-19 13:42:43'),(64,2,53,'https://dropbox/vk/file_et',763315,'{\"owner\": \"Thelma Kohler\"}','1987-01-12 21:39:23','2020-01-19 13:42:43'),(65,2,60,'https://dropbox/vk/file_ut',4376126,'{\"owner\": \"Ernestina Walter\"}','2015-08-13 18:50:02','2020-01-19 13:42:43'),(66,2,42,'https://dropbox/vk/file_doloribus',8958,'{\"owner\": \"Ezequiel Hamill\"}','1970-02-08 16:24:42','2020-01-19 13:42:43'),(67,2,29,'https://dropbox/vk/file_sed',201294277,'{\"owner\": \"Tracy Shields\"}','1979-07-28 19:22:54','2020-01-19 13:42:43'),(68,1,18,'https://dropbox/vk/file_tenetur',727,'{\"owner\": \"Rahul Thiel\"}','1979-03-19 20:44:22','2020-01-19 13:42:43'),(69,1,3,'https://dropbox/vk/file_sit',61812420,'{\"owner\": \"Mozell Schmeler\"}','1973-10-23 21:38:47','2020-01-19 13:42:43'),(70,1,61,'https://dropbox/vk/file_iste',7287870,'{\"owner\": \"Miller Quitzon\"}','2018-08-09 13:55:09','2020-01-19 13:42:43'),(71,1,93,'https://dropbox/vk/file_et',407020503,'{\"owner\": \"Carlie Ledner\"}','2008-09-05 01:51:36','2020-01-19 13:42:43'),(72,2,83,'https://dropbox/vk/file_voluptas',15,'{\"owner\": \"Brenna Weissnat\"}','1992-10-27 21:18:57','2020-01-19 13:42:43'),(73,1,34,'https://dropbox/vk/file_ut',8706,'{\"owner\": \"Vada Daniel\"}','1982-03-14 09:09:11','2020-01-19 13:42:43'),(74,3,23,'https://dropbox/vk/file_qui',0,'{\"owner\": \"Kelvin Mueller\"}','1996-02-23 09:22:40','2020-01-19 13:42:43'),(75,1,11,'https://dropbox/vk/file_exercitationem',1,'{\"owner\": \"Ofelia Nikolaus\"}','1996-12-28 21:16:47','2020-01-19 13:42:43'),(76,1,87,'https://dropbox/vk/file_tempore',473597,'{\"owner\": \"Gino Kutch\"}','2004-09-08 11:25:34','2020-01-19 13:42:43'),(77,1,99,'https://dropbox/vk/file_explicabo',7,'{\"owner\": \"Evalyn Wisoky\"}','1997-04-12 12:10:10','2020-01-19 13:42:43'),(78,2,33,'https://dropbox/vk/file_aut',8850620,'{\"owner\": \"Dewayne Hagenes\"}','2016-10-29 17:38:44','2020-01-19 13:42:43'),(79,1,70,'https://dropbox/vk/file_occaecati',0,'{\"owner\": \"Obie Torphy\"}','1980-08-30 18:57:42','2020-01-19 13:42:43'),(80,2,51,'https://dropbox/vk/file_cumque',183636,'{\"owner\": \"Humberto Jast\"}','1998-05-22 20:04:29','2020-01-19 13:42:43'),(81,1,45,'https://dropbox/vk/file_quo',480342,'{\"owner\": \"Amina Corkery\"}','1991-12-13 22:33:24','2020-01-19 13:42:43'),(82,1,68,'https://dropbox/vk/file_saepe',352159,'{\"owner\": \"Khalil Bernier\"}','2008-03-20 21:09:47','2020-01-19 13:42:43'),(83,1,8,'https://dropbox/vk/file_expedita',0,'{\"owner\": \"Everette Feest\"}','1970-07-12 10:00:07','2020-01-19 13:42:43'),(84,1,35,'https://dropbox/vk/file_et',964,'{\"owner\": \"Miguel Rosenbaum\"}','1976-02-05 20:21:51','2020-01-19 13:42:43'),(85,1,50,'https://dropbox/vk/file_dolorem',1,'{\"owner\": \"Freda Maggio\"}','2016-07-12 00:02:15','2020-01-19 13:42:43'),(86,2,44,'https://dropbox/vk/file_debitis',50959,'{\"owner\": \"Patience Hilpert\"}','2009-06-07 13:51:49','2020-01-19 13:42:43'),(87,2,68,'https://dropbox/vk/file_exercitationem',5665,'{\"owner\": \"Khalil Bernier\"}','1982-01-27 20:20:15','2020-01-19 13:42:43'),(88,1,10,'https://dropbox/vk/file_vitae',5,'{\"owner\": \"Susana Lueilwitz\"}','2008-11-03 22:00:48','2020-01-19 13:42:43'),(89,2,44,'https://dropbox/vk/file_ut',2603921,'{\"owner\": \"Patience Hilpert\"}','2016-02-12 22:58:21','2020-01-19 13:42:43'),(90,1,90,'https://dropbox/vk/file_officiis',0,'{\"owner\": \"Bertha Balistreri\"}','1983-02-04 14:41:58','2020-01-19 13:42:43'),(91,3,18,'https://dropbox/vk/file_maiores',421179191,'{\"owner\": \"Rahul Thiel\"}','2006-04-30 13:00:59','2020-01-19 13:42:43'),(92,2,21,'https://dropbox/vk/file_inventore',34,'{\"owner\": \"Frances Marquardt\"}','2014-04-05 08:38:09','2020-01-19 13:42:43'),(93,1,47,'https://dropbox/vk/file_ullam',204286,'{\"owner\": \"Kenyon Bernier\"}','1997-02-13 06:53:37','2020-01-19 13:42:43'),(94,2,75,'https://dropbox/vk/file_est',16062989,'{\"owner\": \"Alvina Wiza\"}','1973-01-14 02:00:53','2020-01-19 13:42:43'),(95,2,30,'https://dropbox/vk/file_quam',64290745,'{\"owner\": \"Mellie Barrows\"}','1970-08-30 03:57:49','2020-01-19 13:42:43'),(96,2,27,'https://dropbox/vk/file_ea',913965498,'{\"owner\": \"Addie O\'Connell\"}','1981-12-20 03:54:50','2020-01-19 13:42:43'),(97,2,42,'https://dropbox/vk/file_ipsam',64451,'{\"owner\": \"Ezequiel Hamill\"}','2018-12-25 01:47:57','2020-01-19 13:42:43'),(98,3,31,'https://dropbox/vk/file_amet',44232348,'{\"owner\": \"Sharon Beatty\"}','1998-11-02 23:48:11','2020-01-19 13:42:43'),(99,1,27,'https://dropbox/vk/file_quia',936437729,'{\"owner\": \"Addie O\'Connell\"}','2005-10-25 04:17:09','2020-01-19 13:42:43'),(100,1,40,'https://dropbox/vk/file_inventore',4,'{\"owner\": \"Hilton Roberts\"}','1995-10-08 17:19:30','2020-01-19 13:42:43');
/*!40000 ALTER TABLE `media` ENABLE KEYS */;
UNLOCK TABLES;

--
-- Table structure for table `media_types`
--

DROP TABLE IF EXISTS `media_types`;
/*!40101 SET @saved_cs_client     = @@character_set_client */;
/*!50503 SET character_set_client = utf8mb4 */;
CREATE TABLE `media_types` (
  `id` int(10) unsigned NOT NULL AUTO_INCREMENT,
  `name` varchar(255) CHARACTER SET utf8 COLLATE utf8_unicode_ci NOT NULL,
  PRIMARY KEY (`id`),
  UNIQUE KEY `name` (`name`)
) ENGINE=InnoDB AUTO_INCREMENT=4 DEFAULT CHARSET=utf8 COLLATE=utf8_unicode_ci;
/*!40101 SET character_set_client = @saved_cs_client */;

--
-- Dumping data for table `media_types`
--

LOCK TABLES `media_types` WRITE;
/*!40000 ALTER TABLE `media_types` DISABLE KEYS */;
INSERT INTO `media_types` VALUES (3,'audio'),(1,'photo'),(2,'video');
/*!40000 ALTER TABLE `media_types` ENABLE KEYS */;
UNLOCK TABLES;

--
-- Table structure for table `messages`
--

DROP TABLE IF EXISTS `messages`;
/*!40101 SET @saved_cs_client     = @@character_set_client */;
/*!50503 SET character_set_client = utf8mb4 */;
CREATE TABLE `messages` (
  `id` int(10) unsigned NOT NULL AUTO_INCREMENT,
  `from_user_id` int(10) unsigned NOT NULL,
  `to_user_id` int(10) unsigned NOT NULL,
  `body` text CHARACTER SET utf8 COLLATE utf8_unicode_ci NOT NULL,
  `is_important` tinyint(1) DEFAULT NULL,
  `is_delivered` tinyint(1) DEFAULT NULL,
  `created_at` datetime DEFAULT CURRENT_TIMESTAMP,
  PRIMARY KEY (`id`)
) ENGINE=InnoDB AUTO_INCREMENT=101 DEFAULT CHARSET=utf8 COLLATE=utf8_unicode_ci;
/*!40101 SET character_set_client = @saved_cs_client */;

--
-- Dumping data for table `messages`
--

LOCK TABLES `messages` WRITE;
/*!40000 ALTER TABLE `messages` DISABLE KEYS */;
INSERT INTO `messages` VALUES (1,50,23,'Consequatur molestiae dolor voluptatem quod. Tempore eligendi commodi in ex molestias sed omnis. Aut explicabo et nihil. Perferendis ut voluptatum magnam ad enim.',0,0,'2016-07-26 16:47:09'),(2,67,64,'Qui iusto quia repellat ex. Molestiae quisquam ipsum nihil quo. Est sint consequuntur nihil velit fugit adipisci.',0,1,'1985-05-18 03:12:36'),(3,17,92,'Facere dicta in ducimus velit beatae. Quia omnis aut similique et.',1,0,'2017-10-10 11:25:27'),(4,11,80,'Dignissimos recusandae laudantium qui pariatur non. Veritatis porro provident a quod. Qui non numquam sed ab. Laborum tenetur dolorum est.',0,1,'2018-04-13 18:16:47'),(5,64,79,'Sed dicta maiores laboriosam aut ut expedita atque. Quam et id dolorum ratione dolor sint non culpa. Et sunt magni distinctio occaecati sint. Omnis maiores quam fugit saepe minima officiis expedita.',0,1,'1997-01-12 07:03:24'),(6,2,74,'Amet delectus totam consequatur velit perspiciatis est hic. Veritatis quas doloremque esse sit et debitis non. Dicta id ad et earum.',0,1,'1992-05-22 04:11:57'),(7,61,85,'Fugit et fuga ut atque et ipsa. Fuga nisi ea dolor fugit eligendi. Omnis dolores rerum quisquam unde sit ea est.',0,1,'1994-07-17 19:12:33'),(8,42,54,'Porro dolorem accusantium fugit eaque. Iste in est ad vel nulla debitis.',1,0,'2001-10-22 01:06:59'),(9,42,47,'Ullam quia iure facilis et velit ducimus. Ipsam ipsa error amet.',0,0,'1977-03-14 00:52:34'),(10,9,4,'Consequuntur aperiam qui et et asperiores praesentium. Voluptates recusandae rerum perferendis voluptates non quia at. Et natus qui iste sit. Quia voluptatem illum voluptas laboriosam.',1,0,'1972-09-13 07:20:25'),(11,92,48,'Ut sint libero animi sunt ratione dolores necessitatibus. Aliquid velit optio amet. Molestiae voluptatem sapiente officia eius. Quos cum rem dolorum suscipit impedit autem.',0,1,'1985-01-23 09:09:02'),(12,61,64,'Et inventore non nisi nihil et est. Quos magni necessitatibus sunt dolores. Voluptas earum nostrum eum sed ut occaecati.',1,1,'1986-11-10 10:05:15'),(13,35,84,'Facilis sed vero sit repellendus. Expedita temporibus voluptatem amet occaecati reiciendis. Ea ipsum et enim modi tenetur blanditiis qui.',0,0,'1991-02-20 23:28:54'),(14,13,15,'Officia esse aut fugit impedit dicta. Assumenda laborum ut consequatur eveniet ut. Ut molestiae nostrum aut eum quae.',1,1,'1988-04-29 09:14:29'),(15,33,20,'Aut asperiores natus tenetur voluptate omnis in fugit aut. Et et eum voluptatibus praesentium. Est enim quisquam magni rem eos minus consequatur. Corporis ut non qui ex ut accusantium.',0,1,'1986-01-14 00:16:11'),(16,100,41,'Neque et quas dicta ipsam sed omnis omnis cupiditate. Et rerum mollitia sint eos facilis iste ipsum. Harum non voluptatem distinctio voluptatem debitis quia accusamus cum. Ipsa distinctio fugit voluptas velit perspiciatis unde voluptatibus consequatur.',0,1,'2012-07-01 13:03:24'),(17,6,5,'Labore distinctio corrupti cum recusandae ducimus. Ullam est magnam voluptates eligendi qui accusantium. Sit repudiandae assumenda facilis repudiandae.',1,1,'1981-12-02 17:39:47'),(18,5,9,'Saepe non dicta similique sint. Est et animi culpa architecto. Consequatur tempore quasi quia fugiat voluptas exercitationem dolores dolore.',0,0,'2013-02-04 11:31:54'),(19,29,18,'Facere consequatur beatae ipsam exercitationem. Quasi molestiae itaque voluptatem dolores qui ea.',0,0,'1984-04-05 00:18:36'),(20,3,60,'Quia aliquid reprehenderit nisi totam. Et eveniet sint perferendis totam dolorem voluptatem et. Consequatur labore sunt qui et.',1,1,'2012-08-13 10:16:26'),(21,89,68,'Quas illum qui asperiores aspernatur. Magni nihil ipsum ipsum doloremque molestiae sit. Cumque consectetur voluptates occaecati libero.',0,1,'2015-09-13 06:52:06'),(22,70,45,'Impedit ipsam unde rerum quam. Ab optio nesciunt asperiores facilis. Facere molestias hic veniam porro et iure commodi. Rem non facilis rem quod dolorem et.',1,1,'1987-09-18 15:25:46'),(23,16,42,'Quisquam voluptas dolore ut. Vel doloremque sunt quasi et voluptas. Totam numquam dignissimos ipsa nisi quo numquam totam. Nobis pariatur labore recusandae blanditiis veritatis.',0,1,'1977-11-03 15:39:28'),(24,64,92,'Illo omnis voluptatem quia molestias debitis. Maiores aut ipsum laudantium deserunt voluptas soluta beatae. Velit ex inventore amet rerum. Sit eius adipisci consequatur.',1,1,'1999-03-07 03:20:32'),(25,68,64,'In voluptatem ad voluptatem qui. Magnam dolorem omnis quis velit ab omnis eius. Molestias mollitia recusandae et distinctio ullam ratione labore.',1,0,'2002-02-04 17:03:28'),(26,17,90,'Quas nobis consectetur sapiente earum. Vitae commodi rem a cupiditate sed eligendi. Totam aspernatur voluptas reprehenderit doloribus ad.',0,0,'2014-02-18 17:15:20'),(27,1,35,'Temporibus quo sint provident praesentium facilis eius. Nisi culpa eius et dolor facere. Impedit reiciendis inventore quod ipsum. Saepe asperiores occaecati aliquam ex perferendis.',1,1,'1978-10-07 11:54:51'),(28,72,55,'Eum et sunt ipsa excepturi eum. Ex ex enim maiores exercitationem et corrupti. Ullam fuga vel omnis dolorum provident consequatur. Quia optio excepturi quo sed ipsa. Beatae tenetur assumenda reiciendis sint voluptatem.',1,0,'1970-02-20 11:49:01'),(29,58,22,'Qui dicta maxime sit sit velit nostrum. Exercitationem eveniet ut consequuntur est. Sequi voluptatum aut dicta facere dolor et eaque.',1,0,'1984-12-20 05:48:55'),(30,38,22,'Aut quod ipsam quibusdam dolor veritatis. Inventore harum voluptas consectetur. Nobis iusto neque voluptatem ea nesciunt. Commodi quo error ea voluptas error rerum.',1,1,'2000-08-19 15:56:18'),(31,97,17,'Cum mollitia odit ex minus ipsam. Necessitatibus explicabo minus occaecati non. Voluptas harum et beatae enim. Culpa excepturi aut aut itaque.',0,1,'1984-10-27 11:02:49'),(32,92,10,'Et id omnis sed minus in. Eius quo voluptatem laudantium quis quia voluptas. Est rerum et amet eum atque.',1,0,'2010-08-28 00:42:49'),(33,75,42,'Voluptatem tenetur similique perferendis qui porro itaque itaque. Modi et dolorum necessitatibus rerum iste. Sunt dolores ea accusantium maxime atque.',0,0,'2000-01-14 19:45:07'),(34,86,4,'Expedita dolores odio minima sunt est. Omnis et culpa odio non. Eum itaque dolorum quasi sit natus. Laboriosam ullam repudiandae est voluptas odio.',1,1,'1975-02-04 04:00:23'),(35,61,93,'Et enim quam maxime explicabo. Provident quasi id enim consequatur sint illo sequi. Nemo repudiandae nemo rerum debitis. Ipsa dolor qui ut temporibus non. Eaque illo nulla expedita.',0,1,'1990-06-21 13:02:04'),(36,82,30,'Consequatur explicabo id unde quo ut hic. Molestias excepturi qui ullam nesciunt veritatis ut quidem. Dicta exercitationem est vitae tempora recusandae in. Quia voluptatibus nisi porro et similique.',0,1,'1974-03-07 17:06:25'),(37,2,21,'Ut eum sint delectus qui in nisi eveniet. Neque quia ea ipsa distinctio laboriosam. Aperiam et facilis culpa dignissimos.',0,1,'1971-12-24 04:35:09'),(38,98,25,'Molestiae et dolore velit suscipit est est earum. Doloribus natus qui at quam. Tempora nam aut corporis repellendus amet consequatur esse sit.',1,0,'2012-12-31 09:55:39'),(39,33,89,'Quia est corrupti iusto. Neque et tempora omnis libero ut et sunt. Consequatur totam saepe magnam qui. Neque voluptates et itaque impedit.',0,0,'1991-01-02 03:21:34'),(40,43,50,'Quia maiores tenetur maiores at voluptatem. Deleniti blanditiis dolores nihil nihil hic laudantium voluptatem. Distinctio non ut ducimus consequatur quidem.',1,0,'1987-03-06 18:34:59'),(41,20,47,'Iste voluptas beatae eum quo sit suscipit perspiciatis. Veniam minima error rem doloribus non. Corrupti eos temporibus corrupti temporibus. Vel ratione vitae minus dolor alias aut magni.',0,0,'1982-09-27 22:15:58'),(42,78,48,'Rerum magni delectus cum aliquam. Voluptates quia quaerat debitis eligendi. Id non expedita ullam molestiae laboriosam et. Animi autem eveniet iure cupiditate velit. Occaecati ut dolores quos aliquid autem cupiditate aut.',1,1,'1979-10-11 23:12:28'),(43,6,84,'Omnis et omnis placeat iure a illo. Enim sunt vel nam saepe nobis iste laboriosam. Cumque vitae in pariatur repellat soluta. Omnis rem libero consequatur quas magni.',0,1,'2009-09-10 02:16:56'),(44,3,61,'Voluptas optio aperiam voluptas. Sunt vel quidem illum. Fuga accusamus perferendis sed dolorum. Optio ullam hic omnis culpa minima repudiandae.',0,1,'1989-05-01 05:20:12'),(45,96,95,'Voluptatem illo laborum et molestiae nostrum. Est nihil consequatur quaerat aut. Voluptatum iure harum voluptatem ut culpa mollitia non. Autem cumque ea consequatur.',0,1,'2000-04-21 10:38:18'),(46,86,48,'Accusantium consequuntur consectetur nesciunt qui blanditiis. Est totam magni sit culpa possimus ut. Fuga vel esse rem.',1,0,'1986-02-18 18:58:01'),(47,78,46,'Libero exercitationem voluptate libero iure illum perspiciatis et ipsum. Iusto odio maxime laudantium asperiores earum repellendus. Modi quasi ea quidem minima. Deserunt ut eum omnis est libero officiis voluptatem.',0,1,'1974-07-17 11:04:48'),(48,95,36,'Aut ut non consequatur est in et. Totam quo sed itaque rem vel qui laborum. Molestiae sunt similique tenetur velit quos.',1,1,'2003-02-26 22:38:40'),(49,95,66,'Quia sit nihil necessitatibus. Quae excepturi consequatur tempore dignissimos. Ipsam dolorem in voluptatem totam est rerum unde.',1,1,'2018-09-30 10:59:42'),(50,46,29,'Non earum distinctio dolor laudantium a aut accusantium. Qui non maxime perferendis accusamus esse in magnam. Autem et quasi deserunt qui enim.',0,1,'2002-08-13 16:00:58'),(51,7,47,'Velit similique minima voluptatem labore quia repellendus repudiandae. Nobis quia labore ab aliquam et et corporis et. Et quia natus et similique deserunt ut odio. Quo aliquid corrupti odit impedit culpa.',0,0,'2016-10-09 01:50:54'),(52,16,35,'Tempore in culpa tempora eius ullam velit. Quia est consequatur eaque error. Similique et eligendi voluptates sed ab natus. Unde quidem earum autem et et blanditiis eius.',0,0,'1976-07-25 22:30:43'),(53,30,43,'Et labore illum et deserunt ipsam dignissimos vel. Nulla perferendis ratione ut sunt.',0,0,'1978-10-05 22:42:15'),(54,23,85,'Voluptatibus nisi architecto accusamus. Vitae et laborum voluptatum modi ut recusandae. Et enim mollitia dicta.',0,1,'1984-09-30 09:33:32'),(55,55,23,'Illo harum voluptatem delectus dolores aspernatur. Consequatur ab sequi ut et. Molestiae est tenetur velit dolores. Sapiente eos reiciendis nam.',0,1,'1998-02-26 18:40:37'),(56,47,64,'Et et eius tempora reiciendis. Temporibus et natus modi nemo nisi odio a. Iste laborum est saepe quos.',0,1,'1981-03-25 02:10:19'),(57,80,6,'Eos fugiat hic voluptas expedita voluptas architecto placeat. Molestiae deleniti dicta sapiente quos est. Sint eveniet sed quo ex dolore sapiente. Laudantium officia maxime alias et.',1,1,'1982-04-05 14:19:09'),(58,92,41,'Dolores molestias facere et inventore provident. Hic laborum iusto non omnis fugit aperiam vero sit. Laborum ex magni libero eligendi reprehenderit. Et sint et alias eum.',1,1,'1986-08-01 04:40:45'),(59,30,25,'Harum minus incidunt vitae velit. Quia repudiandae fugit vitae architecto eos veritatis aut laboriosam. Ut et et a qui eius nam atque aut.',1,1,'1976-02-02 09:52:32'),(60,33,91,'Fugit iure dolorum et eligendi officiis enim assumenda. Sit cumque adipisci dolorem at fugit. Consequuntur maiores sed quaerat. Sint odit sed necessitatibus quidem.',1,0,'2008-10-22 07:44:35'),(61,54,98,'In rerum iste asperiores. Facere sunt veniam esse dolorem quia. Quibusdam et vitae tenetur asperiores nobis. Et enim et quo molestias consequatur iure.',1,1,'2001-05-17 19:04:16'),(62,25,33,'Nemo illum veritatis esse est consectetur quas rerum. Nobis adipisci nostrum excepturi odio inventore. Harum autem eum ut facilis assumenda. Aut enim odio ullam quaerat quia corporis molestiae.',1,1,'2018-02-09 07:31:43'),(63,90,48,'Cupiditate autem et est at. Veritatis consequatur accusamus libero iusto qui maxime omnis. Exercitationem qui ut et mollitia nisi est delectus.',1,1,'1977-02-16 05:34:20'),(64,72,15,'Dolores voluptas ratione possimus. Ut necessitatibus voluptatem similique aperiam consequuntur est temporibus at. Id sit dignissimos sit nulla perferendis.',0,1,'1974-06-13 07:21:05'),(65,58,43,'Dignissimos atque et deleniti iste. Voluptas non reprehenderit enim voluptate incidunt sit beatae. Voluptas aut ut dolores quasi illum in.',1,1,'1990-08-30 04:15:24'),(66,41,74,'Laborum assumenda enim nihil provident consequatur aperiam architecto. Et nulla id ex vel sunt nulla adipisci dolor. Numquam eum error temporibus ipsum dolorum commodi. Quia consequatur amet aut aut et natus doloribus. Nobis consequatur in et voluptas in ducimus incidunt.',1,1,'1977-11-08 15:07:00'),(67,48,16,'Earum voluptas ut sed quam. Commodi est beatae est expedita quidem. Enim assumenda doloremque ut blanditiis accusamus odio. Molestiae expedita voluptatum quasi dignissimos fugit.',1,1,'1971-11-22 13:29:27'),(68,36,33,'Omnis alias veritatis eaque commodi voluptas. Est quo in vitae animi aperiam. Eos ut asperiores eos quam.',0,1,'1982-03-23 21:03:05'),(69,57,84,'Nam dolores itaque et omnis. Praesentium dicta sapiente doloribus non voluptatibus eligendi facilis totam. Molestiae aspernatur dolore aut nostrum quos.',0,0,'1998-02-08 21:22:42'),(70,50,96,'Qui delectus doloribus sit maxime aut debitis. Sit necessitatibus veritatis dolor alias quos blanditiis provident. Ipsam ut tempore et animi quo rerum.',1,0,'1973-06-06 09:31:33'),(71,28,53,'Ducimus excepturi molestias aut facere. Quia recusandae non sunt ad quasi vero. Delectus natus deserunt similique beatae. Ducimus modi eos architecto non omnis omnis accusantium ut.',1,0,'1997-03-18 09:46:46'),(72,81,47,'Nobis quia quos omnis deserunt voluptatem. Omnis saepe rerum beatae excepturi libero iste vel est. Rerum quis possimus voluptatem et maxime quo autem. Dolore voluptas maiores harum tempora et.',0,0,'2001-11-20 05:49:41'),(73,90,10,'Dolores fugit atque quis ut vel. Rem accusantium quisquam sed facere. Sunt sit quisquam voluptates dolorum. Quis nemo optio accusamus qui officia.',1,0,'2015-07-12 16:56:13'),(74,80,69,'Officia architecto voluptatem et dolores perferendis optio. Quia consequuntur aut nihil ratione assumenda. Veritatis harum amet minus aperiam dolor ut.',0,1,'2012-11-26 01:35:47'),(75,3,8,'Est porro voluptas quaerat qui cumque et enim. Quidem dicta ad ut officiis sit quia alias ad. Excepturi quae ipsum necessitatibus ipsam amet. Consequatur odio similique non facilis.',1,1,'1995-10-31 21:28:59'),(76,33,38,'Libero eos hic id. Omnis perferendis repellendus eum non veniam repellat quis. Alias quibusdam at non est reiciendis. Exercitationem perferendis perspiciatis id facilis ratione maiores et molestiae.',1,1,'2012-11-19 20:31:01'),(77,90,35,'Id molestias nostrum cum et. Ut quaerat nam neque aliquam doloribus harum. Deleniti molestiae quasi sequi quia laudantium voluptatem. Deserunt consequatur consectetur ipsum ullam assumenda rem sit.',0,0,'1971-12-24 14:21:59'),(78,7,30,'Nam a eum et. Sed exercitationem quos eos nulla asperiores cumque iste. Repellendus est sed a qui.',0,1,'2002-05-29 16:03:52'),(79,29,54,'Blanditiis exercitationem nulla dolor ipsum error soluta mollitia. Adipisci in eaque perferendis. Ipsam deserunt omnis ex adipisci voluptatem. Molestiae corrupti non in quibusdam numquam sequi.',1,1,'1999-01-12 11:58:28'),(80,82,46,'Maiores laudantium non est incidunt rem sint eius. Voluptates temporibus et accusamus neque modi exercitationem facilis. Similique sed debitis optio quia. Molestiae minima modi consequatur tempore quidem. Ut consequatur natus esse aut fugiat alias error aut.',0,1,'1971-12-12 00:22:39'),(81,82,75,'Qui voluptate natus aut est. Aut sit voluptatem praesentium non fugiat. Ratione et nesciunt ipsum temporibus. Voluptates qui inventore sequi porro labore veritatis.',0,0,'1985-11-22 00:45:14'),(82,28,15,'Nihil adipisci et expedita voluptatem. Voluptatum eius voluptatibus earum esse et aperiam odit. Fugiat quasi eveniet quia unde. Facilis omnis consequatur quae sit et et aut.',0,0,'1973-01-17 00:22:55'),(83,91,8,'Aut incidunt ipsam expedita rerum rerum. Corrupti quo id incidunt aliquam iste aut et et. Adipisci est at assumenda aut enim sit sunt.',0,0,'2012-06-08 04:31:30'),(84,69,18,'Unde velit omnis harum omnis vel. Sed eius at officiis et ut voluptatum fuga ipsum. Veritatis quod sed eum a. Ipsum et qui architecto qui.',0,1,'1983-11-10 08:31:18'),(85,83,61,'Aut qui vel voluptatum. Eos qui sequi expedita est repellendus accusantium unde. Perferendis nihil numquam praesentium tempore deleniti possimus mollitia. Numquam sit voluptate esse minus tenetur quod.',0,1,'1974-04-13 06:39:30'),(86,56,97,'Iste sequi ipsam dolor. Labore recusandae nesciunt qui repellendus odit rem. Sit ut soluta ipsam amet nihil. A eligendi expedita voluptatem impedit ea reprehenderit. Minima id fugiat magnam dignissimos.',1,0,'2005-07-05 06:09:46'),(87,16,87,'Impedit fugiat unde facere sunt rerum. Et suscipit facere id animi totam qui in ipsa. Libero veniam voluptatem nam omnis quis magnam ut eum.',0,0,'1990-05-11 12:54:03'),(88,88,77,'Molestias sint explicabo qui aut. Officiis fuga ratione facilis vero minus dignissimos. Rerum dicta dolorem tempora placeat voluptatem. Nisi ea aliquam ducimus recusandae quisquam tempora voluptas.',0,1,'2014-09-28 18:19:36'),(89,20,70,'Eligendi perspiciatis odio voluptate adipisci eveniet et eos. Et et omnis maxime nisi omnis illum et. Cum laudantium rerum aperiam quia. Minus non tempore quibusdam suscipit cupiditate quos soluta.',1,1,'1998-10-26 13:40:14'),(90,89,33,'Ex perspiciatis aut in voluptates labore perferendis quo. Ratione velit quas ut laudantium pariatur. Nesciunt eveniet quos nostrum molestiae provident velit.',0,0,'1995-11-07 07:39:22'),(91,98,93,'Nihil quo id voluptatem et ut veniam. Minima soluta voluptas ipsa veniam. Error quidem autem dolorem.',0,1,'1999-01-03 17:53:32'),(92,68,61,'Id dolor nostrum possimus eaque quia reprehenderit ipsum. Dolorem sint soluta est enim et qui libero. Sed vel temporibus facere est nam libero. Voluptas tempore corporis inventore voluptas quaerat.',0,1,'2008-12-17 19:42:42'),(93,99,13,'Dolor delectus consequatur laudantium dolorum cumque qui. Totam exercitationem consequatur iusto. Dolor sapiente autem ducimus cumque reiciendis.',0,0,'2008-02-24 06:09:30'),(94,68,2,'Quis ea velit omnis in magnam ut qui. Eos totam minima saepe eum rerum quos nisi. Voluptatem qui veniam reiciendis earum molestias et voluptatem illo.',0,0,'1983-08-08 04:40:59'),(95,3,10,'Deleniti distinctio sint est aut dolor placeat culpa. Delectus et ut aut aperiam expedita illo. Eum voluptatem temporibus non voluptas minima aspernatur. Cum rerum in eum. Sint rerum dolore nostrum dolore architecto perferendis.',0,0,'1990-09-28 01:39:12'),(96,41,73,'Excepturi amet voluptas iusto assumenda nihil. Suscipit nostrum rem sed ea aliquid rem explicabo. Soluta odit libero eaque quo temporibus.',0,1,'1976-05-01 08:04:05'),(97,40,84,'Aut suscipit nemo molestiae. In quo sit error accusantium aut sunt voluptatem optio. Sit possimus autem temporibus dolor illum non.',1,1,'2017-05-18 11:17:04'),(98,96,30,'Quo quas facilis consequatur incidunt esse. Non animi incidunt impedit repellat aut ratione. Vitae repellat dolor doloribus voluptatem unde quisquam omnis qui. Porro quis doloribus optio consequatur.',1,0,'1982-03-09 21:30:23'),(99,61,13,'Delectus itaque molestiae voluptates nam natus odio. Sapiente perspiciatis numquam quidem quaerat.',1,0,'1992-05-20 20:58:17'),(100,81,67,'Nam consectetur autem alias. Perferendis et nam in rem quis perspiciatis tempora. Est est necessitatibus et eaque. Repudiandae hic pariatur in eum.',1,0,'1990-07-22 22:30:03');
/*!40000 ALTER TABLE `messages` ENABLE KEYS */;
UNLOCK TABLES;

--
-- Table structure for table `profiles`
--

DROP TABLE IF EXISTS `profiles`;
/*!40101 SET @saved_cs_client     = @@character_set_client */;
/*!50503 SET character_set_client = utf8mb4 */;
CREATE TABLE `profiles` (
  `user_id` int(10) unsigned NOT NULL,
  `birthdate` date DEFAULT NULL,
  `sex` char(1) CHARACTER SET utf8 COLLATE utf8_unicode_ci NOT NULL,
  `hometown` varchar(100) CHARACTER SET utf8 COLLATE utf8_unicode_ci DEFAULT NULL,
  `family_status_id` int(10) unsigned DEFAULT NULL,
  `country` varchar(100) CHARACTER SET utf8 COLLATE utf8_unicode_ci DEFAULT NULL,
  `photo_id` int(10) unsigned DEFAULT NULL,
  `created_at` datetime DEFAULT CURRENT_TIMESTAMP,
  `updated_at` datetime DEFAULT CURRENT_TIMESTAMP ON UPDATE CURRENT_TIMESTAMP,
  PRIMARY KEY (`user_id`)
) ENGINE=InnoDB DEFAULT CHARSET=utf8 COLLATE=utf8_unicode_ci;
/*!40101 SET character_set_client = @saved_cs_client */;

--
-- Dumping data for table `profiles`
--

LOCK TABLES `profiles` WRITE;
/*!40000 ALTER TABLE `profiles` DISABLE KEYS */;
INSERT INTO `profiles` VALUES (1,'1975-03-06','f','Buckridgetown',1,'Azerbaijan',55,'1992-02-22 16:03:29','2020-01-19 13:49:21'),(2,'2011-09-05','f','South Freedashire',1,'Tonga',86,'1978-07-18 05:05:58','2020-01-19 13:49:21'),(3,'1994-03-09','f','Torpland',1,'Congo',61,'1982-10-01 08:23:40','2020-01-19 13:49:21'),(4,'2009-09-10','f','South Loy',2,'Nigeria',49,'2012-02-05 21:25:50','2020-01-19 13:49:21'),(5,'2006-10-20','f','New Lottie',1,'Rwanda',45,'2000-02-22 15:12:30','2020-01-19 13:49:21'),(6,'2015-09-23','f','Audieside',1,'Bolivia',55,'1980-12-15 04:38:53','2020-01-19 13:49:21'),(7,'2016-09-24','f','Rippinville',2,'Holy See (Vatican City State)',48,'1977-05-24 07:36:28','2020-01-19 13:49:21'),(8,'1984-11-26','f','Barrowsfurt',2,'Thailand',96,'2009-08-01 18:15:05','2020-01-19 13:49:21'),(9,'1982-12-19','m','West Markusborough',1,'Panama',96,'1982-08-29 01:56:23','2020-01-19 13:49:21'),(10,'1974-11-02','f','Rosaleeburgh',1,'India',21,'2003-08-13 13:22:31','2020-01-19 13:49:21'),(11,'1973-03-12','m','Port Edenland',1,'Norfolk Island',81,'1984-09-17 16:59:01','2020-01-19 13:49:21'),(12,'2008-01-05','f','Port Magdalenfort',1,'Thailand',18,'1974-03-20 11:36:35','2020-01-19 13:49:21'),(13,'1997-03-30','m','Bahringerside',1,'Equatorial Guinea',89,'1978-02-06 03:29:26','2020-01-19 13:49:21'),(14,'1992-12-19','f','Janniemouth',1,'Gambia',15,'1993-01-14 13:25:53','2020-01-19 13:49:21'),(15,'1971-08-24','f','Sallieberg',1,'Syrian Arab Republic',42,'1982-03-23 13:24:48','2020-01-19 13:49:21'),(16,'2009-05-30','f','Boehmside',1,'Liechtenstein',95,'1994-08-25 13:50:49','2020-01-19 13:49:21'),(17,'1972-05-03','m','Demetrisborough',1,'Brunei Darussalam',93,'2008-10-26 12:29:56','2020-01-19 13:49:21'),(18,'1988-09-05','f','Jastside',1,'Sao Tome and Principe',75,'1975-01-30 00:05:36','2020-01-19 13:49:21'),(19,'2019-12-12','f','Port Joyce',2,'Papua New Guinea',60,'1980-04-24 14:04:29','2020-01-19 13:49:21'),(20,'1975-02-09','m','Ilianamouth',2,'Finland',28,'1971-10-19 15:12:45','2020-01-19 13:49:21'),(21,'2009-04-14','m','Eliburgh',1,'Ghana',36,'2011-11-18 22:20:35','2020-01-19 13:49:21'),(22,'1989-04-13','m','West Lloyd',2,'San Marino',31,'2007-08-02 17:49:29','2020-01-19 13:49:21'),(23,'1999-04-24','m','East Reggiechester',2,'Moldova',49,'1996-06-11 00:59:44','2020-01-19 13:49:21'),(24,'1976-07-28','f','Norafort',1,'Algeria',25,'1988-04-23 23:11:54','2020-01-19 13:49:21'),(25,'1983-09-29','m','Satterfieldfort',2,'Ecuador',5,'1995-07-19 14:55:53','2020-01-19 13:49:21'),(26,'2014-03-30','m','North Thurman',1,'Brazil',36,'1973-02-11 10:20:45','2020-01-19 13:49:21'),(27,'1971-12-28','m','Port Rosarioland',2,'Georgia',47,'1990-04-05 08:05:53','2020-01-19 13:49:21'),(28,'1988-07-21','f','West Sterlingburgh',2,'Vietnam',47,'2004-05-25 18:55:13','2020-01-19 13:49:21'),(29,'2006-05-18','m','South Dixiefort',1,'Wallis and Futuna',99,'1978-10-21 16:40:36','2020-01-19 13:49:21'),(30,'1982-08-05','f','Mosciskimouth',2,'Philippines',67,'2018-02-15 19:37:49','2020-01-19 13:49:21'),(31,'1982-02-24','f','Thomaschester',1,'Holy See (Vatican City State)',96,'1992-03-27 03:35:03','2020-01-19 13:49:21'),(32,'1998-06-07','m','North Maegan',2,'Isle of Man',33,'1977-07-13 23:11:13','2020-01-19 13:49:21'),(33,'1972-03-01','m','Aliview',2,'Botswana',28,'1973-02-28 23:37:01','2020-01-19 13:49:21'),(34,'1996-11-26','m','Port Flavio',1,'Sudan',6,'1986-02-19 23:32:18','2020-01-19 13:49:21'),(35,'1993-12-09','f','Daphneberg',1,'Vanuatu',18,'2001-05-05 09:02:32','2020-01-19 13:49:21'),(36,'1978-05-09','m','Abshireside',2,'China',72,'1987-02-28 03:41:28','2020-01-19 13:49:21'),(37,'1971-10-02','m','Heaneyside',2,'China',26,'1973-10-24 03:43:41','2020-01-19 13:49:21'),(38,'1993-06-05','m','Watsicaview',2,'Saint Helena',6,'1979-09-05 22:11:48','2020-01-19 13:49:21'),(39,'1970-04-08','f','Goodwinfort',2,'Western Sahara',91,'1994-11-02 06:23:36','2020-01-19 13:49:21'),(40,'2002-01-16','f','Darronhaven',1,'Niger',9,'1990-09-22 00:19:35','2020-01-19 13:49:21'),(41,'1982-04-22','f','New Helenaport',1,'Ukraine',76,'1991-04-01 21:23:28','2020-01-19 13:49:21'),(42,'2006-06-20','m','Volkmanhaven',2,'Brazil',37,'2011-01-04 02:05:16','2020-01-19 13:49:21'),(43,'1974-01-15','m','Merlbury',1,'Bosnia and Herzegovina',76,'1982-10-06 15:33:38','2020-01-19 13:49:21'),(44,'1981-11-15','f','Danbury',2,'Kuwait',98,'1970-10-24 12:52:24','2020-01-19 13:49:21'),(45,'2008-05-09','f','New Alessiafurt',2,'Seychelles',14,'1995-04-23 10:30:35','2020-01-19 13:49:21'),(46,'2017-06-10','f','South Macieshire',1,'Afghanistan',22,'2017-07-14 18:51:33','2020-01-19 13:49:21'),(47,'2002-02-13','f','Jadynview',1,'Equatorial Guinea',36,'1996-06-12 22:18:44','2020-01-19 13:49:21'),(48,'1977-08-14','f','Hegmannberg',2,'Anguilla',83,'1998-12-11 04:05:27','2020-01-19 13:49:21'),(49,'1978-09-09','m','Lake Garettberg',1,'Myanmar',85,'2015-05-19 04:24:55','2020-01-19 13:49:21'),(50,'1977-09-02','m','West Donny',1,'Bolivia',6,'1986-06-11 13:03:39','2020-01-19 13:49:21'),(51,'2000-08-10','m','Jerrodville',1,'Ecuador',96,'2001-04-12 00:30:16','2020-01-19 13:49:21'),(52,'1989-04-12','f','Keiraburgh',1,'Italy',82,'2011-11-17 17:23:22','2020-01-19 13:49:21'),(53,'1990-08-08','f','Nienowhaven',1,'Tonga',99,'1986-09-08 15:49:17','2020-01-19 13:49:21'),(54,'1994-02-14','m','Kingview',1,'Cuba',90,'1975-06-17 03:38:04','2020-01-19 13:49:21'),(55,'2002-07-20','f','Rodriguezside',2,'Bahamas',6,'1978-09-11 22:35:30','2020-01-19 13:49:21'),(56,'2012-02-18','f','Bransonshire',2,'South Georgia and the South Sandwich Islands',99,'1989-09-30 05:22:23','2020-01-19 13:49:21'),(57,'2019-06-17','m','Mandyfort',2,'Netherlands',67,'1975-07-05 05:11:35','2020-01-19 13:49:21'),(58,'2010-03-17','m','New Susanshire',2,'Somalia',28,'1999-03-09 11:03:28','2020-01-19 13:49:21'),(59,'1987-09-09','m','Madelinehaven',2,'Myanmar',22,'1991-03-11 08:47:39','2020-01-19 13:49:21'),(60,'1985-02-15','f','Rohanside',1,'Libyan Arab Jamahiriya',45,'1990-06-20 06:12:57','2020-01-19 13:49:21'),(61,'1985-03-14','f','Koeppport',2,'Chad',18,'2009-04-14 12:06:30','2020-01-19 13:49:21'),(62,'1986-11-29','f','Lydatown',2,'Kenya',35,'2012-09-16 19:55:13','2020-01-19 13:49:21'),(63,'2004-11-23','m','Enolafort',1,'American Samoa',15,'1972-03-31 16:45:02','2020-01-19 13:49:21'),(64,'1978-10-16','f','Port Roberta',1,'El Salvador',51,'1998-08-11 11:07:19','2020-01-19 13:49:21'),(65,'2013-11-28','f','Wilfredmouth',1,'Saint Pierre and Miquelon',10,'1971-08-17 05:44:19','2020-01-19 13:49:21'),(66,'1996-11-27','f','Lake Karl',1,'United Kingdom',8,'1979-11-09 11:07:52','2020-01-19 13:49:21'),(67,'2004-10-03','m','Hayesberg',2,'Cocos (Keeling) Islands',15,'1992-01-08 09:12:47','2020-01-19 13:49:21'),(68,'2005-11-23','m','New Laurettaland',2,'Malta',1,'1997-03-09 05:06:04','2020-01-19 13:49:21'),(69,'1971-06-06','m','Erynhaven',1,'Thailand',50,'1983-02-21 18:00:52','2020-01-19 13:49:21'),(70,'2018-05-15','m','West Alexbury',1,'Heard Island and McDonald Islands',5,'2003-01-30 16:22:32','2020-01-19 13:49:21'),(71,'2004-08-02','f','Lake Myrtle',1,'Uruguay',43,'1992-02-26 00:53:32','2020-01-19 13:49:21'),(72,'2006-02-04','f','East Kurtside',1,'Finland',38,'2002-12-12 00:45:45','2020-01-19 13:49:21'),(73,'1980-04-25','m','Lake Mariamhaven',1,'Greece',78,'2018-05-29 07:05:39','2020-01-19 13:49:21'),(74,'1980-02-25','m','South Vickiemouth',1,'Iceland',56,'1996-08-28 17:11:27','2020-01-19 13:49:21'),(75,'2003-11-27','m','West Silasport',2,'Slovakia (Slovak Republic)',14,'1983-08-24 08:25:49','2020-01-19 13:49:21'),(76,'1991-12-28','f','Carolyneside',1,'Saint Kitts and Nevis',27,'2000-06-30 16:55:09','2020-01-19 13:49:21'),(77,'1985-08-10','f','Narcisomouth',2,'Iceland',8,'1992-07-14 06:34:55','2020-01-19 13:49:21'),(78,'1972-05-12','f','Schmittchester',1,'Costa Rica',46,'2007-09-19 20:51:24','2020-01-19 13:49:21'),(79,'2004-07-22','m','South Lexusside',1,'Burundi',54,'2008-02-22 13:55:43','2020-01-19 13:49:21'),(80,'1994-11-22','f','North Deontown',1,'Slovakia (Slovak Republic)',50,'2011-01-22 01:19:12','2020-01-19 13:49:21'),(81,'1986-02-20','m','East Adella',2,'Wallis and Futuna',27,'1971-02-19 23:01:42','2020-01-19 13:49:21'),(82,'2011-04-16','m','New Joelview',1,'Saint Helena',67,'2012-01-31 15:17:52','2020-01-19 13:49:21'),(83,'2000-01-07','m','Haleymouth',2,'Mauritius',1,'2002-03-12 07:34:31','2020-01-19 13:49:21'),(84,'1970-09-20','m','Lake Dulcechester',1,'Kiribati',39,'2000-05-08 16:46:08','2020-01-19 13:49:21'),(85,'1975-02-27','f','Cummeratatown',2,'Venezuela',37,'2006-07-11 08:46:25','2020-01-19 13:49:21'),(86,'1997-01-17','f','Rockyland',2,'Sweden',13,'1998-01-13 19:32:24','2020-01-19 13:49:21'),(87,'1991-01-29','f','New Katlynn',2,'Macao',23,'1974-05-10 07:54:37','2020-01-19 13:49:21'),(88,'2006-07-11','f','Madalynbury',1,'Switzerland',57,'2019-12-16 10:11:16','2020-01-19 13:49:21'),(89,'1985-11-30','f','East Jerad',2,'Norway',82,'1990-03-02 01:50:30','2020-01-19 13:49:21'),(90,'1991-08-06','f','South Werner',1,'Vanuatu',80,'1971-08-24 07:30:39','2020-01-19 13:49:21'),(91,'2018-03-23','m','Mariettahaven',1,'Zimbabwe',73,'2001-12-04 15:06:43','2020-01-19 13:49:21'),(92,'1972-02-23','f','Johnsonbury',2,'United Kingdom',35,'1998-07-04 04:47:24','2020-01-19 13:49:21'),(93,'1994-04-06','f','New Yasmeen',2,'Comoros',72,'1982-12-27 18:01:27','2020-01-19 13:49:21'),(94,'1981-04-03','m','South Laney',2,'French Polynesia',13,'1979-05-28 10:19:05','2020-01-19 13:49:21'),(95,'2001-05-28','f','Lake Adelia',2,'Burkina Faso',68,'2019-01-28 20:54:44','2020-01-19 13:49:21'),(96,'1970-10-12','m','East Parisshire',2,'United Kingdom',75,'2007-08-04 03:00:54','2020-01-19 13:49:21'),(97,'1989-05-27','f','Lubowitzchester',2,'Gambia',52,'1999-04-21 02:06:20','2020-01-19 13:49:21'),(98,'1991-10-16','m','North Annabellechester',2,'New Caledonia',50,'1974-07-19 13:43:28','2020-01-19 13:49:21'),(99,'1997-10-02','f','Napoleonside',2,'Martinique',86,'1971-07-17 20:41:08','2020-01-19 13:49:21'),(100,'1988-08-14','f','O\'Keefebury',1,'Tanzania',35,'2011-03-17 03:11:59','2020-01-19 13:49:21');
/*!40000 ALTER TABLE `profiles` ENABLE KEYS */;
UNLOCK TABLES;

--
-- Table structure for table `sex`
--

DROP TABLE IF EXISTS `sex`;
/*!40101 SET @saved_cs_client     = @@character_set_client */;
/*!50503 SET character_set_client = utf8mb4 */;
CREATE TABLE `sex` (
  `id` int(10) unsigned NOT NULL AUTO_INCREMENT,
  `name` varchar(10) DEFAULT NULL,
  PRIMARY KEY (`id`)
) ENGINE=InnoDB AUTO_INCREMENT=3 DEFAULT CHARSET=utf8mb4 COLLATE=utf8mb4_0900_ai_ci;
/*!40101 SET character_set_client = @saved_cs_client */;

--
-- Dumping data for table `sex`
--

LOCK TABLES `sex` WRITE;
/*!40000 ALTER TABLE `sex` DISABLE KEYS */;
INSERT INTO `sex` VALUES (1,'man'),(2,'woman');
/*!40000 ALTER TABLE `sex` ENABLE KEYS */;
UNLOCK TABLES;

--
-- Table structure for table `users`
--

DROP TABLE IF EXISTS `users`;
/*!40101 SET @saved_cs_client     = @@character_set_client */;
/*!50503 SET character_set_client = utf8mb4 */;
CREATE TABLE `users` (
  `id` int(10) unsigned NOT NULL AUTO_INCREMENT,
  `first_name` varchar(100) CHARACTER SET utf8 COLLATE utf8_unicode_ci NOT NULL,
  `last_name` varchar(100) CHARACTER SET utf8 COLLATE utf8_unicode_ci NOT NULL,
  `email` varchar(120) CHARACTER SET utf8 COLLATE utf8_unicode_ci NOT NULL,
  `phone` varchar(15) CHARACTER SET utf8 COLLATE utf8_unicode_ci NOT NULL,
  `password` varchar(15) CHARACTER SET utf8 COLLATE utf8_unicode_ci DEFAULT NULL,
  `created_at` datetime DEFAULT CURRENT_TIMESTAMP,
  `updated_at` datetime DEFAULT CURRENT_TIMESTAMP ON UPDATE CURRENT_TIMESTAMP,
  PRIMARY KEY (`id`),
  UNIQUE KEY `email` (`email`),
  UNIQUE KEY `phone` (`phone`)
) ENGINE=InnoDB AUTO_INCREMENT=101 DEFAULT CHARSET=utf8 COLLATE=utf8_unicode_ci;
/*!40101 SET character_set_client = @saved_cs_client */;

--
-- Dumping data for table `users`
--

LOCK TABLES `users` WRITE;
/*!40000 ALTER TABLE `users` DISABLE KEYS */;
INSERT INTO `users` VALUES (1,'Cecile','Herzog','plabadie@example.net','1-005-633-9634x','c6dca575fe8c001','2000-08-20 22:15:56','2000-08-20 22:15:56'),(2,'Florencio','Ullrich','vstokes@example.com','+11(4)910368015','a1f8472dcb10357','2014-04-15 02:15:08','2014-04-15 02:15:08'),(3,'Mozell','Schmeler','mcarroll@example.com','1-630-473-1534x','c7181d8165f48e1','1975-05-27 08:48:55','2002-06-28 22:28:48'),(4,'Shanon','Kessler','hlegros@example.net','(288)644-6008','7c30f0a842cbc8c','2011-05-12 19:31:59','2014-02-15 09:25:11'),(5,'Ollie','Smitham','queenie36@example.net','961-572-3293x12','681cae9267740f4','1992-11-04 03:15:42','2007-10-12 20:37:35'),(6,'Alicia','Corwin','pink03@example.net','253-734-6276x12','837212a34b293aa','1977-02-21 15:15:11','2010-09-19 03:28:11'),(7,'Beverly','Moore','blake53@example.org','1-774-791-2652x','eafb2892edd3dfe','2018-11-01 06:38:33','2018-11-01 06:38:33'),(8,'Everette','Feest','olaf.simonis@example.com','736.722.0337','3d20b43ed7e06d0','2013-01-11 14:56:11','2013-01-11 14:56:11'),(9,'Jazmyne','Kilback','bahringer.millie@example.org','(828)931-5742x1','bf7a072c3627da2','1990-01-26 16:01:18','1990-01-26 16:01:18'),(10,'Susana','Lueilwitz','israel.grady@example.com','+55(5)417020502','04b287a07d7f22f','2013-06-07 05:26:21','2013-06-07 05:26:21'),(11,'Ofelia','Nikolaus','angelo.daugherty@example.net','389.007.0252x91','c9f2f5aca7c5474','1982-01-26 11:23:37','1982-01-26 11:23:37'),(12,'Kaley','Hoeger','ekunze@example.com','01476105768','18680256d5439f8','1982-03-12 18:20:46','1982-03-12 18:20:46'),(13,'Roslyn','Halvorson','beahan.abelardo@example.org','1-731-970-7280','1b9929f1335d147','2003-09-07 17:34:42','2003-09-07 17:34:42'),(14,'Bettye','Rogahn','laurine.hodkiewicz@example.net','+19(5)757534502','1fe371d796d829f','1974-02-20 13:22:53','1986-12-20 09:27:59'),(15,'Nicole','Raynor','hbartell@example.com','1-865-293-7842','4522a07deb12091','2004-09-11 14:46:40','2004-09-11 14:46:40'),(16,'Maximilian','Buckridge','walsh.kiel@example.net','852-426-4827x55','54209afc5442e1a','2006-12-07 19:45:36','2006-12-07 19:45:36'),(17,'Christelle','Franecki','pheaney@example.org','859-293-1300','e92905ae5d0e45d','2008-06-07 17:02:25','2008-06-07 17:02:25'),(18,'Rahul','Thiel','boyer.roma@example.com','05332849834','b9bf659ffc222c8','2003-12-19 07:43:17','2004-03-03 15:34:41'),(19,'Leone','Jacobson','willa98@example.com','1-349-292-0617','01ad403105a44ff','2019-08-19 23:24:00','2019-08-19 23:24:00'),(20,'Viola','Rice','plegros@example.net','820-451-3223x43','11a5905063bd6f6','1997-09-14 08:07:43','1997-11-25 15:05:41'),(21,'Frances','Marquardt','kariane11@example.org','1-333-681-3801x','05a1eb523283ac4','1991-09-04 15:56:15','1991-09-04 15:56:15'),(22,'Lincoln','Maggio','gerda75@example.org','1-754-425-0750x','76d108fdc175901','1971-03-30 21:00:23','2003-09-03 06:06:54'),(23,'Kelvin','Mueller','ena97@example.net','(953)119-4086','985e32fe7deb0bb','1994-06-29 10:29:41','2003-07-31 10:19:56'),(24,'Camryn','Hegmann','sporer.reva@example.org','425.199.5255','72f1afb11a28c3a','1987-02-15 21:13:46','1994-09-24 05:00:32'),(25,'Lorenza','McGlynn','wiley.gutkowski@example.org','057.976.0283x82','fae4fe07a1c0ce7','1988-01-20 05:52:40','1995-03-03 17:17:29'),(26,'Raphael','Willms','effertz.friedrich@example.net','618.665.2689x17','6b2f13678714f34','1984-03-24 04:45:54','2016-08-24 12:12:02'),(27,'Addie','O\'Connell','madeline15@example.org','(954)342-1094','a7ef705a3cfaf38','1972-03-10 16:00:23','1973-03-14 06:07:48'),(28,'Tamia','Hartmann','blick.freda@example.com','1-881-111-6892x','8fbe85c5add4b78','1987-05-17 20:24:36','2008-08-22 02:30:00'),(29,'Tracy','Shields','malvina.morar@example.org','(345)138-4892x4','280e0193f34e2da','1973-01-06 18:55:31','1990-09-07 22:42:05'),(30,'Mellie','Barrows','johns.vickie@example.net','356.855.3977x58','187f43786b301dd','1993-07-07 01:58:08','1993-07-07 01:58:08'),(31,'Sharon','Beatty','ukutch@example.org','(973)657-4399x3','02a112641ba9a65','2000-08-09 10:10:23','2018-12-01 05:49:24'),(32,'Tania','Dibbert','afton.huels@example.com','1-000-725-8402x','4dc0f9ed9df3a8b','1978-07-07 07:38:19','2014-03-03 14:20:25'),(33,'Dewayne','Hagenes','ayden.windler@example.net','593.972.3360x84','6f7f9456ad54f05','2008-03-07 22:56:57','2008-03-07 22:56:57'),(34,'Vada','Daniel','kristopher.o\'hara@example.net','1-083-670-1195x','6544e6010ac0307','2014-06-13 03:18:59','2014-06-13 03:18:59'),(35,'Miguel','Rosenbaum','dedric.hauck@example.net','780.858.6280x61','9fdf52cec9c5151','2017-11-19 11:14:43','2018-06-30 20:39:19'),(36,'Maxwell','Johns','annabelle11@example.com','1-154-644-1506x','277b8ace9b97234','2015-06-13 16:30:09','2015-06-13 16:30:09'),(37,'Heather','Labadie','frances25@example.com','657.467.2751x31','b5a815480531edd','1990-03-16 14:24:33','1995-04-08 16:21:01'),(38,'Meggie','Schowalter','dan.rowe@example.org','(729)821-1080x2','396737a0558f570','1997-07-30 07:30:37','2016-08-13 10:01:05'),(39,'Marcia','Schmitt','feil.jaida@example.com','105-975-8267x66','cf543806a8d11c6','1975-05-30 15:46:22','2016-11-08 23:23:11'),(40,'Hilton','Roberts','rosendo.wilkinson@example.net','515.953.3858','823ed49ed37c2a9','2014-07-15 07:00:14','2014-07-15 07:00:14'),(41,'Mary','Smith','rippin.hadley@example.org','+44(1)077249418','357a44f17e1105f','2013-04-19 05:16:35','2019-08-16 09:08:53'),(42,'Ezequiel','Hamill','beier.sonny@example.net','1-363-346-1961x','f43fabdfa1291a6','1971-05-28 08:25:13','2018-08-05 03:31:56'),(43,'Lisa','Roob','jbode@example.org','(201)476-1532','6cc2450448fce86','1973-07-07 22:02:05','2004-10-22 21:02:17'),(44,'Patience','Hilpert','koss.leora@example.org','08421746624','aea24ad735c2549','2010-07-17 07:38:20','2010-07-17 07:38:20'),(45,'Amina','Corkery','colleen.huel@example.com','178-687-0584','95e2ab703972abb','2018-11-04 02:46:34','2018-11-04 02:46:34'),(46,'Vida','Thompson','jacobson.oleta@example.com','456.048.0240x80','a7887d1f3c06a5c','2014-04-01 14:11:14','2014-04-01 14:11:14'),(47,'Kenyon','Bernier','udonnelly@example.org','(556)324-0585x0','38fdfce2b243748','1987-01-30 17:41:35','2013-06-04 04:25:43'),(48,'Rocio','Hackett','kathleen.lindgren@example.com','293.353.5257','93f4d0b82afe6c2','1983-12-31 17:12:49','2008-10-05 12:41:24'),(49,'Antonette','Barrows','d\'amore.mose@example.org','686.709.1630','ae8ae1457fc19a0','1998-09-25 07:25:52','1998-09-25 07:25:52'),(50,'Freda','Maggio','swalker@example.net','+83(5)614591507','c32d8af7f655b83','1991-05-27 03:34:13','2015-05-28 17:40:33'),(51,'Humberto','Jast','estrella86@example.net','1-156-856-2826','71306311b7cadac','1999-01-04 05:14:39','1999-01-04 05:14:39'),(52,'Alvera','Borer','christop.funk@example.org','1-010-298-7705x','ff624672925fd59','1975-09-06 16:14:49','1993-05-30 12:36:11'),(53,'Thelma','Kohler','bnikolaus@example.net','(189)149-1564x0','b0e4d9a28b4e9a5','1998-04-05 12:40:58','1998-04-05 12:40:58'),(54,'Manley','Dicki','corkery.calista@example.com','09835510629','b4614ab8784abac','1975-05-03 03:57:36','1984-01-18 12:55:02'),(55,'Brianne','Prohaska','gcartwright@example.net','(727)037-5992','3f7357d43f0f00f','2013-12-07 08:04:26','2013-12-07 08:04:26'),(56,'Tristian','Streich','hillard.hilpert@example.com','04336346752','7b711cbfdfbd944','1970-08-21 07:14:35','2005-04-14 01:16:32'),(57,'Catharine','Weber','jacky.sporer@example.org','958-184-4614x43','640d9182ad20db3','2002-11-02 07:33:05','2002-11-02 07:33:05'),(58,'Myra','Wintheiser','allen.lubowitz@example.net','(244)035-0747x9','b0259dc750c51da','2006-08-29 05:56:31','2006-08-29 05:56:31'),(59,'Wava','Hermann','rogers.weber@example.com','596-666-8695x58','75481f0f301e6e3','1999-01-10 00:17:50','1999-01-10 00:17:50'),(60,'Ernestina','Walter','llewellyn55@example.org','198.733.3219x07','43a0a1a37dcd41e','2004-08-19 11:28:34','2009-04-26 14:08:19'),(61,'Miller','Quitzon','lorenz.johns@example.net','148.512.3257x00','47fb0051d62b066','2000-10-05 07:49:27','2019-11-24 19:08:50'),(62,'Easton','Zboncak','robert.hoeger@example.net','(908)299-5602x6','6c4d804c344e29e','2002-06-13 17:39:18','2002-06-13 17:39:18'),(63,'Gabriel','Klein','arvel99@example.net','359-466-9325x27','78906d027563f2d','1996-06-25 16:02:39','1996-06-25 16:02:39'),(64,'Reilly','Heaney','sbreitenberg@example.com','+69(0)938249017','2934cca5abaf7bd','1978-04-18 10:53:36','1978-04-18 10:53:36'),(65,'Angel','Smitham','rempel.willow@example.net','1-693-535-1391x','a9274d9d2f925c3','2015-02-20 11:32:37','2015-02-20 11:32:37'),(66,'Crystal','Bashirian','emmanuel.yost@example.net','1-404-720-8140','b4c897c8a4b7d75','2017-03-22 22:29:58','2017-03-22 22:29:58'),(67,'Chelsie','Mohr','orosenbaum@example.com','1-413-760-1383','a0b07e017b2a174','2000-05-10 12:37:43','2005-12-26 17:46:15'),(68,'Khalil','Bernier','una.stoltenberg@example.org','953-378-4824','870afb74d2cc159','1989-06-23 03:40:34','2002-12-26 13:53:09'),(69,'Jailyn','Jenkins','proberts@example.net','527-568-2657x80','291a3ef86b82c17','1970-05-08 08:36:41','1988-03-14 18:08:00'),(70,'Obie','Torphy','alberto86@example.org','1-696-378-9138x','28d04a84438e6e0','1985-03-06 14:22:06','1985-03-06 14:22:06'),(71,'Rosemarie','Bartoletti','whitney.stiedemann@example.com','742-406-5815x95','3b377ee6d9586c5','1971-06-26 20:27:04','1981-11-02 13:59:11'),(72,'Jaqueline','Ziemann','bernardo82@example.com','910.682.0669x26','ff9d334f72287d5','1980-01-03 15:37:52','2008-03-05 11:47:47'),(73,'Kylie','Shanahan','lexi01@example.org','743.999.0368x32','c276ebc9858bb4e','2012-04-09 03:58:50','2012-04-09 03:58:50'),(74,'Jarod','Wyman','abbigail11@example.net','+84(1)851903095','1bbdc31de44ca39','1977-02-06 00:42:01','1991-12-13 20:55:32'),(75,'Alvina','Wiza','carlee07@example.org','836-571-4116','6ea3dd011eb1aaa','1986-06-16 12:18:49','1993-07-15 17:03:07'),(76,'Murray','Haag','rath.mya@example.org','702.626.1320x05','8a2fd723f9819a9','1993-07-06 00:56:56','2018-09-23 16:16:42'),(77,'Jaren','Howe','reagan71@example.com','(200)502-7371x7','83683087ad2fcf6','2018-11-08 13:14:22','2018-11-08 13:14:22'),(78,'Micah','Leffler','daron.mertz@example.com','630-508-4788x19','ed9e7f0d25de6c7','1970-10-30 18:51:24','2018-10-04 23:44:14'),(79,'Nickolas','Dietrich','freilly@example.net','(424)839-3225x1','4873d652ca69037','2012-01-24 18:02:40','2012-01-24 18:02:40'),(80,'Laurel','Morar','rath.ramon@example.net','193-989-5435x24','eb3d28f7890130d','1982-11-27 09:07:10','2011-09-18 07:10:37'),(81,'Ralph','Torp','oortiz@example.org','1-194-978-0646','c469443d05f44fc','1989-12-03 19:31:10','2017-02-24 20:59:16'),(82,'Leland','Keeling','hcrooks@example.com','003.271.6724x99','b33250130c18b11','1998-06-05 05:19:40','2001-04-23 22:21:34'),(83,'Brenna','Weissnat','wava.reichert@example.net','539.883.1677x99','8a8d80aaab5872d','2012-10-14 05:18:29','2012-10-14 05:18:29'),(84,'Skyla','Murazik','lakin.lambert@example.net','05851070085','225cd1e9e1c9c56','1996-05-07 19:16:19','1997-09-24 17:30:04'),(85,'Giovanny','Gleichner','aurelie37@example.com','(166)359-7291x5','2394e7454257e93','2015-09-17 17:50:36','2015-09-17 17:50:36'),(86,'Pedro','Schamberger','twilliamson@example.org','520-438-8389x67','a7519fa4bc2438a','2014-10-25 19:33:55','2014-10-25 19:33:55'),(87,'Gino','Kutch','rmills@example.net','(732)751-9713','67ac59051c6b28f','2015-09-13 16:27:17','2015-09-13 16:27:17'),(88,'Mariana','Adams','leon82@example.org','935-274-8180x57','98d8f9e98c669e6','1985-12-24 20:11:41','1988-03-13 13:37:04'),(89,'Reece','Hettinger','thad.kertzmann@example.com','08322739352','cb8fe736567a930','1978-01-24 23:03:05','1978-01-24 23:03:05'),(90,'Bertha','Balistreri','nadia59@example.com','1-140-593-1941x','ce4c1fc3323e2a2','1991-04-17 12:31:46','2015-05-05 02:34:28'),(91,'Marina','Stehr','mzieme@example.org','(813)484-7855','9220fa6b425f2a0','2017-07-19 06:36:43','2017-07-19 06:36:43'),(92,'Johathan','Hayes','derrick52@example.com','431-504-4213x14','daf858c99fceb6a','1972-07-07 17:04:48','1996-07-20 15:40:58'),(93,'Carlie','Ledner','cullen.borer@example.com','1-160-278-5069x','4119939074d6558','2008-07-25 23:27:43','2019-03-03 05:42:55'),(94,'Modesta','Lubowitz','lucio40@example.org','+12(7)106383323','555a76efafc7371','1983-01-05 10:01:28','1996-12-10 07:29:47'),(95,'Santa','Predovic','triston.brekke@example.com','1-167-923-2917x','631fec82c207474','1984-05-07 06:30:20','1988-07-11 17:28:40'),(96,'Ladarius','Lockman','gbarton@example.com','(147)155-4052x6','5c689ecce6c1dc5','1988-02-20 21:01:25','2015-03-11 17:08:43'),(97,'Dustin','Swaniawski','jarret46@example.net','1-255-285-1086x','2c418c0872e5f43','1991-11-16 02:23:14','2002-03-17 16:32:55'),(98,'Danny','Schroeder','angelina41@example.org','1-589-574-9077x','f47e783ab24075e','2006-03-01 07:06:14','2006-03-01 07:06:14'),(99,'Evalyn','Wisoky','swuckert@example.org','582.587.4953x22','9bcc0e0b63896ea','1992-08-05 01:23:37','2006-09-12 05:12:20'),(100,'Elinore','McLaughlin','xhilpert@example.com','(105)556-1064','934490ac1adec1a','1988-02-08 15:59:14','1993-03-08 11:51:10');
/*!40000 ALTER TABLE `users` ENABLE KEYS */;
UNLOCK TABLES;
/*!40103 SET TIME_ZONE=@OLD_TIME_ZONE */;

/*!40101 SET SQL_MODE=@OLD_SQL_MODE */;
/*!40014 SET FOREIGN_KEY_CHECKS=@OLD_FOREIGN_KEY_CHECKS */;
/*!40014 SET UNIQUE_CHECKS=@OLD_UNIQUE_CHECKS */;
/*!40101 SET CHARACTER_SET_CLIENT=@OLD_CHARACTER_SET_CLIENT */;
/*!40101 SET CHARACTER_SET_RESULTS=@OLD_CHARACTER_SET_RESULTS */;
/*!40101 SET COLLATION_CONNECTION=@OLD_COLLATION_CONNECTION */;
/*!40111 SET SQL_NOTES=@OLD_SQL_NOTES */;

-- Dump completed on 2020-01-19 14:03:38
